"Nom","Regime juridique","Site internet","Nombre de réunions annuelles","Député","Rôle","Nomination"
"Commission d'examen des pratiques commerciales","Article L. 440-1 du code de commerce","https://www.economie.gouv.fr/cepc","6","Mme Annick Le Loch","Membre titulaire","2015-07-03"
"Commission d'examen des pratiques commerciales","Article L. 440-1 du code de commerce","https://www.economie.gouv.fr/cepc","6","M. Benoit Potterie","Membre titulaire","2017-09-15"
"Commission d'examen des pratiques commerciales","Article L. 440-1 du code de commerce","https://www.economie.gouv.fr/cepc","6","M. Joseph Parrenin","Membre titulaire","2002-02-07"
"Commission d'examen des pratiques commerciales","Article L. 440-1 du code de commerce","https://www.economie.gouv.fr/cepc","6","M. Razzy Hammadi","Membre titulaire","2012-07-17"
"Commission d'examen des pratiques commerciales","Article L. 440-1 du code de commerce","https://www.economie.gouv.fr/cepc","6","M. Hervé de Lépinau","Membre titulaire","2024-09-24"
"Commission d'examen des pratiques commerciales","Article L. 440-1 du code de commerce","https://www.economie.gouv.fr/cepc","6","M. Jean-Paul Charié","Membre titulaire","2007-08-01"
"Commission d'examen des pratiques commerciales","Article L. 440-1 du code de commerce","https://www.economie.gouv.fr/cepc","6","Mme Annaïg Le Meur","Membre titulaire","2022-08-03"
"Commission d'examen des pratiques commerciales","Article L. 440-1 du code de commerce","https://www.economie.gouv.fr/cepc","6","M. Jean-Paul Charié","Membre titulaire","2002-08-01"
"Commission d'examen des pratiques commerciales","Article L. 440-1 du code de commerce","https://www.economie.gouv.fr/cepc","6","Mme Catherine Vautrin","Membre titulaire","2009-12-01"
"Conseil d'administration de l'agence régionale de santé",,,"0","M. Paul-André Colombani","Membre titulaire","2024-02-28"
"Conseil d'administration de l'agence régionale de santé",,,"0","Mme Christine Loir","Membre titulaire","2024-02-28"
"Conseil d'administration de l'agence régionale de santé",,,"0","M. Yannick Neuder","Membre titulaire","2024-02-28"
"Conseil d'administration de l'agence régionale de santé",,,"0","M. François Gernigon","Membre titulaire","2024-02-28"
"Conseil d'administration de l'agence régionale de santé",,,"0","M. Christophe Bentz","Membre titulaire","2024-02-28"
"Conseil d'administration de l'agence régionale de santé",,,"0","M. Jean-Philippe Nilor","Membre titulaire","2024-02-28"
"Conseil d'administration de l'agence régionale de santé",,,"0","Mme Laure Lavalette","Membre titulaire","2024-02-28"
"Conseil d'administration de l'agence régionale de santé",,,"0","M. Mansour Kamardine","Membre titulaire","2024-02-28"
"Conseil d'administration de l'agence régionale de santé",,,"0","M. Didier Martin","Membre titulaire","2024-02-28"
"Conseil d'administration de l'agence régionale de santé",,,"0","M. Jean-François Rousset","Membre titulaire","2024-02-28"
"Conseil d'administration de l'agence régionale de santé",,,"0","M. Sébastien Peytavie","Membre titulaire","2024-02-28"
"Conseil d'administration de l'agence régionale de santé",,,"0","Mme Christine Le Nabour","Membre titulaire","2024-02-28"
"Conseil d'administration de l'agence régionale de santé",,,"0","Mme Stéphanie Rist","Membre titulaire","2024-02-28"
"Conseil d'administration de l'agence régionale de santé",,,"0","M. Elie Califer","Membre titulaire","2024-02-28"
"Conseil d'administration de l'agence régionale de santé",,,"0","Mme Charlotte Parmentier-Lecocq","Membre titulaire","2024-02-28"
"Conseil d'administration de l'agence régionale de santé",,,"0","M. Jean-Victor Castor","Membre titulaire","2024-02-28"
"Conseil d'administration de l'agence régionale de santé",,,"0","M. Jean-Hugues Ratenon","Membre titulaire","2024-02-28"
"Conseil d'administration de l'agence régionale de santé",,,"0","Mme Anne Bergantz","Membre titulaire","2024-02-28"
"Commission nationale chargée de l'examen du respect des obligations de réalisation de logements sociaux","Article L. 302-9-1-1 du code de la construction et de l’habitation",,"0","M. Vincent Jeanbrun","Membre titulaire","2024-11-06"
"Commission nationale chargée de l'examen du respect des obligations de réalisation de logements sociaux","Article L. 302-9-1-1 du code de la construction et de l’habitation",,"0","M. Robin Reda","Membre titulaire","2020-09-16"
"Commission nationale chargée de l'examen du respect des obligations de réalisation de logements sociaux","Article L. 302-9-1-1 du code de la construction et de l’habitation",,"0","M. Gérard Hamel","Membre titulaire","2008-07-30"
"Commission nationale chargée de l'examen du respect des obligations de réalisation de logements sociaux","Article L. 302-9-1-1 du code de la construction et de l’habitation",,"0","M. Alexandre Vincendet","Membre titulaire","2022-10-21"
"Commission nationale chargée de l'examen du respect des obligations de réalisation de logements sociaux","Article L. 302-9-1-1 du code de la construction et de l’habitation",,"0","M. Robin Reda","Membre titulaire","2017-09-13"
"Commission nationale chargée de l'examen du respect des obligations de réalisation de logements sociaux","Article L. 302-9-1-1 du code de la construction et de l’habitation",,"0","M. Benoist Apparu","Membre titulaire","2012-10-04"
"Commission nationale chargée de l'examen du respect des obligations de réalisation de logements sociaux","Article L. 302-9-1-1 du code de la construction et de l’habitation",,"0","Mme Anaïs Belouassa-Cherifi","Membre titulaire","2024-11-06"
"Commission nationale chargée de l'examen du respect des obligations de réalisation de logements sociaux","Article L. 302-9-1-1 du code de la construction et de l’habitation",,"0","Mme Michèle Peyron","Membre titulaire","2020-09-16"
"Commission nationale chargée de l'examen du respect des obligations de réalisation de logements sociaux","Article L. 302-9-1-1 du code de la construction et de l’habitation",,"0","M. Jean-Yves Le Bouillonnec","Membre titulaire","2008-07-30"
"Commission nationale chargée de l'examen du respect des obligations de réalisation de logements sociaux","Article L. 302-9-1-1 du code de la construction et de l’habitation",,"0","Mme Danielle Simonnet","Membre titulaire","2022-10-21"
"Commission nationale chargée de l'examen du respect des obligations de réalisation de logements sociaux","Article L. 302-9-1-1 du code de la construction et de l’habitation",,"0","Mme Michèle Peyron","Membre titulaire","2017-09-13"
"Commission nationale chargée de l'examen du respect des obligations de réalisation de logements sociaux","Article L. 302-9-1-1 du code de la construction et de l’habitation",,"0","M. Mathieu Hanotin","Membre titulaire","2012-10-04"
"Conseil d'administration de l'Office français de la biodiversité","Article L. 131-10 du code de l’environnement",,"0","Mme Barbara Pompili","Membre titulaire","2019-12-20"
"Conseil d'administration de l'Office français de la biodiversité","Article L. 131-10 du code de l’environnement",,"0","M. Joseph Rivière","Membre titulaire","2024-11-06"
"Conseil d'administration de l'Office français de la biodiversité","Article L. 131-10 du code de l’environnement",,"0","M. Bruno Millienne","Membre suppléant","2019-12-20"
"Conseil d'administration de l'Office français de la biodiversité","Article L. 131-10 du code de l’environnement",,"0","M. Bruno Millienne","Membre suppléant","2023-03-28"
"Conseil d'administration de l'Office français de la biodiversité","Article L. 131-10 du code de l’environnement",,"0","M. Marc Fesneau","Membre suppléant","2024-11-06"
"Conseil d'administration de l'Office français de la biodiversité","Article L. 131-10 du code de l’environnement",,"0","Mme Danielle Brulebois","Membre titulaire","2024-03-07"
"Conseil d'administration de l'Office français de la biodiversité","Article L. 131-10 du code de l’environnement",,"0","Mme Barbara Pompili","Membre titulaire","2022-10-21"
"Conseil d'administration de l'Office français de la biodiversité","Article L. 131-10 du code de l’environnement",,"0","Mme Laurence Maillart-Méhaignerie","Membre titulaire","2020-10-21"
"Conseil d'administration de l'Office français de la biodiversité","Article L. 131-10 du code de l’environnement",,"0","M. David Lorion","Membre titulaire","2019-12-20"
"Conseil d'administration de l'Office français de la biodiversité","Article L. 131-10 du code de l’environnement",,"0","Mme Aurore Bergé","Membre titulaire","2024-11-06"
"Conseil d'administration de l'Office français de la biodiversité","Article L. 131-10 du code de l’environnement",,"0","Mme Maina Sage","Membre suppléante","2019-12-20"
"Conseil d'administration de l'Office français de la biodiversité","Article L. 131-10 du code de l’environnement",,"0","Mme Chantal Jourdan","Membre suppléante","2023-03-28"
"Conseil d'administration de l'Office français de la biodiversité","Article L. 131-10 du code de l’environnement",,"0","Mme Nicole Sanquer","Membre suppléante","2024-11-06"
"Conseil d'administration de l'Office français de la biodiversité","Article L. 131-10 du code de l’environnement",,"0","Mme Laurence Heydel Grillere","Membre titulaire","2023-11-30"
"Conseil d'administration de l'Office français de la biodiversité","Article L. 131-10 du code de l’environnement",,"0","M. Perceval Gaillard","Membre titulaire","2022-10-21"
"Conseil national de l'économie sociale et solidaire","Article 4 de la loi n° 2014-856 du 31 juillet 2014","http://www.esspace.fr/csess.html","64","M. Yves Blein","Membre titulaire","2017-09-20"
"Conseil national de l'économie sociale et solidaire","Article 4 de la loi n° 2014-856 du 31 juillet 2014","http://www.esspace.fr/csess.html","64","Mme Muriel Ressiguier","Membre suppléante","2017-09-20"
"Conseil national de l'économie sociale et solidaire","Article 4 de la loi n° 2014-856 du 31 juillet 2014","http://www.esspace.fr/csess.html","64","M. Gérard Leseul","Membre titulaire","2022-10-21"
"Conseil national de l'économie sociale et solidaire","Article 4 de la loi n° 2014-856 du 31 juillet 2014","http://www.esspace.fr/csess.html","64","Mme Valérie Rossi","Membre titulaire","2024-11-06"
"Conférence de la ruralité","Articles 1er de la loi n° 2005-157 du 23 février 2005 et 1er du décret n° 2005-1424 du 17 novembre 2005",,"0","M. Nicolas Forissier","Membre titulaire","2011-01-14"
"Conférence de la ruralité","Articles 1er de la loi n° 2005-157 du 23 février 2005 et 1er du décret n° 2005-1424 du 17 novembre 2005",,"0","M. Philippe Huppé","Membre titulaire","2017-11-21"
"Conférence de la ruralité","Articles 1er de la loi n° 2005-157 du 23 février 2005 et 1er du décret n° 2005-1424 du 17 novembre 2005",,"0","M. Jean-Luc Warsmann","Membre titulaire","2011-01-14"
"Conférence de la ruralité","Articles 1er de la loi n° 2005-157 du 23 février 2005 et 1er du décret n° 2005-1424 du 17 novembre 2005",,"0","M. Jean-Luc Warsmann","Membre titulaire","2006-02-14"
"Conférence de la ruralité","Articles 1er de la loi n° 2005-157 du 23 février 2005 et 1er du décret n° 2005-1424 du 17 novembre 2005",,"0","Mme Carole Delga","Membre titulaire","2012-10-04"
"Conférence de la ruralité","Articles 1er de la loi n° 2005-157 du 23 février 2005 et 1er du décret n° 2005-1424 du 17 novembre 2005",,"0","M. Yves Coussain","Membre titulaire","2006-02-14"
"Conférence de la ruralité","Articles 1er de la loi n° 2005-157 du 23 février 2005 et 1er du décret n° 2005-1424 du 17 novembre 2005",,"0","M. Dominique Potier","Membre titulaire","2012-10-04"
"Conférence de la ruralité","Articles 1er de la loi n° 2005-157 du 23 février 2005 et 1er du décret n° 2005-1424 du 17 novembre 2005",,"0","M. Alain Calmette","Membre titulaire","2015-06-18"
"Conférence de la ruralité","Articles 1er de la loi n° 2005-157 du 23 février 2005 et 1er du décret n° 2005-1424 du 17 novembre 2005",,"0","M. Nicolas Forissier","Membre titulaire","2007-08-01"
"Conférence de la ruralité","Articles 1er de la loi n° 2005-157 du 23 février 2005 et 1er du décret n° 2005-1424 du 17 novembre 2005",,"0","M. Jean-Luc Warsmann","Membre titulaire","2007-08-01"
"Conférence de la ruralité","Articles 1er de la loi n° 2005-157 du 23 février 2005 et 1er du décret n° 2005-1424 du 17 novembre 2005",,"0","Mme Géraldine Bannier","Membre titulaire","2017-11-21"
"Conférence de la ruralité","Articles 1er de la loi n° 2005-157 du 23 février 2005 et 1er du décret n° 2005-1424 du 17 novembre 2005",,"0","M. Jean Launay","Membre titulaire","2011-01-14"
"Conférence de la ruralité","Articles 1er de la loi n° 2005-157 du 23 février 2005 et 1er du décret n° 2005-1424 du 17 novembre 2005",,"0","Mme Isabelle Valentin","Membre titulaire","2017-11-21"
"Conférence de la ruralité","Articles 1er de la loi n° 2005-157 du 23 février 2005 et 1er du décret n° 2005-1424 du 17 novembre 2005",,"0","M. Pierre Morel-À-L'Huissier","Membre titulaire","2012-10-04"
"Conférence de la ruralité","Articles 1er de la loi n° 2005-157 du 23 février 2005 et 1er du décret n° 2005-1424 du 17 novembre 2005",,"0","M. Jean Launay","Membre titulaire","2006-02-14"
"Conférence de la ruralité","Articles 1er de la loi n° 2005-157 du 23 février 2005 et 1er du décret n° 2005-1424 du 17 novembre 2005",,"0","M. Jean Launay","Membre titulaire","2007-08-01"
"Haut Conseil de la famille, de l'enfance et de l'âge – Famille","Article L. 142-1 du code de l'action sociale et des familles","http://www.hcfea.fr/","1","M. Thibault Bazin","Membre titulaire","2024-11-06"
"Haut Conseil de la famille, de l'enfance et de l'âge – Famille","Article L. 142-1 du code de l'action sociale et des familles","http://www.hcfea.fr/","1","Mme Annie Vidal","Membre titulaire","2017-10-16"
"Haut Conseil de la famille, de l'enfance et de l'âge – Famille","Article L. 142-1 du code de l'action sociale et des familles","http://www.hcfea.fr/","1","Mme Michèle Peyron","Membre titulaire","2022-10-21"
"Comité stratégique auprès du conseil de surveillance de la société du Grand Paris","Article 8 de la loi n° 2010-597 du 3 juin 2010","https://www.societedugrandparis.fr/sgp/identite-et-organisation",,"M. Jean-François Lamour","Membre titulaire","2011-12-01"
"Comité stratégique auprès du conseil de surveillance de la société du Grand Paris","Article 8 de la loi n° 2010-597 du 3 juin 2010","https://www.societedugrandparis.fr/sgp/identite-et-organisation",,"M. Pacôme Rupin","Membre titulaire","2017-10-25"
"Comité stratégique auprès du conseil de surveillance de la société du Grand Paris","Article 8 de la loi n° 2010-597 du 3 juin 2010","https://www.societedugrandparis.fr/sgp/identite-et-organisation",,"M. Mathieu Lefèvre","Membre titulaire","2022-10-21"
"Comité stratégique auprès du conseil de surveillance de la société du Grand Paris","Article 8 de la loi n° 2010-597 du 3 juin 2010","https://www.societedugrandparis.fr/sgp/identite-et-organisation",,"Mme Nathalie Da Conceicao Carvalho","Membre titulaire","2024-11-06"
"Comité stratégique auprès du conseil de surveillance de la société du Grand Paris","Article 8 de la loi n° 2010-597 du 3 juin 2010","https://www.societedugrandparis.fr/sgp/identite-et-organisation",,"M. Pascal Popelin","Membre titulaire","2012-09-28"
"Comité stratégique auprès du conseil de surveillance de la société du Grand Paris","Article 8 de la loi n° 2010-597 du 3 juin 2010","https://www.societedugrandparis.fr/sgp/identite-et-organisation",,"M. Yanick Paternotte","Membre titulaire","2011-12-01"
"Comité stratégique auprès du conseil de surveillance de la société du Grand Paris","Article 8 de la loi n° 2010-597 du 3 juin 2010","https://www.societedugrandparis.fr/sgp/identite-et-organisation",,"M. Gilles Carrez","Membre titulaire","2017-10-25"
"Comité stratégique auprès du conseil de surveillance de la société du Grand Paris","Article 8 de la loi n° 2010-597 du 3 juin 2010","https://www.societedugrandparis.fr/sgp/identite-et-organisation",,"Mme Maud Gatel","Membre titulaire","2022-10-21"
"Comité stratégique auprès du conseil de surveillance de la société du Grand Paris","Article 8 de la loi n° 2010-597 du 3 juin 2010","https://www.societedugrandparis.fr/sgp/identite-et-organisation",,"M. Mathieu Lefèvre","Membre titulaire","2024-11-06"
"Comité stratégique auprès du conseil de surveillance de la société du Grand Paris","Article 8 de la loi n° 2010-597 du 3 juin 2010","https://www.societedugrandparis.fr/sgp/identite-et-organisation",,"M. Sébastien Pietrasanta","Membre titulaire","2012-09-28"
"Conseil national du tourisme","Article D. 122-7 du code du tourisme",,"0","M. Bernard Perrut","Membre titulaire","2007-08-01"
"Conseil national du tourisme","Article D. 122-7 du code du tourisme",,"0","M. Joël Giraud","Membre titulaire","2012-09-03"
"Conseil national du tourisme","Article D. 122-7 du code du tourisme",,"0","M. Stéphane Alaize","Membre titulaire","1997-10-01"
"Conseil national du tourisme","Article D. 122-7 du code du tourisme",,"0","M. Daniel Fasquelle","Membre titulaire","2012-01-31"
"Conseil national du tourisme","Article D. 122-7 du code du tourisme",,"0","Mme Louise Moreau","Membre titulaire","1986-06-04"
"Conseil national du tourisme","Article D. 122-7 du code du tourisme",,"0","M. Jean-Michel Couve","Membre titulaire","2010-04-26"
"Conseil national du tourisme","Article D. 122-7 du code du tourisme",,"0","M. Alain Barrau","Membre titulaire","1989-05-14"
"Conseil national du tourisme","Article D. 122-7 du code du tourisme",,"0","M. Jean-Sébastien Vialatte","Membre titulaire","2007-08-01"
"Conseil national du tourisme","Article D. 122-7 du code du tourisme",,"0","Mme Edith Gueugneau","Membre titulaire","2012-09-03"
"Conseil national du tourisme","Article D. 122-7 du code du tourisme",,"0","M. Alain Suguenot","Membre titulaire","2012-01-31"
"Conseil national du tourisme","Article D. 122-7 du code du tourisme",,"0","M. Yvon Montané","Membre titulaire","1998-05-18"
"Conseil national du tourisme","Article D. 122-7 du code du tourisme",,"0","M. Alain Barrau","Membre titulaire","1992-06-12"
"Conseil national du tourisme","Article D. 122-7 du code du tourisme",,"0","M. Alain Suguenot","Membre titulaire","2002-08-01"
"Conseil national du tourisme","Article D. 122-7 du code du tourisme",,"0","M. Michel Suchod","Membre titulaire","1997-10-01"
"Conseil national du tourisme","Article D. 122-7 du code du tourisme",,"0","M. Jacques Bascou","Membre titulaire","2002-08-01"
"Conseil national du tourisme","Article D. 122-7 du code du tourisme",,"0","M. Bernard Perrut","Membre titulaire","2002-08-01"
"Conseil national du tourisme","Article D. 122-7 du code du tourisme",,"0","M. Didier Migaud","Membre titulaire","1992-06-12"
"Conseil national du tourisme","Article D. 122-7 du code du tourisme",,"0","M. Didier Migaud","Membre titulaire","1988-11-30"
"Conseil national du tourisme","Article D. 122-7 du code du tourisme",,"0","M. Henri Bertholet","Membre titulaire","1998-04-09"
"Conseil national du tourisme","Article D. 122-7 du code du tourisme",,"0","M. Jean-Pierre Grand","Membre titulaire","2002-08-01"
"Conseil national du tourisme","Article D. 122-7 du code du tourisme",,"0","M. Henri Nayrou","Membre suppléant","2002-08-01"
"Conseil national du tourisme","Article D. 122-7 du code du tourisme",,"0","M. Alain Néri","Membre titulaire","2000-10-12"
"Conseil national du tourisme","Article D. 122-7 du code du tourisme",,"0","Mme Nicole Péry","Membre titulaire","1997-10-01"
"Conseil national du tourisme","Article D. 122-7 du code du tourisme",,"0","M. André Capet","Membre titulaire","2000-10-12"
"Conseil national du tourisme","Article D. 122-7 du code du tourisme",,"0","Mme Manuéla Kéclard-Mondésir","Membre titulaire","2018-06-29"
"Conseil national du tourisme","Article D. 122-7 du code du tourisme",,"0","M. Christian Cuvilliez","Membre suppléant","2000-10-12"
"Conseil national du tourisme","Article D. 122-7 du code du tourisme",,"0","M. Léonce Deprez","Membre titulaire","2000-10-12"
"Conseil national du tourisme","Article D. 122-7 du code du tourisme",,"0","M. Jean-Michel Couve","Membre titulaire","2000-10-12"
"Conseil national du tourisme","Article D. 122-7 du code du tourisme",,"0","M. Luc Carvounas","Membre titulaire","2017-11-21"
"Conseil national du tourisme","Article D. 122-7 du code du tourisme",,"0","M. Jean Beaufils","Membre titulaire","1988-11-28"
"Conseil national du tourisme","Article D. 122-7 du code du tourisme",,"0","Mme Émilie Bonnivard","Membre titulaire","2017-11-21"
"Conseil national du tourisme","Article D. 122-7 du code du tourisme",,"0","M. Jean Proriol","Membre titulaire","2000-10-12"
"Conseil national du tourisme","Article D. 122-7 du code du tourisme",,"0","M. Fabien Lainé","Membre titulaire","2017-11-21"
"Conseil national du tourisme","Article D. 122-7 du code du tourisme",,"0","Mme Arlette Franco","Membre titulaire","2007-08-01"
"Conseil national du tourisme","Article D. 122-7 du code du tourisme",,"0","M. Daniel Fasquelle","Membre titulaire","2012-09-03"
"Conseil national du tourisme","Article D. 122-7 du code du tourisme",,"0","M. Léonce Deprez","Membre titulaire","1997-10-01"
"Conseil national du tourisme","Article D. 122-7 du code du tourisme",,"0","M. Jean-Paul Dupré","Membre titulaire","1997-10-01"
"Conseil national du tourisme","Article D. 122-7 du code du tourisme",,"0","M. Jean-Michel Couve","Membre titulaire","2012-01-31"
"Conseil national du tourisme","Article D. 122-7 du code du tourisme",,"0","M. Alain Suguenot","Membre titulaire","2007-08-01"
"Conseil national du tourisme","Article D. 122-7 du code du tourisme",,"0","Mme Pascale Got","Membre titulaire","2012-09-03"
"Conseil national du tourisme","Article D. 122-7 du code du tourisme",,"0","M. André Capet","Membre titulaire","1997-10-01"
"Conseil national du tourisme","Article D. 122-7 du code du tourisme",,"0","M. Bernard Perrut","Membre titulaire","2012-01-31"
"Conseil national du tourisme","Article D. 122-7 du code du tourisme",,"0","M. Christian Cuvilliez","Membre titulaire","1997-10-01"
"Conseil national du tourisme","Article D. 122-7 du code du tourisme",,"0","M. Alain Chastagnol","Membre titulaire","1986-06-04"
"Conseil national du tourisme","Article D. 122-7 du code du tourisme",,"0","M. Jean-Sébastien Vialatte","Membre titulaire","2012-01-31"
"Conseil national du tourisme","Article D. 122-7 du code du tourisme",,"0","M. Léonce Deprez","Membre titulaire","2002-08-01"
"Conseil national du tourisme","Article D. 122-7 du code du tourisme",,"0","M. Jean-Sébastien Vialatte","Membre titulaire","2002-08-01"
"Conseil national du tourisme","Article D. 122-7 du code du tourisme",,"0","M. Lionnel Luca","Membre titulaire","1997-10-01"
"Conseil national du tourisme","Article D. 122-7 du code du tourisme",,"0","M. Joël Beaugendre","Membre titulaire","2002-08-01"
"Conseil national du tourisme","Article D. 122-7 du code du tourisme",,"0","Mme Gabrielle Louis-Carabin","Membre suppléante","2002-08-01"
"Conseil national du tourisme","Article D. 122-7 du code du tourisme",,"0","M. Maurice Giro","Membre titulaire","2002-08-01"
"Conseil national du tourisme","Article D. 122-7 du code du tourisme",,"0","M. Denis Jacquat","Membre titulaire","2000-10-12"
"Conseil national du tourisme","Article D. 122-7 du code du tourisme",,"0","M. Jean-Michel Couve","Membre titulaire","1993-05-27"
"Conseil national du tourisme","Article D. 122-7 du code du tourisme",,"0","M. Jean Launay","Membre titulaire","2001-01-24"
"Conseil national du tourisme","Article D. 122-7 du code du tourisme",,"0","Mme Béatrice Marre","Membre titulaire","1997-10-01"
"Conseil national du tourisme","Article D. 122-7 du code du tourisme",,"0","M. Yvon Montané","Membre titulaire","2000-10-12"
"Conseil national du tourisme","Article D. 122-7 du code du tourisme",,"0","M. Jean-Paul Chanteguet","Membre titulaire","2000-10-12"
"Conseil national du tourisme","Article D. 122-7 du code du tourisme",,"0","M. Pierre Carassus","Membre suppléant","2000-10-12"
"Conseil national du tourisme","Article D. 122-7 du code du tourisme",,"0","M. Bruno Nestor Azerot","Membre titulaire","2017-11-21"
"Conseil national du tourisme","Article D. 122-7 du code du tourisme",,"0","Mme Frédérique Lardet","Membre titulaire","2017-11-21"
"Conseil national du tourisme","Article D. 122-7 du code du tourisme",,"0","M. Daniel Fasquelle","Membre titulaire","2007-08-01"
"Conseil national du tourisme","Article D. 122-7 du code du tourisme",,"0","M. Jean-Michel Couve","Membre titulaire","2012-09-03"
"Conseil national du tourisme","Article D. 122-7 du code du tourisme",,"0","M. Tony Dreyfus","Membre titulaire","1997-10-01"
"Conseil de la Caisse nationale de solidarité pour l'autonomie","Article L. 14-10-3 du code de l’action sociale et des familles","https://www.cnsa.fr/qui-sommes-nous/gouvernance",,"Mme Martine Pinville","Membre titulaire","2012-09-18"
"Conseil de la Caisse nationale de solidarité pour l'autonomie","Article L. 14-10-3 du code de l’action sociale et des familles","https://www.cnsa.fr/qui-sommes-nous/gouvernance",,"M. François Gernigon","Membre titulaire","2024-11-06"
"Conseil de la Caisse nationale de solidarité pour l'autonomie","Article L. 14-10-3 du code de l’action sociale et des familles","https://www.cnsa.fr/qui-sommes-nous/gouvernance",,"Mme Joëlle Huillier","Membre titulaire","2016-06-07"
"Conseil de la Caisse nationale de solidarité pour l'autonomie","Article L. 14-10-3 du code de l’action sociale et des familles","https://www.cnsa.fr/qui-sommes-nous/gouvernance",,"M. Jean-François Chossy","Membre titulaire","2007-08-01"
"Conseil de la Caisse nationale de solidarité pour l'autonomie","Article L. 14-10-3 du code de l’action sociale et des familles","https://www.cnsa.fr/qui-sommes-nous/gouvernance",,"M. Jean-François Chossy","Membre titulaire","2005-05-10"
"Conseil de la Caisse nationale de solidarité pour l'autonomie","Article L. 14-10-3 du code de l’action sociale et des familles","https://www.cnsa.fr/qui-sommes-nous/gouvernance",,"Mme Valérie Rosso-Debord","Membre titulaire","2011-05-28"
"Conseil de la Caisse nationale de solidarité pour l'autonomie","Article L. 14-10-3 du code de l’action sociale et des familles","https://www.cnsa.fr/qui-sommes-nous/gouvernance",,"Mme Christine Le Nabour","Membre titulaire","2017-10-10"
"Conseil de la Caisse nationale de solidarité pour l'autonomie","Article L. 14-10-3 du code de l’action sociale et des familles","https://www.cnsa.fr/qui-sommes-nous/gouvernance",,"Mme Monique Iborra","Membre titulaire","2022-10-21"
"Observatoire national de la sécurité et de l'accessibilité des établissements d'enseignement","Article L. 239-2 du code de l'éducation","http://www.education.gouv.fr/ons/cid85832/presentation-missions-et-organisation-de-l-ons.html","77","Mme Geneviève Colot","Membre suppléante","2005-10-20"
"Observatoire national de la sécurité et de l'accessibilité des établissements d'enseignement","Article L. 239-2 du code de l'éducation","http://www.education.gouv.fr/ons/cid85832/presentation-missions-et-organisation-de-l-ons.html","77","M. André Schneider","Membre suppléant","1997-09-19"
"Observatoire national de la sécurité et de l'accessibilité des établissements d'enseignement","Article L. 239-2 du code de l'éducation","http://www.education.gouv.fr/ons/cid85832/presentation-missions-et-organisation-de-l-ons.html","77","Mme Sandrine Doucet","Membre titulaire","2012-10-04"
"Observatoire national de la sécurité et de l'accessibilité des établissements d'enseignement","Article L. 239-2 du code de l'éducation","http://www.education.gouv.fr/ons/cid85832/presentation-missions-et-organisation-de-l-ons.html","77","M. Frédéric Reiss","Membre suppléant","2012-10-04"
"Observatoire national de la sécurité et de l'accessibilité des établissements d'enseignement","Article L. 239-2 du code de l'éducation","http://www.education.gouv.fr/ons/cid85832/presentation-missions-et-organisation-de-l-ons.html","77","M. Xavier Breton","Membre titulaire","2017-12-21"
"Observatoire national de la sécurité et de l'accessibilité des établissements d'enseignement","Article L. 239-2 du code de l'éducation","http://www.education.gouv.fr/ons/cid85832/presentation-missions-et-organisation-de-l-ons.html","77","Mme Béatrice Descamps","Membre suppléante","2017-12-21"
"Observatoire national de la sécurité et de l'accessibilité des établissements d'enseignement","Article L. 239-2 du code de l'éducation","http://www.education.gouv.fr/ons/cid85832/presentation-missions-et-organisation-de-l-ons.html","77","Mme Geneviève Colot","Membre titulaire","2011-06-28"
"Observatoire national de la sécurité et de l'accessibilité des établissements d'enseignement","Article L. 239-2 du code de l'éducation","http://www.education.gouv.fr/ons/cid85832/presentation-missions-et-organisation-de-l-ons.html","77","M. Yvan Lachaud","Membre suppléant","2011-01-14"
"Observatoire national de la sécurité et de l'accessibilité des établissements d'enseignement","Article L. 239-2 du code de l'éducation","http://www.education.gouv.fr/ons/cid85832/presentation-missions-et-organisation-de-l-ons.html","77","Mme Geneviève Colot","Membre suppléante","2002-08-01"
"Observatoire national de la sécurité et de l'accessibilité des établissements d'enseignement","Article L. 239-2 du code de l'éducation","http://www.education.gouv.fr/ons/cid85832/presentation-missions-et-organisation-de-l-ons.html","77","Mme Geneviève Colot","Membre suppléante","2007-08-10"
"Observatoire national de la sécurité et de l'accessibilité des établissements d'enseignement","Article L. 239-2 du code de l'éducation","http://www.education.gouv.fr/ons/cid85832/presentation-missions-et-organisation-de-l-ons.html","77","M. André Schneider","Membre suppléant","2000-10-11"
"Observatoire national de la sécurité et de l'accessibilité des établissements d'enseignement","Article L. 239-2 du code de l'éducation","http://www.education.gouv.fr/ons/cid85832/presentation-missions-et-organisation-de-l-ons.html","77","M. Lionnel Luca","Membre titulaire","2007-08-10"
"Observatoire national de la sécurité et de l'accessibilité des établissements d'enseignement","Article L. 239-2 du code de l'éducation","http://www.education.gouv.fr/ons/cid85832/presentation-missions-et-organisation-de-l-ons.html","77","M. Lionnel Luca","Membre titulaire","2002-08-01"
"Observatoire national de la sécurité et de l'accessibilité des établissements d'enseignement","Article L. 239-2 du code de l'éducation","http://www.education.gouv.fr/ons/cid85832/presentation-missions-et-organisation-de-l-ons.html","77","M. Marcel Dehoux","Membre titulaire","2000-12-12"
"Observatoire national de la sécurité et de l'accessibilité des établissements d'enseignement","Article L. 239-2 du code de l'éducation","http://www.education.gouv.fr/ons/cid85832/presentation-missions-et-organisation-de-l-ons.html","77","M. Yvan Lachaud","Membre suppléant","2005-10-20"
"Observatoire national de la sécurité et de l'accessibilité des établissements d'enseignement","Article L. 239-2 du code de l'éducation","http://www.education.gouv.fr/ons/cid85832/presentation-missions-et-organisation-de-l-ons.html","77","Mme Simone Rignault","Membre titulaire","1996-10-03"
"Observatoire national de la sécurité et de l'accessibilité des établissements d'enseignement","Article L. 239-2 du code de l'éducation","http://www.education.gouv.fr/ons/cid85832/presentation-missions-et-organisation-de-l-ons.html","77","M. Lionnel Luca","Membre titulaire","2005-10-20"
"Observatoire national de la sécurité et de l'accessibilité des établissements d'enseignement","Article L. 239-2 du code de l'éducation","http://www.education.gouv.fr/ons/cid85832/presentation-missions-et-organisation-de-l-ons.html","77","Mme Véronique Massonneau","Membre suppléante","2012-10-04"
"Observatoire national de la sécurité et de l'accessibilité des établissements d'enseignement","Article L. 239-2 du code de l'éducation","http://www.education.gouv.fr/ons/cid85832/presentation-missions-et-organisation-de-l-ons.html","77","M. François Rochebloine","Membre suppléant","1997-09-19"
"Observatoire national de la sécurité et de l'accessibilité des établissements d'enseignement","Article L. 239-2 du code de l'éducation","http://www.education.gouv.fr/ons/cid85832/presentation-missions-et-organisation-de-l-ons.html","77","Mme Danielle Bousquet","Membre titulaire","1997-09-19"
"Observatoire national de la sécurité et de l'accessibilité des établissements d'enseignement","Article L. 239-2 du code de l'éducation","http://www.education.gouv.fr/ons/cid85832/presentation-missions-et-organisation-de-l-ons.html","77","M. Yvan Lachaud","Membre suppléant","2007-08-10"
"Observatoire national de la sécurité et de l'accessibilité des établissements d'enseignement","Article L. 239-2 du code de l'éducation","http://www.education.gouv.fr/ons/cid85832/presentation-missions-et-organisation-de-l-ons.html","77","M. Jean-Pierre Baeumler","Membre titulaire","2000-10-11"
"Observatoire national de la sécurité et de l'accessibilité des établissements d'enseignement","Article L. 239-2 du code de l'éducation","http://www.education.gouv.fr/ons/cid85832/presentation-missions-et-organisation-de-l-ons.html","77","M. Francisque Perrut","Membre suppléant","1996-10-03"
"Observatoire national de la sécurité et de l'accessibilité des établissements d'enseignement","Article L. 239-2 du code de l'éducation","http://www.education.gouv.fr/ons/cid85832/presentation-missions-et-organisation-de-l-ons.html","77","M. Yvan Lachaud","Membre suppléant","2002-08-01"
"Observatoire national de la sécurité et de l'accessibilité des établissements d'enseignement","Article L. 239-2 du code de l'éducation","http://www.education.gouv.fr/ons/cid85832/presentation-missions-et-organisation-de-l-ons.html","77","M. Pierre-Christophe Baguet","Membre suppléant","2000-10-11"
"Observatoire national de la sécurité et de l'accessibilité des établissements d'enseignement","Article L. 239-2 du code de l'éducation","http://www.education.gouv.fr/ons/cid85832/presentation-missions-et-organisation-de-l-ons.html","77","Mme Martine David","Membre suppléante","1996-10-03"
"Conseil supérieur de l'Agence France-Presse","Article 4 de la loi n° 57-32 du 10 janvier 1957","https://www.afp.com/fr/lagence/propos/les-gouvernances",,"M. Michel Françaix","Membre titulaire","2015-07-16"
"Conseil supérieur de l'Agence France-Presse","Article 4 de la loi n° 57-32 du 10 janvier 1957","https://www.afp.com/fr/lagence/propos/les-gouvernances",,"M. Gaël Le Bohec","Membre titulaire","2017-11-09"
"Conseil supérieur de l'Agence France-Presse","Article 4 de la loi n° 57-32 du 10 janvier 1957","https://www.afp.com/fr/lagence/propos/les-gouvernances",,"Mme Sarah Legrain","Membre titulaire","2022-09-28"
"Conseil supérieur de l'Agence France-Presse","Article 4 de la loi n° 57-32 du 10 janvier 1957","https://www.afp.com/fr/lagence/propos/les-gouvernances",,"M. Bruno Bilde","Membre titulaire","2024-10-02"
"Haut Conseil de la famille, de l'enfance et de l'âge – Enfance et adolescence","Article L. 142-1 du code de l'action sociale et des familles","http://www.hcfea.fr/","1","M. Frédéric Boccaletti","Membre titulaire","2024-11-06"
"Haut Conseil de la famille, de l'enfance et de l'âge – Enfance et adolescence","Article L. 142-1 du code de l'action sociale et des familles","http://www.hcfea.fr/","1","Mme Michèle Peyron","Membre titulaire","2017-10-16"
"Haut Conseil de la famille, de l'enfance et de l'âge – Enfance et adolescence","Article L. 142-1 du code de l'action sociale et des familles","http://www.hcfea.fr/","1","Mme Maud Petit","Membre titulaire","2022-10-21"
"Comité des rémunérations du comité d'organisation des jeux Olympiques et Paralympiques d'hiver des Alpes françaises 2030",,,,"  ",,
"Commission consultative de suivi des conséquences des essais nucléaires","Article 7 de la loi n° 2010-2 du 5 janvier 2010","https://www.gouvernement.fr/civen-faq-3022","1","M. Christian Ménard","Membre titulaire","2011-01-26"
"Commission consultative de suivi des conséquences des essais nucléaires","Article 7 de la loi n° 2010-2 du 5 janvier 2010","https://www.gouvernement.fr/civen-faq-3022","1","Mme Olga Givernet","Membre titulaire","2022-10-21"
"Commission consultative de suivi des conséquences des essais nucléaires","Article 7 de la loi n° 2010-2 du 5 janvier 2010","https://www.gouvernement.fr/civen-faq-3022","1","Mme Nicole Sanquer","Membre titulaire","2017-12-01"
"Commission consultative de suivi des conséquences des essais nucléaires","Article 7 de la loi n° 2010-2 du 5 janvier 2010","https://www.gouvernement.fr/civen-faq-3022","1","M. Tematai Le Gayic","Membre titulaire","2024-02-06"
"Commission consultative de suivi des conséquences des essais nucléaires","Article 7 de la loi n° 2010-2 du 5 janvier 2010","https://www.gouvernement.fr/civen-faq-3022","1","M. Moerani Frébault","Membre titulaire","2024-11-06"
"Commission consultative de suivi des conséquences des essais nucléaires","Article 7 de la loi n° 2010-2 du 5 janvier 2010","https://www.gouvernement.fr/civen-faq-3022","1","M. Guy Teissier","Membre titulaire","2012-10-04"
"Commission consultative de suivi des conséquences des essais nucléaires","Article 7 de la loi n° 2010-2 du 5 janvier 2010","https://www.gouvernement.fr/civen-faq-3022","1","M. Patrice Calméjane","Membre titulaire","2011-01-26"
"Commission consultative de suivi des conséquences des essais nucléaires","Article 7 de la loi n° 2010-2 du 5 janvier 2010","https://www.gouvernement.fr/civen-faq-3022","1","M. Moetai Brotherson","Membre titulaire","2022-10-21"
"Commission consultative de suivi des conséquences des essais nucléaires","Article 7 de la loi n° 2010-2 du 5 janvier 2010","https://www.gouvernement.fr/civen-faq-3022","1","M. Moetai Brotherson","Membre titulaire","2017-12-01"
"Commission consultative de suivi des conséquences des essais nucléaires","Article 7 de la loi n° 2010-2 du 5 janvier 2010","https://www.gouvernement.fr/civen-faq-3022","1","Mme Mereana Reid Arbelot","Membre titulaire","2024-11-06"
"Commission consultative de suivi des conséquences des essais nucléaires","Article 7 de la loi n° 2010-2 du 5 janvier 2010","https://www.gouvernement.fr/civen-faq-3022","1","M. François André","Membre titulaire","2012-10-04"
"Comité chargé d'assister la plate-forme nationale des interceptions judiciaires","Article 230-45 du code de procédure pénale",,,"M. Éric Pauget","Membre titulaire","2022-10-21"
"Comité chargé d'assister la plate-forme nationale des interceptions judiciaires","Article 230-45 du code de procédure pénale",,,"Mme Caroline Yadan","Membre titulaire","2024-11-06"
"Comité chargé d'assister la plate-forme nationale des interceptions judiciaires","Article 230-45 du code de procédure pénale",,,"M. Jean-Michel Fauvergue","Membre titulaire","2017-10-19"
"Comité chargé d'assister la plate-forme nationale des interceptions judiciaires","Article 230-45 du code de procédure pénale",,,"M. Sébastien Pietrasanta","Membre titulaire","2014-11-27"
"Comité national d'orientation de la société anonyme Bpifrance","Article 7-2 de l'ordonnance n° 2005-722 du 29 juin 2005","http://www.bpi-group.com/fr/qui-sommes-nous/notre-equipe.html",,"Mme Danielle Simonnet","Membre titulaire","2024-11-28"
"Comité national d'orientation de la société anonyme Bpifrance","Article 7-2 de l'ordonnance n° 2005-722 du 29 juin 2005","http://www.bpi-group.com/fr/qui-sommes-nous/notre-equipe.html",,"Mme Anne Grommerch","Membre titulaire","2013-03-05"
"Comité national d'orientation de la société anonyme Bpifrance","Article 7-2 de l'ordonnance n° 2005-722 du 29 juin 2005","http://www.bpi-group.com/fr/qui-sommes-nous/notre-equipe.html",,"Mme Véronique Louwagie","Membre titulaire","2022-08-06"
"Comité national d'orientation de la société anonyme Bpifrance","Article 7-2 de l'ordonnance n° 2005-722 du 29 juin 2005","http://www.bpi-group.com/fr/qui-sommes-nous/notre-equipe.html",,"M. Nicolas Forissier","Membre titulaire","2018-01-15"
"Comité national d'orientation de la société anonyme Bpifrance","Article 7-2 de l'ordonnance n° 2005-722 du 29 juin 2005","http://www.bpi-group.com/fr/qui-sommes-nous/notre-equipe.html",,"Mme Cendra Motin","Membre titulaire","2020-11-03"
"Comité national d'orientation de la société anonyme Bpifrance","Article 7-2 de l'ordonnance n° 2005-722 du 29 juin 2005","http://www.bpi-group.com/fr/qui-sommes-nous/notre-equipe.html",,"M. David Amiel","Membre titulaire","2024-11-28"
"Comité national d'orientation de la société anonyme Bpifrance","Article 7-2 de l'ordonnance n° 2005-722 du 29 juin 2005","http://www.bpi-group.com/fr/qui-sommes-nous/notre-equipe.html",,"M. Guillaume Bachelay","Membre titulaire","2013-03-05"
"Comité national d'orientation de la société anonyme Bpifrance","Article 7-2 de l'ordonnance n° 2005-722 du 29 juin 2005","http://www.bpi-group.com/fr/qui-sommes-nous/notre-equipe.html",,"M. Pascal Lecamp","Membre titulaire","2022-08-06"
"Comité national d'orientation de la société anonyme Bpifrance","Article 7-2 de l'ordonnance n° 2005-722 du 29 juin 2005","http://www.bpi-group.com/fr/qui-sommes-nous/notre-equipe.html",,"Mme Olivia Grégoire","Membre titulaire","2018-01-15"
"Comité de massif des Pyrénées","Article 7 de la loi n° 85-30 du 9 janvier 1985","http://www.cget.gouv.fr/montagne/commissariats-de-massifs",,"Mme Bénédicte Taurine","Membre suppléante","2017-12-06"
"Comité de massif des Pyrénées","Article 7 de la loi n° 85-30 du 9 janvier 1985","http://www.cget.gouv.fr/montagne/commissariats-de-massifs",,"M. Jean-Bernard Sempastous","Membre titulaire","2017-12-06"
"Comité de massif des Pyrénées","Article 7 de la loi n° 85-30 du 9 janvier 1985","http://www.cget.gouv.fr/montagne/commissariats-de-massifs",,"Mme Sandrine Dogor-Such","Membre titulaire","2024-11-06"
"Comité de massif des Pyrénées","Article 7 de la loi n° 85-30 du 9 janvier 1985","http://www.cget.gouv.fr/montagne/commissariats-de-massifs",,"M. Benoit Mournet","Membre titulaire","2022-10-21"
"Comité de massif des Pyrénées","Article 7 de la loi n° 85-30 du 9 janvier 1985","http://www.cget.gouv.fr/montagne/commissariats-de-massifs",,"M. Vincent Bru","Membre suppléant","2017-12-06"
"Comité de massif des Pyrénées","Article 7 de la loi n° 85-30 du 9 janvier 1985","http://www.cget.gouv.fr/montagne/commissariats-de-massifs",,"Mme Laurence Gayte","Membre titulaire","2017-12-06"
"Comité de massif des Pyrénées","Article 7 de la loi n° 85-30 du 9 janvier 1985","http://www.cget.gouv.fr/montagne/commissariats-de-massifs",,"M. Denis Fégné","Membre titulaire","2024-11-06"
"Comité de massif des Pyrénées","Article 7 de la loi n° 85-30 du 9 janvier 1985","http://www.cget.gouv.fr/montagne/commissariats-de-massifs",,"Mme Sandrine Dogor-Such","Membre titulaire","2022-10-21"
"Conseil d'administration de l'Institut national de l'audiovisuel (INA)","Article 50 de la loi n° 86-1067 du 30 septembre 1986","https://institut.ina.fr/institut/organisation/le-conseil-d-administration",,"M. Franck Riester","Membre suppléant","2012-10-16"
"Conseil d'administration de l'Institut national de l'audiovisuel (INA)","Article 50 de la loi n° 86-1067 du 30 septembre 1986","https://institut.ina.fr/institut/organisation/le-conseil-d-administration",,"M. Alexis Izard","Membre titulaire","2022-10-21"
"Conseil d'administration de l'Institut national de l'audiovisuel (INA)","Article 50 de la loi n° 86-1067 du 30 septembre 1986","https://institut.ina.fr/institut/organisation/le-conseil-d-administration",,"Mme Odette Grzegrzulka","Membre suppléante","2000-10-12"
"Conseil d'administration de l'Institut national de l'audiovisuel (INA)","Article 50 de la loi n° 86-1067 du 30 septembre 1986","https://institut.ina.fr/institut/organisation/le-conseil-d-administration",,"M. Didier Mathus","Membre suppléant","2007-08-01"
"Conseil d'administration de l'Institut national de l'audiovisuel (INA)","Article 50 de la loi n° 86-1067 du 30 septembre 1986","https://institut.ina.fr/institut/organisation/le-conseil-d-administration",,"M. Denis Jacquat","Membre suppléant","1996-05-10"
"Conseil d'administration de l'Institut national de l'audiovisuel (INA)","Article 50 de la loi n° 86-1067 du 30 septembre 1986","https://institut.ina.fr/institut/organisation/le-conseil-d-administration",,"M. Georges Hage","Membre suppléant","1989-12-14"
"Conseil d'administration de l'Institut national de l'audiovisuel (INA)","Article 50 de la loi n° 86-1067 du 30 septembre 1986","https://institut.ina.fr/institut/organisation/le-conseil-d-administration",,"Mme Sophie Taillé-Polian","Membre titulaire","2024-11-06"
"Conseil d'administration de l'Institut national de l'audiovisuel (INA)","Article 50 de la loi n° 86-1067 du 30 septembre 1986","https://institut.ina.fr/institut/organisation/le-conseil-d-administration",,"M. Georges Hage","Membre suppléant","1992-12-20"
"Conseil d'administration de l'Institut national de l'audiovisuel (INA)","Article 50 de la loi n° 86-1067 du 30 septembre 1986","https://institut.ina.fr/institut/organisation/le-conseil-d-administration",,"M. Vincent Feltesse","Membre titulaire","2012-10-16"
"Conseil d'administration de l'Institut national de l'audiovisuel (INA)","Article 50 de la loi n° 86-1067 du 30 septembre 1986","https://institut.ina.fr/institut/organisation/le-conseil-d-administration",,"M. Pascal Bois","Membre titulaire","2017-10-11"
"Conseil d'administration de l'Institut national de l'audiovisuel (INA)","Article 50 de la loi n° 86-1067 du 30 septembre 1986","https://institut.ina.fr/institut/organisation/le-conseil-d-administration",,"M. Georges Hage","Membre suppléant","1988-11-18"
"Conseil d'administration de l'Institut national de l'audiovisuel (INA)","Article 50 de la loi n° 86-1067 du 30 septembre 1986","https://institut.ina.fr/institut/organisation/le-conseil-d-administration",,"Mme George Pau-Langevin","Membre suppléante","2017-10-11"
"Conseil d'administration de l'Institut national de l'audiovisuel (INA)","Article 50 de la loi n° 86-1067 du 30 septembre 1986","https://institut.ina.fr/institut/organisation/le-conseil-d-administration",,"M. Didier Mathus","Membre suppléant","2002-08-01"
"Conseil d'administration de l'Institut national de l'audiovisuel (INA)","Article 50 de la loi n° 86-1067 du 30 septembre 1986","https://institut.ina.fr/institut/organisation/le-conseil-d-administration",,"Mme Odette Grzegrzulka","Membre suppléante","1997-09-19"
"Conseil d'administration de l'Institut national de l'audiovisuel (INA)","Article 50 de la loi n° 86-1067 du 30 septembre 1986","https://institut.ina.fr/institut/organisation/le-conseil-d-administration",,"M. Michel Péricard","Membre suppléant","1986-12-17"
"Conseil d'administration de l'Institut national de l'audiovisuel (INA)","Article 50 de la loi n° 86-1067 du 30 septembre 1986","https://institut.ina.fr/institut/organisation/le-conseil-d-administration",,"M. Denis Jacquat","Membre suppléant","1993-05-14"
"Comité d'éthique du comité d'organisation des jeux Olympiques et Paralympiques d'hiver des Alpes françaises 2030",,,,"  ",,
"Haut Conseil de la famille, de l'enfance et de l'âge - Âge","Article L. 142-1 du code de l'action sociale et des familles","http://www.hcfea.fr/","1","M. Olivier Serva","Membre titulaire","2024-11-06"
"Haut Conseil de la famille, de l'enfance et de l'âge - Âge","Article L. 142-1 du code de l'action sociale et des familles","http://www.hcfea.fr/","1","Mme Pascale Martin","Membre titulaire","2022-10-21"
"Haut Conseil de la famille, de l'enfance et de l'âge - Âge","Article L. 142-1 du code de l'action sociale et des familles","http://www.hcfea.fr/","1","Mme Monique Iborra","Membre titulaire","2018-06-29"
"Conseil national de l'insertion par l'activité économique","Articles 9 de la loi n° 91-1 du 3 janvier 1991 et 1 décret n° 91-422 du 9 mai 1991","http://travail-emploi.gouv.fr/ministere/acteurs/partenaires/article/cniae-conseil-national-de-l-insertion-par-l-activite-economique","3","M. Patrice Anato","Membre suppléant","2017-10-25"
"Conseil national de l'insertion par l'activité économique","Articles 9 de la loi n° 91-1 du 3 janvier 1991 et 1 décret n° 91-422 du 9 mai 1991","http://travail-emploi.gouv.fr/ministere/acteurs/partenaires/article/cniae-conseil-national-de-l-insertion-par-l-activite-economique","3","M. Stéphane Viry","Membre titulaire","2017-10-25"
"Conseil national de l'insertion par l'activité économique","Articles 9 de la loi n° 91-1 du 3 janvier 1991 et 1 décret n° 91-422 du 9 mai 1991","http://travail-emploi.gouv.fr/ministere/acteurs/partenaires/article/cniae-conseil-national-de-l-insertion-par-l-activite-economique","3","Mme Bénédicte Taurine","Membre suppléante","2017-10-25"
"Conseil national de l'insertion par l'activité économique","Articles 9 de la loi n° 91-1 du 3 janvier 1991 et 1 décret n° 91-422 du 9 mai 1991","http://travail-emploi.gouv.fr/ministere/acteurs/partenaires/article/cniae-conseil-national-de-l-insertion-par-l-activite-economique","3","Mme Graziella Melchior","Membre titulaire","2017-10-25"
"Comité consultatif national d'éthique pour les sciences de la vie et de la santé","Article L. 1412-2 du code de la santé publique","http://www.ccne-ethique.fr/fr/pages/les-membres",,"M. Bernard Bioulac","Membre titulaire","1990-01-19"
"Comité consultatif national d'éthique pour les sciences de la vie et de la santé","Article L. 1412-2 du code de la santé publique","http://www.ccne-ethique.fr/fr/pages/les-membres",,"M. Bernard Debré","Membre titulaire","2011-09-12"
"Comité consultatif national d'éthique pour les sciences de la vie et de la santé","Article L. 1412-2 du code de la santé publique","http://www.ccne-ethique.fr/fr/pages/les-membres",,"M. Bernard Bioulac","Membre titulaire","1988-09-16"
"Comité consultatif national d'éthique pour les sciences de la vie et de la santé","Article L. 1412-2 du code de la santé publique","http://www.ccne-ethique.fr/fr/pages/les-membres",,"M. Jean-François Mattei","Membre titulaire","1993-05-26"
"Comité consultatif national d'éthique pour les sciences de la vie et de la santé","Article L. 1412-2 du code de la santé publique","http://www.ccne-ethique.fr/fr/pages/les-membres",,"M. Alain Veyret","Membre titulaire","1997-07-12"
"Comité consultatif national d'éthique pour les sciences de la vie et de la santé","Article L. 1412-2 du code de la santé publique","http://www.ccne-ethique.fr/fr/pages/les-membres",,"M. Didier Martin","Membre titulaire","2022-10-21"
"Comité consultatif national d'éthique pour les sciences de la vie et de la santé","Article L. 1412-2 du code de la santé publique","http://www.ccne-ethique.fr/fr/pages/les-membres",,"M. Marc Delatte","Membre titulaire","2017-10-11"
"Comité consultatif national d'éthique pour les sciences de la vie et de la santé","Article L. 1412-2 du code de la santé publique","http://www.ccne-ethique.fr/fr/pages/les-membres",,"M. Jean Bardet","Membre titulaire","2002-09-03"
"Comité consultatif national d'éthique pour les sciences de la vie et de la santé","Article L. 1412-2 du code de la santé publique","http://www.ccne-ethique.fr/fr/pages/les-membres",,"M. Alain Claeys","Membre titulaire","2001-10-11"
"Comité consultatif national d'éthique pour les sciences de la vie et de la santé","Article L. 1412-2 du code de la santé publique","http://www.ccne-ethique.fr/fr/pages/les-membres",,"M. Alain Claeys","Membre titulaire","2016-09-13"
"Comité consultatif national d'éthique pour les sciences de la vie et de la santé","Article L. 1412-2 du code de la santé publique","http://www.ccne-ethique.fr/fr/pages/les-membres",,"M. Bernard Debré","Membre titulaire","1986-06-17"
"Comité consultatif national d'éthique pour les sciences de la vie et de la santé","Article L. 1412-2 du code de la santé publique","http://www.ccne-ethique.fr/fr/pages/les-membres",,"M. Alain Claeys","Membre titulaire","2012-09-03"
"Comité consultatif national d'éthique pour les sciences de la vie et de la santé","Article L. 1412-2 du code de la santé publique","http://www.ccne-ethique.fr/fr/pages/les-membres",,"Mme Eliane Kremer","Membre titulaire","2024-11-06"
"Comité de bassin Adour-Garonne","Article L. 213-8 du code de l’environnement","http://www.eaufrance.fr/s-informer/agir-et-participer/participer/concertation/les-comites-de-bassin","0","M. Benoit Simian","Membre titulaire","2017-12-18"
"Comité de bassin Adour-Garonne","Article L. 213-8 du code de l’environnement","http://www.eaufrance.fr/s-informer/agir-et-participer/participer/concertation/les-comites-de-bassin","0","Mme Sophie Mette","Membre titulaire","2024-11-06"
"Comité de bassin Adour-Garonne","Article L. 213-8 du code de l’environnement","http://www.eaufrance.fr/s-informer/agir-et-participer/participer/concertation/les-comites-de-bassin","0","M. Pascal Lavergne","Membre titulaire","2022-10-21"
"Comité de bassin Adour-Garonne","Article L. 213-8 du code de l’environnement","http://www.eaufrance.fr/s-informer/agir-et-participer/participer/concertation/les-comites-de-bassin","0","Mme Véronique Hammerer","Membre titulaire","2017-11-10"
"Comité de bassin Adour-Garonne","Article L. 213-8 du code de l’environnement","http://www.eaufrance.fr/s-informer/agir-et-participer/participer/concertation/les-comites-de-bassin","0","Mme Hélène Laporte","Membre suppléante","2024-11-06"
"Comité de bassin Adour-Garonne","Article L. 213-8 du code de l’environnement","http://www.eaufrance.fr/s-informer/agir-et-participer/participer/concertation/les-comites-de-bassin","0","M. Loïc Prud'homme","Membre suppléant","2022-10-21"
"Comité chargé de proposer des évolutions de la composition du Conseil économique, social et environnemental",,,,"Mme Clémentine Autain","Membre titulaire","2024-11-21"
"Comité chargé de proposer des évolutions de la composition du Conseil économique, social et environnemental",,,,"M. Ian Boucard","Membre titulaire","2024-11-21"
"Comité chargé de proposer des évolutions de la composition du Conseil économique, social et environnemental",,,,"M. Erwan Balanant","Membre titulaire","2022-10-21"
"Comité chargé de proposer des évolutions de la composition du Conseil économique, social et environnemental",,,,"Mme Sandrine Rousseau","Membre titulaire","2022-10-21"
"Comité chargé de proposer des évolutions de la composition du Conseil économique, social et environnemental",,,,"Mme Nicole Dubré-Chirat","Membre titulaire","2021-01-18"
"Comité chargé de proposer des évolutions de la composition du Conseil économique, social et environnemental",,,,"M. Erwan Balanant","Membre titulaire","2024-11-21"
"Comité chargé de proposer des évolutions de la composition du Conseil économique, social et environnemental",,,,"Mme Hélène Laporte","Membre titulaire","2022-10-21"
"Comité chargé de proposer des évolutions de la composition du Conseil économique, social et environnemental",,,,"M. Erwan Balanant","Membre titulaire","2021-01-18"
"Comité chargé de proposer des évolutions de la composition du Conseil économique, social et environnemental",,,,"Mme Cécile Untermaier","Membre titulaire","2021-01-18"
"Comité de surveillance des investissements d'avenir","Article 8 de la loi n° 2010-237 du 9 mars 2010","https://www.gouvernement.fr/comite-de-surveillance-4012","3","Mme Olivia Grégoire","Membre titulaire","2017-11-02"
"Comité de surveillance des investissements d'avenir","Article 8 de la loi n° 2010-237 du 9 mars 2010","https://www.gouvernement.fr/comite-de-surveillance-4012","3","M. Nicolas Perruchot","Membre titulaire","2010-04-29"
"Comité de surveillance des investissements d'avenir","Article 8 de la loi n° 2010-237 du 9 mars 2010","https://www.gouvernement.fr/comite-de-surveillance-4012","3","M. Olivier Carré","Membre titulaire","2010-04-29"
"Comité de surveillance des investissements d'avenir","Article 8 de la loi n° 2010-237 du 9 mars 2010","https://www.gouvernement.fr/comite-de-surveillance-4012","3","Mme Marie-Christine Dalloz","Membre titulaire","2024-11-06"
"Comité de surveillance des investissements d'avenir","Article 8 de la loi n° 2010-237 du 9 mars 2010","https://www.gouvernement.fr/comite-de-surveillance-4012","3","M. Olivier Carré","Membre titulaire","2012-10-04"
"Comité de surveillance des investissements d'avenir","Article 8 de la loi n° 2010-237 du 9 mars 2010","https://www.gouvernement.fr/comite-de-surveillance-4012","3","Mme Marie Lebec","Membre titulaire","2024-11-06"
"Comité de surveillance des investissements d'avenir","Article 8 de la loi n° 2010-237 du 9 mars 2010","https://www.gouvernement.fr/comite-de-surveillance-4012","3","Mme Christine Pirès Beaune","Membre titulaire","2012-10-04"
"Comité de surveillance des investissements d'avenir","Article 8 de la loi n° 2010-237 du 9 mars 2010","https://www.gouvernement.fr/comite-de-surveillance-4012","3","Mme Florence Goulet","Membre titulaire","2022-11-09"
"Comité de surveillance des investissements d'avenir","Article 8 de la loi n° 2010-237 du 9 mars 2010","https://www.gouvernement.fr/comite-de-surveillance-4012","3","M. Laurent Saint-Martin","Membre titulaire","2017-11-02"
"Comité de surveillance des investissements d'avenir","Article 8 de la loi n° 2010-237 du 9 mars 2010","https://www.gouvernement.fr/comite-de-surveillance-4012","3","Mme Karine Lebon","Membre titulaire","2022-11-09"
"Comité de surveillance des investissements d'avenir","Article 8 de la loi n° 2010-237 du 9 mars 2010","https://www.gouvernement.fr/comite-de-surveillance-4012","3","M. Olivier Marleix","Membre titulaire","2021-09-28"
"Comité de surveillance des investissements d'avenir","Article 8 de la loi n° 2010-237 du 9 mars 2010","https://www.gouvernement.fr/comite-de-surveillance-4012","3","Mme Isabelle Florennes","Membre titulaire","2017-11-02"
"Comité de surveillance des investissements d'avenir","Article 8 de la loi n° 2010-237 du 9 mars 2010","https://www.gouvernement.fr/comite-de-surveillance-4012","3","M. Dominique Baert","Membre titulaire","2010-04-29"
"Comité de surveillance des investissements d'avenir","Article 8 de la loi n° 2010-237 du 9 mars 2010","https://www.gouvernement.fr/comite-de-surveillance-4012","3","M. Louis Giscard d'Estaing","Membre titulaire","2010-04-29"
"Comité de surveillance des investissements d'avenir","Article 8 de la loi n° 2010-237 du 9 mars 2010","https://www.gouvernement.fr/comite-de-surveillance-4012","3","M. Alexandre Sabatou","Membre titulaire","2024-11-06"
"Comité de surveillance des investissements d'avenir","Article 8 de la loi n° 2010-237 du 9 mars 2010","https://www.gouvernement.fr/comite-de-surveillance-4012","3","M. Dominique Lefebvre","Membre titulaire","2012-10-04"
"Comité de surveillance des investissements d'avenir","Article 8 de la loi n° 2010-237 du 9 mars 2010","https://www.gouvernement.fr/comite-de-surveillance-4012","3","M. Emmanuel Maurel","Membre titulaire","2024-11-06"
"Comité de surveillance des investissements d'avenir","Article 8 de la loi n° 2010-237 du 9 mars 2010","https://www.gouvernement.fr/comite-de-surveillance-4012","3","Mme Eva Sas","Membre titulaire","2012-10-04"
"Comité de surveillance des investissements d'avenir","Article 8 de la loi n° 2010-237 du 9 mars 2010","https://www.gouvernement.fr/comite-de-surveillance-4012","3","M. Luc Lamirault","Membre titulaire","2022-11-09"
"Comité de surveillance des investissements d'avenir","Article 8 de la loi n° 2010-237 du 9 mars 2010","https://www.gouvernement.fr/comite-de-surveillance-4012","3","M. Charles Rodwell","Membre titulaire","2022-11-09"
"Comité de surveillance des investissements d'avenir","Article 8 de la loi n° 2010-237 du 9 mars 2010","https://www.gouvernement.fr/comite-de-surveillance-4012","3","M. Martial Saddier","Membre titulaire","2017-11-02"
"Comité de pilotage institué par la loi n° 2019-1480 du 28 décembre 2019 visant à agir contre les violences au sein de la famille","Article 15 de la loi n° 2019-1480 du 28 décembre 2019 visant à agir contre les violences au sein de la famille",,,"M. Aurélien Pradié","Membre titulaire","2022-10-21"
"Comité de pilotage institué par la loi n° 2019-1480 du 28 décembre 2019 visant à agir contre les violences au sein de la famille","Article 15 de la loi n° 2019-1480 du 28 décembre 2019 visant à agir contre les violences au sein de la famille",,,"Mme Géraldine Bannier","Membre titulaire","2022-10-21"
"Conseil de surveillance de l’établissement public société canal seine-nord europe","Article 3 de l'ordonnance n° 2016-489 du 21 avril 2016","https://www.canal-seine-nord-europe.fr/Acteurs/La-Societe-du-Canal-Seine-Nord-Europe",,"M. Julien Gokel","Membre titulaire","2024-11-06"
"Conseil de surveillance de l’établissement public société canal seine-nord europe","Article 3 de l'ordonnance n° 2016-489 du 21 avril 2016","https://www.canal-seine-nord-europe.fr/Acteurs/La-Societe-du-Canal-Seine-Nord-Europe",,"Mme Jacqueline Maquet","Membre titulaire","2022-10-21"
"Conseil de surveillance de l’établissement public société canal seine-nord europe","Article 3 de l'ordonnance n° 2016-489 du 21 avril 2016","https://www.canal-seine-nord-europe.fr/Acteurs/La-Societe-du-Canal-Seine-Nord-Europe",,"Mme Catherine Osson","Membre titulaire","2017-08-14"
"Conseil de surveillance de l’établissement public société canal seine-nord europe","Article 3 de l'ordonnance n° 2016-489 du 21 avril 2016","https://www.canal-seine-nord-europe.fr/Acteurs/La-Societe-du-Canal-Seine-Nord-Europe",,"Mme Carole Bureau-Bonnard","Membre titulaire","2020-10-21"
"Commission départementale des valeurs locatives des locaux professionnels","Article 1650 B du code général des impôts","https://www.impots.gouv.fr/portail/professionnel/les-grands-principes-de-la-revision-des-valeurs-locatives-des-locaux-professionnels",,"M. Michel Vialay","Membre titulaire","2018-03-08"
"Commission départementale des valeurs locatives des locaux professionnels","Article 1650 B du code général des impôts","https://www.impots.gouv.fr/portail/professionnel/les-grands-principes-de-la-revision-des-valeurs-locatives-des-locaux-professionnels",,"M. Pacôme Rupin","Membre titulaire","2018-11-02"
"Commission départementale des valeurs locatives des locaux professionnels","Article 1650 B du code général des impôts","https://www.impots.gouv.fr/portail/professionnel/les-grands-principes-de-la-revision-des-valeurs-locatives-des-locaux-professionnels",,"M. Hubert Wulfranc","Membre titulaire","2018-03-08"
"Commission départementale des valeurs locatives des locaux professionnels","Article 1650 B du code général des impôts","https://www.impots.gouv.fr/portail/professionnel/les-grands-principes-de-la-revision-des-valeurs-locatives-des-locaux-professionnels",,"M. Loïc Prud'homme","Membre titulaire","2018-03-08"
"Commission départementale des valeurs locatives des locaux professionnels","Article 1650 B du code général des impôts","https://www.impots.gouv.fr/portail/professionnel/les-grands-principes-de-la-revision-des-valeurs-locatives-des-locaux-professionnels",,"Mme Cécile Rilhac","Membre titulaire","2018-06-04"
"Commission départementale des valeurs locatives des locaux professionnels","Article 1650 B du code général des impôts","https://www.impots.gouv.fr/portail/professionnel/les-grands-principes-de-la-revision-des-valeurs-locatives-des-locaux-professionnels",,"M. Guillaume Vuilletet","Membre titulaire","2018-06-04"
"Commission départementale des valeurs locatives des locaux professionnels","Article 1650 B du code général des impôts","https://www.impots.gouv.fr/portail/professionnel/les-grands-principes-de-la-revision-des-valeurs-locatives-des-locaux-professionnels",,"Mme Jacqueline Maquet","Membre titulaire","2018-03-08"
"Commission départementale des valeurs locatives des locaux professionnels","Article 1650 B du code général des impôts","https://www.impots.gouv.fr/portail/professionnel/les-grands-principes-de-la-revision-des-valeurs-locatives-des-locaux-professionnels",,"M. Brahim Hammouche","Membre titulaire","2018-03-08"
"Commission départementale des valeurs locatives des locaux professionnels","Article 1650 B du code général des impôts","https://www.impots.gouv.fr/portail/professionnel/les-grands-principes-de-la-revision-des-valeurs-locatives-des-locaux-professionnels",,"M. Fabien Di Filippo","Membre titulaire","2018-03-08"
"Commission départementale des valeurs locatives des locaux professionnels","Article 1650 B du code général des impôts","https://www.impots.gouv.fr/portail/professionnel/les-grands-principes-de-la-revision-des-valeurs-locatives-des-locaux-professionnels",,"M. Christophe Bouillon","Membre titulaire","2018-03-08"
"Commission départementale des valeurs locatives des locaux professionnels","Article 1650 B du code général des impôts","https://www.impots.gouv.fr/portail/professionnel/les-grands-principes-de-la-revision-des-valeurs-locatives-des-locaux-professionnels",,"Mme Emmanuelle Ménard","Membre titulaire","2018-03-08"
"Commission départementale des valeurs locatives des locaux professionnels","Article 1650 B du code général des impôts","https://www.impots.gouv.fr/portail/professionnel/les-grands-principes-de-la-revision-des-valeurs-locatives-des-locaux-professionnels",,"M. Dominique Da Silva","Membre titulaire","2018-06-04"
"Commission départementale des valeurs locatives des locaux professionnels","Article 1650 B du code général des impôts","https://www.impots.gouv.fr/portail/professionnel/les-grands-principes-de-la-revision-des-valeurs-locatives-des-locaux-professionnels",,"Mme Christelle Dubos","Membre titulaire","2018-03-08"
"Commission départementale des valeurs locatives des locaux professionnels","Article 1650 B du code général des impôts","https://www.impots.gouv.fr/portail/professionnel/les-grands-principes-de-la-revision-des-valeurs-locatives-des-locaux-professionnels",,"Mme Danièle Cazarian","Membre titulaire","2018-06-04"
"Commission départementale des valeurs locatives des locaux professionnels","Article 1650 B du code général des impôts","https://www.impots.gouv.fr/portail/professionnel/les-grands-principes-de-la-revision-des-valeurs-locatives-des-locaux-professionnels",,"Mme Béatrice Descamps","Membre titulaire","2018-03-08"
"Commission départementale des valeurs locatives des locaux professionnels","Article 1650 B du code général des impôts","https://www.impots.gouv.fr/portail/professionnel/les-grands-principes-de-la-revision-des-valeurs-locatives-des-locaux-professionnels",,"M. Bastien Lachaud","Membre titulaire","2018-03-08"
"Commission départementale des valeurs locatives des locaux professionnels","Article 1650 B du code général des impôts","https://www.impots.gouv.fr/portail/professionnel/les-grands-principes-de-la-revision-des-valeurs-locatives-des-locaux-professionnels",,"Mme Brigitte Liso","Membre titulaire","2018-03-08"
"Commission départementale des valeurs locatives des locaux professionnels","Article 1650 B du code général des impôts","https://www.impots.gouv.fr/portail/professionnel/les-grands-principes-de-la-revision-des-valeurs-locatives-des-locaux-professionnels",,"Mme Agnès Firmin Le Bodo","Membre titulaire","2018-03-08"
"Commission départementale des valeurs locatives des locaux professionnels","Article 1650 B du code général des impôts","https://www.impots.gouv.fr/portail/professionnel/les-grands-principes-de-la-revision-des-valeurs-locatives-des-locaux-professionnels",,"Mme Graziella Melchior","Membre titulaire","2018-06-04"
"Commission départementale des valeurs locatives des locaux professionnels","Article 1650 B du code général des impôts","https://www.impots.gouv.fr/portail/professionnel/les-grands-principes-de-la-revision-des-valeurs-locatives-des-locaux-professionnels",,"Mme Bérangère Couillard","Membre titulaire","2018-03-08"
"Commission départementale des valeurs locatives des locaux professionnels","Article 1650 B du code général des impôts","https://www.impots.gouv.fr/portail/professionnel/les-grands-principes-de-la-revision-des-valeurs-locatives-des-locaux-professionnels",,"Mme Dominique David","Membre titulaire","2018-03-08"
"Commission départementale des valeurs locatives des locaux professionnels","Article 1650 B du code général des impôts","https://www.impots.gouv.fr/portail/professionnel/les-grands-principes-de-la-revision-des-valeurs-locatives-des-locaux-professionnels",,"M. Rodrigue Kokouendo","Membre titulaire","2018-06-04"
"Commission départementale des valeurs locatives des locaux professionnels","Article 1650 B du code général des impôts","https://www.impots.gouv.fr/portail/professionnel/les-grands-principes-de-la-revision-des-valeurs-locatives-des-locaux-professionnels",,"M. Bruno Bilde","Membre titulaire","2018-03-08"
"Commission départementale des valeurs locatives des locaux professionnels","Article 1650 B du code général des impôts","https://www.impots.gouv.fr/portail/professionnel/les-grands-principes-de-la-revision-des-valeurs-locatives-des-locaux-professionnels",,"M. Laurent Saint-Martin","Membre titulaire","2018-03-08"
"Commission départementale des valeurs locatives des locaux professionnels","Article 1650 B du code général des impôts","https://www.impots.gouv.fr/portail/professionnel/les-grands-principes-de-la-revision-des-valeurs-locatives-des-locaux-professionnels",,"Mme Catherine Osson","Membre titulaire","2018-03-08"
"Commission départementale des valeurs locatives des locaux professionnels","Article 1650 B du code général des impôts","https://www.impots.gouv.fr/portail/professionnel/les-grands-principes-de-la-revision-des-valeurs-locatives-des-locaux-professionnels",,"M. Antoine Savignat","Membre titulaire","2018-03-08"
"Commission départementale des valeurs locatives des locaux professionnels","Article 1650 B du code général des impôts","https://www.impots.gouv.fr/portail/professionnel/les-grands-principes-de-la-revision-des-valeurs-locatives-des-locaux-professionnels",,"M. Jean-Charles Larsonneur","Membre titulaire","2018-06-04"
"Commission départementale des valeurs locatives des locaux professionnels","Article 1650 B du code général des impôts","https://www.impots.gouv.fr/portail/professionnel/les-grands-principes-de-la-revision-des-valeurs-locatives-des-locaux-professionnels",,"M. Sylvain Waserman","Membre titulaire","2018-03-08"
"Commission départementale des valeurs locatives des locaux professionnels","Article 1650 B du code général des impôts","https://www.impots.gouv.fr/portail/professionnel/les-grands-principes-de-la-revision-des-valeurs-locatives-des-locaux-professionnels",,"Mme Amélie de Montchalin","Membre titulaire","2018-06-04"
"Commission départementale des valeurs locatives des locaux professionnels","Article 1650 B du code général des impôts","https://www.impots.gouv.fr/portail/professionnel/les-grands-principes-de-la-revision-des-valeurs-locatives-des-locaux-professionnels",,"Mme Olivia Grégoire","Membre titulaire","2018-06-04"
"Commission départementale des valeurs locatives des locaux professionnels","Article 1650 B du code général des impôts","https://www.impots.gouv.fr/portail/professionnel/les-grands-principes-de-la-revision-des-valeurs-locatives-des-locaux-professionnels",,"Mme Nathalie Elimas","Membre titulaire","2018-03-08"
"Commission départementale des valeurs locatives des locaux professionnels","Article 1650 B du code général des impôts","https://www.impots.gouv.fr/portail/professionnel/les-grands-principes-de-la-revision-des-valeurs-locatives-des-locaux-professionnels",,"M. Paul Christophe","Membre titulaire","2018-03-08"
"Commission départementale des valeurs locatives des locaux professionnels","Article 1650 B du code général des impôts","https://www.impots.gouv.fr/portail/professionnel/les-grands-principes-de-la-revision-des-valeurs-locatives-des-locaux-professionnels",,"Mme Sandrine Le Feur","Membre titulaire","2018-06-04"
"Commission départementale des valeurs locatives des locaux professionnels","Article 1650 B du code général des impôts","https://www.impots.gouv.fr/portail/professionnel/les-grands-principes-de-la-revision-des-valeurs-locatives-des-locaux-professionnels",,"Mme Isabelle Florennes","Membre titulaire","2018-03-08"
"Commission départementale des valeurs locatives des locaux professionnels","Article 1650 B du code général des impôts","https://www.impots.gouv.fr/portail/professionnel/les-grands-principes-de-la-revision-des-valeurs-locatives-des-locaux-professionnels",,"Mme Michèle Peyron","Membre titulaire","2018-06-04"
"Commission départementale des valeurs locatives des locaux professionnels","Article 1650 B du code général des impôts","https://www.impots.gouv.fr/portail/professionnel/les-grands-principes-de-la-revision-des-valeurs-locatives-des-locaux-professionnels",,"M. Antoine Herth","Membre titulaire","2018-03-08"
"Commission départementale des valeurs locatives des locaux professionnels","Article 1650 B du code général des impôts","https://www.impots.gouv.fr/portail/professionnel/les-grands-principes-de-la-revision-des-valeurs-locatives-des-locaux-professionnels",,"Mme Émilie Guerel","Membre titulaire","2018-06-04"
"Commission départementale des valeurs locatives des locaux professionnels","Article 1650 B du code général des impôts","https://www.impots.gouv.fr/portail/professionnel/les-grands-principes-de-la-revision-des-valeurs-locatives-des-locaux-professionnels",,"Mme Ericka Bareigts","Membre titulaire","2018-03-08"
"Commission départementale des valeurs locatives des locaux professionnels","Article 1650 B du code général des impôts","https://www.impots.gouv.fr/portail/professionnel/les-grands-principes-de-la-revision-des-valeurs-locatives-des-locaux-professionnels",,"Mme Nadia Ramassamy","Membre titulaire","2018-03-08"
"Commission départementale des valeurs locatives des locaux professionnels","Article 1650 B du code général des impôts","https://www.impots.gouv.fr/portail/professionnel/les-grands-principes-de-la-revision-des-valeurs-locatives-des-locaux-professionnels",,"M. Florent Boudié","Membre titulaire","2018-06-04"
"Commission départementale des valeurs locatives des locaux professionnels","Article 1650 B du code général des impôts","https://www.impots.gouv.fr/portail/professionnel/les-grands-principes-de-la-revision-des-valeurs-locatives-des-locaux-professionnels",,"Mme Émilie Chalas","Membre titulaire","2018-06-04"
"Commission départementale des valeurs locatives des locaux professionnels","Article 1650 B du code général des impôts","https://www.impots.gouv.fr/portail/professionnel/les-grands-principes-de-la-revision-des-valeurs-locatives-des-locaux-professionnels",,"Mme Constance Le Grip","Membre titulaire","2018-03-08"
"Commission départementale des valeurs locatives des locaux professionnels","Article 1650 B du code général des impôts","https://www.impots.gouv.fr/portail/professionnel/les-grands-principes-de-la-revision-des-valeurs-locatives-des-locaux-professionnels",,"M. Frédéric Reiss","Membre titulaire","2018-03-08"
"Commission départementale des valeurs locatives des locaux professionnels","Article 1650 B du code général des impôts","https://www.impots.gouv.fr/portail/professionnel/les-grands-principes-de-la-revision-des-valeurs-locatives-des-locaux-professionnels",,"Mme Marie Lebec","Membre titulaire","2018-06-04"
"Commission départementale des valeurs locatives des locaux professionnels","Article 1650 B du code général des impôts","https://www.impots.gouv.fr/portail/professionnel/les-grands-principes-de-la-revision-des-valeurs-locatives-des-locaux-professionnels",,"Mme Nathalie Bassire","Membre titulaire","2018-03-08"
"Commission départementale des valeurs locatives des locaux professionnels","Article 1650 B du code général des impôts","https://www.impots.gouv.fr/portail/professionnel/les-grands-principes-de-la-revision-des-valeurs-locatives-des-locaux-professionnels",,"M. Alexis Corbière","Membre titulaire","2018-03-08"
"Commission départementale des valeurs locatives des locaux professionnels","Article 1650 B du code général des impôts","https://www.impots.gouv.fr/portail/professionnel/les-grands-principes-de-la-revision-des-valeurs-locatives-des-locaux-professionnels",,"Mme Coralie Dubost","Membre titulaire","2018-06-04"
"Commission départementale des valeurs locatives des locaux professionnels","Article 1650 B du code général des impôts","https://www.impots.gouv.fr/portail/professionnel/les-grands-principes-de-la-revision-des-valeurs-locatives-des-locaux-professionnels",,"Mme Catherine Kamowski","Membre titulaire","2018-06-04"
"Commission départementale des valeurs locatives des locaux professionnels","Article 1650 B du code général des impôts","https://www.impots.gouv.fr/portail/professionnel/les-grands-principes-de-la-revision-des-valeurs-locatives-des-locaux-professionnels",,"Mme Laurence Maillart-Méhaignerie","Membre titulaire","2018-03-08"
"Commission départementale des valeurs locatives des locaux professionnels","Article 1650 B du code général des impôts","https://www.impots.gouv.fr/portail/professionnel/les-grands-principes-de-la-revision-des-valeurs-locatives-des-locaux-professionnels",,"M. Pierre-Alain Raphan","Membre titulaire","2018-06-04"
"Commission départementale des valeurs locatives des locaux professionnels","Article 1650 B du code général des impôts","https://www.impots.gouv.fr/portail/professionnel/les-grands-principes-de-la-revision-des-valeurs-locatives-des-locaux-professionnels",,"Mme Albane Gaillot","Membre titulaire","2018-03-08"
"Commission départementale des valeurs locatives des locaux professionnels","Article 1650 B du code général des impôts","https://www.impots.gouv.fr/portail/professionnel/les-grands-principes-de-la-revision-des-valeurs-locatives-des-locaux-professionnels",,"Mme Nadia Hai","Membre titulaire","2018-06-04"
"Commission départementale des valeurs locatives des locaux professionnels","Article 1650 B du code général des impôts","https://www.impots.gouv.fr/portail/professionnel/les-grands-principes-de-la-revision-des-valeurs-locatives-des-locaux-professionnels",,"Mme Alexandra Louis","Membre titulaire","2018-03-08"
"Commission départementale des valeurs locatives des locaux professionnels","Article 1650 B du code général des impôts","https://www.impots.gouv.fr/portail/professionnel/les-grands-principes-de-la-revision-des-valeurs-locatives-des-locaux-professionnels",,"Mme Audrey Dufeu","Membre titulaire","2018-06-04"
"Commission départementale des valeurs locatives des locaux professionnels","Article 1650 B du code général des impôts","https://www.impots.gouv.fr/portail/professionnel/les-grands-principes-de-la-revision-des-valeurs-locatives-des-locaux-professionnels",,"Mme Christine Le Nabour","Membre titulaire","2018-03-08"
"Commission départementale des valeurs locatives des locaux professionnels","Article 1650 B du code général des impôts","https://www.impots.gouv.fr/portail/professionnel/les-grands-principes-de-la-revision-des-valeurs-locatives-des-locaux-professionnels",,"Mme Laëtitia Romeiro Dias","Membre titulaire","2018-06-04"
"Commission départementale des valeurs locatives des locaux professionnels","Article 1650 B du code général des impôts","https://www.impots.gouv.fr/portail/professionnel/les-grands-principes-de-la-revision-des-valeurs-locatives-des-locaux-professionnels",,"M. Mustapha Laabid","Membre titulaire","2018-03-08"
"Commission départementale des valeurs locatives des locaux professionnels","Article 1650 B du code général des impôts","https://www.impots.gouv.fr/portail/professionnel/les-grands-principes-de-la-revision-des-valeurs-locatives-des-locaux-professionnels",,"M. Alain Ramadier","Membre titulaire","2018-03-08"
"Commission départementale des valeurs locatives des locaux professionnels","Article 1650 B du code général des impôts","https://www.impots.gouv.fr/portail/professionnel/les-grands-principes-de-la-revision-des-valeurs-locatives-des-locaux-professionnels",,"M. Yves Jégo","Membre titulaire","2018-03-08"
"Commission départementale des valeurs locatives des locaux professionnels","Article 1650 B du code général des impôts","https://www.impots.gouv.fr/portail/professionnel/les-grands-principes-de-la-revision-des-valeurs-locatives-des-locaux-professionnels",,"Mme Christine Hennion","Membre titulaire","2018-06-04"
"Commission départementale des valeurs locatives des locaux professionnels","Article 1650 B du code général des impôts","https://www.impots.gouv.fr/portail/professionnel/les-grands-principes-de-la-revision-des-valeurs-locatives-des-locaux-professionnels",,"M. Bernard Brochand","Membre titulaire","2018-03-08"
"Commission départementale des valeurs locatives des locaux professionnels","Article 1650 B du code général des impôts","https://www.impots.gouv.fr/portail/professionnel/les-grands-principes-de-la-revision-des-valeurs-locatives-des-locaux-professionnels",,"M. Saïd Ahamada","Membre titulaire","2018-03-08"
"Commission départementale des valeurs locatives des locaux professionnels","Article 1650 B du code général des impôts","https://www.impots.gouv.fr/portail/professionnel/les-grands-principes-de-la-revision-des-valeurs-locatives-des-locaux-professionnels",,"Mme Valérie Oppelt","Membre titulaire","2018-06-04"
"Commission départementale des valeurs locatives des locaux professionnels","Article 1650 B du code général des impôts","https://www.impots.gouv.fr/portail/professionnel/les-grands-principes-de-la-revision-des-valeurs-locatives-des-locaux-professionnels",,"M. Denis Masséglia","Membre titulaire","2018-06-04"
"Commission départementale des valeurs locatives des locaux professionnels","Article 1650 B du code général des impôts","https://www.impots.gouv.fr/portail/professionnel/les-grands-principes-de-la-revision-des-valeurs-locatives-des-locaux-professionnels",,"M. Gilles Lurton","Membre titulaire","2018-03-08"
"Commission départementale des valeurs locatives des locaux professionnels","Article 1650 B du code général des impôts","https://www.impots.gouv.fr/portail/professionnel/les-grands-principes-de-la-revision-des-valeurs-locatives-des-locaux-professionnels",,"Mme Élodie Jacquier-Laforge","Membre titulaire","2018-03-08"
"Commission départementale des valeurs locatives des locaux professionnels","Article 1650 B du code général des impôts","https://www.impots.gouv.fr/portail/professionnel/les-grands-principes-de-la-revision-des-valeurs-locatives-des-locaux-professionnels",,"M. Guillaume Gouffier Valente","Membre titulaire","2018-03-08"
"Commission départementale des valeurs locatives des locaux professionnels","Article 1650 B du code général des impôts","https://www.impots.gouv.fr/portail/professionnel/les-grands-principes-de-la-revision-des-valeurs-locatives-des-locaux-professionnels",,"Mme Geneviève Levy","Membre titulaire","2018-03-08"
"Commission départementale des valeurs locatives des locaux professionnels","Article 1650 B du code général des impôts","https://www.impots.gouv.fr/portail/professionnel/les-grands-principes-de-la-revision-des-valeurs-locatives-des-locaux-professionnels",,"M. Cédric Villani","Membre titulaire","2018-06-04"
"Commission départementale des valeurs locatives des locaux professionnels","Article 1650 B du code général des impôts","https://www.impots.gouv.fr/portail/professionnel/les-grands-principes-de-la-revision-des-valeurs-locatives-des-locaux-professionnels",,"Mme Monica Michel-Brassart","Membre titulaire","2018-03-08"
"Commission départementale des valeurs locatives des locaux professionnels","Article 1650 B du code général des impôts","https://www.impots.gouv.fr/portail/professionnel/les-grands-principes-de-la-revision-des-valeurs-locatives-des-locaux-professionnels",,"Mme Aude Amadou","Membre titulaire","2018-06-04"
"Commission départementale des valeurs locatives des locaux professionnels","Article 1650 B du code général des impôts","https://www.impots.gouv.fr/portail/professionnel/les-grands-principes-de-la-revision-des-valeurs-locatives-des-locaux-professionnels",,"M. Matthieu Orphelin","Membre titulaire","2018-06-04"
"Commission départementale des valeurs locatives des locaux professionnels","Article 1650 B du code général des impôts","https://www.impots.gouv.fr/portail/professionnel/les-grands-principes-de-la-revision-des-valeurs-locatives-des-locaux-professionnels",,"M. Éric Woerth","Membre titulaire","2018-03-08"
"Commission départementale des valeurs locatives des locaux professionnels","Article 1650 B du code général des impôts","https://www.impots.gouv.fr/portail/professionnel/les-grands-principes-de-la-revision-des-valeurs-locatives-des-locaux-professionnels",,"Mme Marie-Noëlle Battistel","Membre titulaire","2018-03-08"
"Commission départementale des valeurs locatives des locaux professionnels","Article 1650 B du code général des impôts","https://www.impots.gouv.fr/portail/professionnel/les-grands-principes-de-la-revision-des-valeurs-locatives-des-locaux-professionnels",,"M. Philippe Michel-Kleisbauer","Membre titulaire","2018-03-08"
"Commission départementale des valeurs locatives des locaux professionnels","Article 1650 B du code général des impôts","https://www.impots.gouv.fr/portail/professionnel/les-grands-principes-de-la-revision-des-valeurs-locatives-des-locaux-professionnels",,"M. Jean-Louis Touraine","Membre titulaire","2018-06-04"
"Commission départementale des valeurs locatives des locaux professionnels","Article 1650 B du code général des impôts","https://www.impots.gouv.fr/portail/professionnel/les-grands-principes-de-la-revision-des-valeurs-locatives-des-locaux-professionnels",,"M. Pierre Cabaré","Membre titulaire","2018-03-08"
"Commission départementale des valeurs locatives des locaux professionnels","Article 1650 B du code général des impôts","https://www.impots.gouv.fr/portail/professionnel/les-grands-principes-de-la-revision-des-valeurs-locatives-des-locaux-professionnels",,"M. Jean-François Portarrieu","Membre titulaire","2018-03-08"
"Commission départementale des valeurs locatives des locaux professionnels","Article 1650 B du code général des impôts","https://www.impots.gouv.fr/portail/professionnel/les-grands-principes-de-la-revision-des-valeurs-locatives-des-locaux-professionnels",,"M. Pascal Bois","Membre titulaire","2018-06-04"
"Commission départementale des valeurs locatives des locaux professionnels","Article 1650 B du code général des impôts","https://www.impots.gouv.fr/portail/professionnel/les-grands-principes-de-la-revision-des-valeurs-locatives-des-locaux-professionnels",,"Mme Marguerite Deprez-Audebert","Membre titulaire","2018-03-08"
"Commission départementale des valeurs locatives des locaux professionnels","Article 1650 B du code général des impôts","https://www.impots.gouv.fr/portail/professionnel/les-grands-principes-de-la-revision-des-valeurs-locatives-des-locaux-professionnels",,"M. Jean-Charles Taugourdeau","Membre titulaire","2018-03-08"
"Commission départementale des valeurs locatives des locaux professionnels","Article 1650 B du code général des impôts","https://www.impots.gouv.fr/portail/professionnel/les-grands-principes-de-la-revision-des-valeurs-locatives-des-locaux-professionnels",,"M. Belkhir Belhaddad","Membre titulaire","2018-03-08"
"Commission départementale des valeurs locatives des locaux professionnels","Article 1650 B du code général des impôts","https://www.impots.gouv.fr/portail/professionnel/les-grands-principes-de-la-revision-des-valeurs-locatives-des-locaux-professionnels",,"M. Jean-Noël Barrot","Membre titulaire","2018-03-08"
"Commission départementale des valeurs locatives des locaux professionnels","Article 1650 B du code général des impôts","https://www.impots.gouv.fr/portail/professionnel/les-grands-principes-de-la-revision-des-valeurs-locatives-des-locaux-professionnels",,"M. Loïc Dombreval","Membre titulaire","2018-11-02"
"Commission départementale des valeurs locatives des locaux professionnels","Article 1650 B du code général des impôts","https://www.impots.gouv.fr/portail/professionnel/les-grands-principes-de-la-revision-des-valeurs-locatives-des-locaux-professionnels",,"M. Damien Adam","Membre titulaire","2018-03-08"
"Commission départementale des valeurs locatives des locaux professionnels","Article 1650 B du code général des impôts","https://www.impots.gouv.fr/portail/professionnel/les-grands-principes-de-la-revision-des-valeurs-locatives-des-locaux-professionnels",,"Mme Élise Fajgeles","Membre titulaire","2018-06-04"
"Commission départementale des valeurs locatives des locaux professionnels","Article 1650 B du code général des impôts","https://www.impots.gouv.fr/portail/professionnel/les-grands-principes-de-la-revision-des-valeurs-locatives-des-locaux-professionnels",,"Mme Corinne Vignon","Membre titulaire","2018-03-08"
"Commission départementale des valeurs locatives des locaux professionnels","Article 1650 B du code général des impôts","https://www.impots.gouv.fr/portail/professionnel/les-grands-principes-de-la-revision-des-valeurs-locatives-des-locaux-professionnels",,"M. Erwan Balanant","Membre titulaire","2018-03-08"
"Commission départementale des valeurs locatives des locaux professionnels","Article 1650 B du code général des impôts","https://www.impots.gouv.fr/portail/professionnel/les-grands-principes-de-la-revision-des-valeurs-locatives-des-locaux-professionnels",,"M. Bruno Studer","Membre titulaire","2018-06-04"
"Commission départementale des valeurs locatives des locaux professionnels","Article 1650 B du code général des impôts","https://www.impots.gouv.fr/portail/professionnel/les-grands-principes-de-la-revision-des-valeurs-locatives-des-locaux-professionnels",,"Mme Sylvie Charrière","Membre titulaire","2018-06-04"
"Commission départementale des valeurs locatives des locaux professionnels","Article 1650 B du code général des impôts","https://www.impots.gouv.fr/portail/professionnel/les-grands-principes-de-la-revision-des-valeurs-locatives-des-locaux-professionnels",,"M. Maxime Minot","Membre titulaire","2018-03-08"
"Commission départementale des valeurs locatives des locaux professionnels","Article 1650 B du code général des impôts","https://www.impots.gouv.fr/portail/professionnel/les-grands-principes-de-la-revision-des-valeurs-locatives-des-locaux-professionnels",,"Mme Hélène Zannier","Membre titulaire","2018-03-08"
"Commission départementale des valeurs locatives des locaux professionnels","Article 1650 B du code général des impôts","https://www.impots.gouv.fr/portail/professionnel/les-grands-principes-de-la-revision-des-valeurs-locatives-des-locaux-professionnels",,"M. Richard Lioger","Membre titulaire","2018-03-08"
"Commission départementale des valeurs locatives des locaux professionnels","Article 1650 B du code général des impôts","https://www.impots.gouv.fr/portail/professionnel/les-grands-principes-de-la-revision-des-valeurs-locatives-des-locaux-professionnels",,"M. Bruno Millienne","Membre titulaire","2018-03-08"
"Commission départementale des valeurs locatives des locaux professionnels","Article 1650 B du code général des impôts","https://www.impots.gouv.fr/portail/professionnel/les-grands-principes-de-la-revision-des-valeurs-locatives-des-locaux-professionnels",,"Mme Anne-Laurence Petel","Membre titulaire","2018-11-05"
"Commission départementale des valeurs locatives des locaux professionnels","Article 1650 B du code général des impôts","https://www.impots.gouv.fr/portail/professionnel/les-grands-principes-de-la-revision-des-valeurs-locatives-des-locaux-professionnels",,"Mme Sira Sylla","Membre titulaire","2018-03-08"
"Commission départementale des valeurs locatives des locaux professionnels","Article 1650 B du code général des impôts","https://www.impots.gouv.fr/portail/professionnel/les-grands-principes-de-la-revision-des-valeurs-locatives-des-locaux-professionnels",,"M. Alain David","Membre titulaire","2018-03-08"
"Commission départementale des valeurs locatives des locaux professionnels","Article 1650 B du code général des impôts","https://www.impots.gouv.fr/portail/professionnel/les-grands-principes-de-la-revision-des-valeurs-locatives-des-locaux-professionnels",,"Mme Fiona Lazaar","Membre titulaire","2018-06-04"
"Commission départementale des valeurs locatives des locaux professionnels","Article 1650 B du code général des impôts","https://www.impots.gouv.fr/portail/professionnel/les-grands-principes-de-la-revision-des-valeurs-locatives-des-locaux-professionnels",,"M. Bruno Bonnell","Membre titulaire","2018-06-04"
"Commission départementale des valeurs locatives des locaux professionnels","Article 1650 B du code général des impôts","https://www.impots.gouv.fr/portail/professionnel/les-grands-principes-de-la-revision-des-valeurs-locatives-des-locaux-professionnels",,"M. Daniel Fasquelle","Membre titulaire","2018-03-08"
"Commission départementale des valeurs locatives des locaux professionnels","Article 1650 B du code général des impôts","https://www.impots.gouv.fr/portail/professionnel/les-grands-principes-de-la-revision-des-valeurs-locatives-des-locaux-professionnels",,"M. Jean-Christophe Lagarde","Membre titulaire","2018-03-08"
"Commission départementale des valeurs locatives des locaux professionnels","Article 1650 B du code général des impôts","https://www.impots.gouv.fr/portail/professionnel/les-grands-principes-de-la-revision-des-valeurs-locatives-des-locaux-professionnels",,"M. Christophe Di Pompeo","Membre titulaire","2018-03-08"
"Commission départementale des valeurs locatives des locaux professionnels","Article 1650 B du code général des impôts","https://www.impots.gouv.fr/portail/professionnel/les-grands-principes-de-la-revision-des-valeurs-locatives-des-locaux-professionnels",,"M. Sébastien Jumel","Membre titulaire","2018-03-08"
"Commission départementale des valeurs locatives des locaux professionnels","Article 1650 B du code général des impôts","https://www.impots.gouv.fr/portail/professionnel/les-grands-principes-de-la-revision-des-valeurs-locatives-des-locaux-professionnels",,"M. Christophe Euzet","Membre titulaire","2018-03-08"
"Commission départementale des valeurs locatives des locaux professionnels","Article 1650 B du code général des impôts","https://www.impots.gouv.fr/portail/professionnel/les-grands-principes-de-la-revision-des-valeurs-locatives-des-locaux-professionnels",,"Mme Muriel Ressiguier","Membre titulaire","2018-03-08"
"Commission départementale des valeurs locatives des locaux professionnels","Article 1650 B du code général des impôts","https://www.impots.gouv.fr/portail/professionnel/les-grands-principes-de-la-revision-des-valeurs-locatives-des-locaux-professionnels",,"M. Pierre Person","Membre titulaire","2018-06-04"
"Commission départementale des valeurs locatives des locaux professionnels","Article 1650 B du code général des impôts","https://www.impots.gouv.fr/portail/professionnel/les-grands-principes-de-la-revision-des-valeurs-locatives-des-locaux-professionnels",,"M. Olivier Dassault","Membre titulaire","2018-03-08"
"Commission départementale des valeurs locatives des locaux professionnels","Article 1650 B du code général des impôts","https://www.impots.gouv.fr/portail/professionnel/les-grands-principes-de-la-revision-des-valeurs-locatives-des-locaux-professionnels",,"M. Jean François Mbaye","Membre titulaire","2018-03-08"
"Commission départementale des valeurs locatives des locaux professionnels","Article 1650 B du code général des impôts","https://www.impots.gouv.fr/portail/professionnel/les-grands-principes-de-la-revision-des-valeurs-locatives-des-locaux-professionnels",,"M. Francis Vercamer","Membre titulaire","2018-03-08"
"Commission départementale des valeurs locatives des locaux professionnels","Article 1650 B du code général des impôts","https://www.impots.gouv.fr/portail/professionnel/les-grands-principes-de-la-revision-des-valeurs-locatives-des-locaux-professionnels",,"M. Cyrille Isaac-Sibille","Membre titulaire","2018-03-08"
"Commission départementale des valeurs locatives des locaux professionnels","Article 1650 B du code général des impôts","https://www.impots.gouv.fr/portail/professionnel/les-grands-principes-de-la-revision-des-valeurs-locatives-des-locaux-professionnels",,"Mme Annaïg Le Meur","Membre titulaire","2018-06-04"
"Commission départementale des valeurs locatives des locaux professionnels","Article 1650 B du code général des impôts","https://www.impots.gouv.fr/portail/professionnel/les-grands-principes-de-la-revision-des-valeurs-locatives-des-locaux-professionnels",,"Mme Sophie Mette","Membre titulaire","2018-03-08"
"Commission départementale des valeurs locatives des locaux professionnels","Article 1650 B du code général des impôts","https://www.impots.gouv.fr/portail/professionnel/les-grands-principes-de-la-revision-des-valeurs-locatives-des-locaux-professionnels",,"M. Nicolas Démoulin","Membre titulaire","2018-03-08"
"Commission départementale des valeurs locatives des locaux professionnels","Article 1650 B du code général des impôts","https://www.impots.gouv.fr/portail/professionnel/les-grands-principes-de-la-revision-des-valeurs-locatives-des-locaux-professionnels",,"Mme Cécile Muschotti","Membre titulaire","2018-06-04"
"Commission départementale des valeurs locatives des locaux professionnels","Article 1650 B du code général des impôts","https://www.impots.gouv.fr/portail/professionnel/les-grands-principes-de-la-revision-des-valeurs-locatives-des-locaux-professionnels",,"Mme Sereine Mauborgne","Membre titulaire","2018-06-04"
"Commission départementale des valeurs locatives des locaux professionnels","Article 1650 B du code général des impôts","https://www.impots.gouv.fr/portail/professionnel/les-grands-principes-de-la-revision-des-valeurs-locatives-des-locaux-professionnels",,"M. Luc Carvounas","Membre titulaire","2018-03-08"
"Commission départementale des valeurs locatives des locaux professionnels","Article 1650 B du code général des impôts","https://www.impots.gouv.fr/portail/professionnel/les-grands-principes-de-la-revision-des-valeurs-locatives-des-locaux-professionnels",,"M. Laurent Pietraszewski","Membre titulaire","2018-03-08"
"Commission départementale des valeurs locatives des locaux professionnels","Article 1650 B du code général des impôts","https://www.impots.gouv.fr/portail/professionnel/les-grands-principes-de-la-revision-des-valeurs-locatives-des-locaux-professionnels",,"Mme Claire Colomb-Pitollat","Membre titulaire","2018-06-04"
"Commission départementale des valeurs locatives des locaux professionnels","Article 1650 B du code général des impôts","https://www.impots.gouv.fr/portail/professionnel/les-grands-principes-de-la-revision-des-valeurs-locatives-des-locaux-professionnels",,"M. Didier Le Gac","Membre titulaire","2018-06-04"
"Commission départementale des valeurs locatives des locaux professionnels","Article 1650 B du code général des impôts","https://www.impots.gouv.fr/portail/professionnel/les-grands-principes-de-la-revision-des-valeurs-locatives-des-locaux-professionnels",,"M. Robin Reda","Membre titulaire","2018-03-08"
"Commission départementale des valeurs locatives des locaux professionnels","Article 1650 B du code général des impôts","https://www.impots.gouv.fr/portail/professionnel/les-grands-principes-de-la-revision-des-valeurs-locatives-des-locaux-professionnels",,"M. Buon Tan","Membre titulaire","2018-06-04"
"Commission départementale des valeurs locatives des locaux professionnels","Article 1650 B du code général des impôts","https://www.impots.gouv.fr/portail/professionnel/les-grands-principes-de-la-revision-des-valeurs-locatives-des-locaux-professionnels",,"Mme Valérie Gomez-Bassac","Membre titulaire","2018-06-04"
"Commission départementale des valeurs locatives des locaux professionnels","Article 1650 B du code général des impôts","https://www.impots.gouv.fr/portail/professionnel/les-grands-principes-de-la-revision-des-valeurs-locatives-des-locaux-professionnels",,"M. François Pupponi","Membre titulaire","2018-03-08"
"Commission départementale des valeurs locatives des locaux professionnels","Article 1650 B du code général des impôts","https://www.impots.gouv.fr/portail/professionnel/les-grands-principes-de-la-revision-des-valeurs-locatives-des-locaux-professionnels",,"M. David Lorion","Membre titulaire","2018-03-08"
"Commission départementale des valeurs locatives des locaux professionnels","Article 1650 B du code général des impôts","https://www.impots.gouv.fr/portail/professionnel/les-grands-principes-de-la-revision-des-valeurs-locatives-des-locaux-professionnels",,"Mme Liliana Tanguy","Membre titulaire","2018-06-04"
"Commission départementale des valeurs locatives des locaux professionnels","Article 1650 B du code général des impôts","https://www.impots.gouv.fr/portail/professionnel/les-grands-principes-de-la-revision-des-valeurs-locatives-des-locaux-professionnels",,"Mme Elsa Faucillon","Membre titulaire","2018-03-08"
"Commission départementale des valeurs locatives des locaux professionnels","Article 1650 B du code général des impôts","https://www.impots.gouv.fr/portail/professionnel/les-grands-principes-de-la-revision-des-valeurs-locatives-des-locaux-professionnels",,"M. Patrick Hetzel","Membre titulaire","2018-03-08"
"Commission départementale des valeurs locatives des locaux professionnels","Article 1650 B du code général des impôts","https://www.impots.gouv.fr/portail/professionnel/les-grands-principes-de-la-revision-des-valeurs-locatives-des-locaux-professionnels",,"Mme Béatrice Piron","Membre titulaire","2018-06-04"
"Commission départementale des valeurs locatives des locaux professionnels","Article 1650 B du code général des impôts","https://www.impots.gouv.fr/portail/professionnel/les-grands-principes-de-la-revision-des-valeurs-locatives-des-locaux-professionnels",,"Mme Huguette Bello","Membre titulaire","2018-03-08"
"Commission départementale des valeurs locatives des locaux professionnels","Article 1650 B du code général des impôts","https://www.impots.gouv.fr/portail/professionnel/les-grands-principes-de-la-revision-des-valeurs-locatives-des-locaux-professionnels",,"M. Thierry Robert","Membre titulaire","2018-03-08"
"Commission départementale des valeurs locatives des locaux professionnels","Article 1650 B du code général des impôts","https://www.impots.gouv.fr/portail/professionnel/les-grands-principes-de-la-revision-des-valeurs-locatives-des-locaux-professionnels",,"Mme Patricia Mirallès","Membre titulaire","2018-06-04"
"Commission départementale des valeurs locatives des locaux professionnels","Article 1650 B du code général des impôts","https://www.impots.gouv.fr/portail/professionnel/les-grands-principes-de-la-revision-des-valeurs-locatives-des-locaux-professionnels",,"M. Patrick Vignal","Membre titulaire","2018-06-04"
"Commission départementale des valeurs locatives des locaux professionnels","Article 1650 B du code général des impôts","https://www.impots.gouv.fr/portail/professionnel/les-grands-principes-de-la-revision-des-valeurs-locatives-des-locaux-professionnels",,"M. Franck Marlin","Membre titulaire","2018-03-08"
"Commission départementale des valeurs locatives des locaux professionnels","Article 1650 B du code général des impôts","https://www.impots.gouv.fr/portail/professionnel/les-grands-principes-de-la-revision-des-valeurs-locatives-des-locaux-professionnels",,"M. Vincent Thiébaut","Membre titulaire","2018-03-08"
"Commission départementale des valeurs locatives des locaux professionnels","Article 1650 B du code général des impôts","https://www.impots.gouv.fr/portail/professionnel/les-grands-principes-de-la-revision-des-valeurs-locatives-des-locaux-professionnels",,"Mme Marie Guévenoux","Membre titulaire","2018-06-04"
"Commission départementale des valeurs locatives des locaux professionnels","Article 1650 B du code général des impôts","https://www.impots.gouv.fr/portail/professionnel/les-grands-principes-de-la-revision-des-valeurs-locatives-des-locaux-professionnels",,"M. Gilles Carrez","Membre titulaire","2018-03-08"
"Commission départementale des valeurs locatives des locaux professionnels","Article 1650 B du code général des impôts","https://www.impots.gouv.fr/portail/professionnel/les-grands-principes-de-la-revision-des-valeurs-locatives-des-locaux-professionnels",,"M. Olivier Véran","Membre titulaire","2018-06-04"
"Commission départementale des valeurs locatives des locaux professionnels","Article 1650 B du code général des impôts","https://www.impots.gouv.fr/portail/professionnel/les-grands-principes-de-la-revision-des-valeurs-locatives-des-locaux-professionnels",,"M. Cédric Roussel","Membre titulaire","2018-03-08"
"Commission départementale des valeurs locatives des locaux professionnels","Article 1650 B du code général des impôts","https://www.impots.gouv.fr/portail/professionnel/les-grands-principes-de-la-revision-des-valeurs-locatives-des-locaux-professionnels",,"Mme Sandrine Josso","Membre titulaire","2018-06-04"
"Commission départementale des valeurs locatives des locaux professionnels","Article 1650 B du code général des impôts","https://www.impots.gouv.fr/portail/professionnel/les-grands-principes-de-la-revision-des-valeurs-locatives-des-locaux-professionnels",,"M. François André","Membre titulaire","2018-03-08"
"Commission départementale des valeurs locatives des locaux professionnels","Article 1650 B du code général des impôts","https://www.impots.gouv.fr/portail/professionnel/les-grands-principes-de-la-revision-des-valeurs-locatives-des-locaux-professionnels",,"M. Jacques Marilossian","Membre titulaire","2018-06-04"
"Commission départementale des valeurs locatives des locaux professionnels","Article 1650 B du code général des impôts","https://www.impots.gouv.fr/portail/professionnel/les-grands-principes-de-la-revision-des-valeurs-locatives-des-locaux-professionnels",,"M. Stéphane Peu","Membre titulaire","2018-03-08"
"Commission départementale des valeurs locatives des locaux professionnels","Article 1650 B du code général des impôts","https://www.impots.gouv.fr/portail/professionnel/les-grands-principes-de-la-revision-des-valeurs-locatives-des-locaux-professionnels",,"Mme Valérie Lacroute","Membre titulaire","2018-03-08"
"Commission départementale des valeurs locatives des locaux professionnels","Article 1650 B du code général des impôts","https://www.impots.gouv.fr/portail/professionnel/les-grands-principes-de-la-revision-des-valeurs-locatives-des-locaux-professionnels",,"Mme Florence Granjus","Membre titulaire","2018-06-04"
"Commission départementale des valeurs locatives des locaux professionnels","Article 1650 B du code général des impôts","https://www.impots.gouv.fr/portail/professionnel/les-grands-principes-de-la-revision-des-valeurs-locatives-des-locaux-professionnels",,"Mme Alexandra Valetta Ardisson","Membre titulaire","2018-03-08"
"Commission départementale des valeurs locatives des locaux professionnels","Article 1650 B du code général des impôts","https://www.impots.gouv.fr/portail/professionnel/les-grands-principes-de-la-revision-des-valeurs-locatives-des-locaux-professionnels",,"M. Pierre Dharréville","Membre titulaire","2018-03-08"
"Commission départementale des valeurs locatives des locaux professionnels","Article 1650 B du code général des impôts","https://www.impots.gouv.fr/portail/professionnel/les-grands-principes-de-la-revision-des-valeurs-locatives-des-locaux-professionnels",,"M. Yannick Haury","Membre titulaire","2018-06-04"
"Commission départementale des valeurs locatives des locaux professionnels","Article 1650 B du code général des impôts","https://www.impots.gouv.fr/portail/professionnel/les-grands-principes-de-la-revision-des-valeurs-locatives-des-locaux-professionnels",,"M. Thierry Benoit","Membre titulaire","2018-03-08"
"Commission départementale des valeurs locatives des locaux professionnels","Article 1650 B du code général des impôts","https://www.impots.gouv.fr/portail/professionnel/les-grands-principes-de-la-revision-des-valeurs-locatives-des-locaux-professionnels",,"Mme Cendra Motin","Membre titulaire","2018-03-08"
"Commission départementale des valeurs locatives des locaux professionnels","Article 1650 B du code général des impôts","https://www.impots.gouv.fr/portail/professionnel/les-grands-principes-de-la-revision-des-valeurs-locatives-des-locaux-professionnels",,"Mme Clémentine Autain","Membre titulaire","2018-03-08"
"Commission départementale des valeurs locatives des locaux professionnels","Article 1650 B du code général des impôts","https://www.impots.gouv.fr/portail/professionnel/les-grands-principes-de-la-revision-des-valeurs-locatives-des-locaux-professionnels",,"M. Jean-François Parigi","Membre titulaire","2018-03-08"
"Commission départementale des valeurs locatives des locaux professionnels","Article 1650 B du code général des impôts","https://www.impots.gouv.fr/portail/professionnel/les-grands-principes-de-la-revision-des-valeurs-locatives-des-locaux-professionnels",,"M. Gabriel Attal","Membre titulaire","2018-06-04"
"Commission départementale des valeurs locatives des locaux professionnels","Article 1650 B du code général des impôts","https://www.impots.gouv.fr/portail/professionnel/les-grands-principes-de-la-revision-des-valeurs-locatives-des-locaux-professionnels",,"M. Bernard Reynès","Membre titulaire","2018-03-08"
"Commission départementale des valeurs locatives des locaux professionnels","Article 1650 B du code général des impôts","https://www.impots.gouv.fr/portail/professionnel/les-grands-principes-de-la-revision-des-valeurs-locatives-des-locaux-professionnels",,"Mme Anne-France Brunet","Membre titulaire","2018-06-04"
"Commission départementale des valeurs locatives des locaux professionnels","Article 1650 B du code général des impôts","https://www.impots.gouv.fr/portail/professionnel/les-grands-principes-de-la-revision-des-valeurs-locatives-des-locaux-professionnels",,"Mme Nicole Dubré-Chirat","Membre titulaire","2018-06-04"
"Commission départementale des valeurs locatives des locaux professionnels","Article 1650 B du code général des impôts","https://www.impots.gouv.fr/portail/professionnel/les-grands-principes-de-la-revision-des-valeurs-locatives-des-locaux-professionnels",,"M. Florian Bachelier","Membre titulaire","2018-03-08"
"Commission départementale des valeurs locatives des locaux professionnels","Article 1650 B du code général des impôts","https://www.impots.gouv.fr/portail/professionnel/les-grands-principes-de-la-revision-des-valeurs-locatives-des-locaux-professionnels",,"Mme Marjolaine Meynier-Millefert","Membre titulaire","2018-03-08"
"Commission départementale des valeurs locatives des locaux professionnels","Article 1650 B du code général des impôts","https://www.impots.gouv.fr/portail/professionnel/les-grands-principes-de-la-revision-des-valeurs-locatives-des-locaux-professionnels",,"M. Jean-Louis Masson","Membre titulaire","2018-03-08"
"Commission départementale des valeurs locatives des locaux professionnels","Article 1650 B du code général des impôts","https://www.impots.gouv.fr/portail/professionnel/les-grands-principes-de-la-revision-des-valeurs-locatives-des-locaux-professionnels",,"M. Hubert Julien-Laferrière","Membre titulaire","2018-06-04"
"Commission départementale des valeurs locatives des locaux professionnels","Article 1650 B du code général des impôts","https://www.impots.gouv.fr/portail/professionnel/les-grands-principes-de-la-revision-des-valeurs-locatives-des-locaux-professionnels",,"M. Sébastien Nadot","Membre titulaire","2018-03-08"
"Commission départementale des valeurs locatives des locaux professionnels","Article 1650 B du code général des impôts","https://www.impots.gouv.fr/portail/professionnel/les-grands-principes-de-la-revision-des-valeurs-locatives-des-locaux-professionnels",,"Mme Stella Dupont","Membre titulaire","2018-06-04"
"Commission départementale des valeurs locatives des locaux professionnels","Article 1650 B du code général des impôts","https://www.impots.gouv.fr/portail/professionnel/les-grands-principes-de-la-revision-des-valeurs-locatives-des-locaux-professionnels",,"M. Mickaël Nogal","Membre titulaire","2018-03-08"
"Commission départementale des valeurs locatives des locaux professionnels","Article 1650 B du code général des impôts","https://www.impots.gouv.fr/portail/professionnel/les-grands-principes-de-la-revision-des-valeurs-locatives-des-locaux-professionnels",,"Mme Agnès Thill","Membre titulaire","2018-06-04"
"Commission départementale des valeurs locatives des locaux professionnels","Article 1650 B du code général des impôts","https://www.impots.gouv.fr/portail/professionnel/les-grands-principes-de-la-revision-des-valeurs-locatives-des-locaux-professionnels",,"M. Benoit Potterie","Membre titulaire","2018-03-08"
"Commission départementale des valeurs locatives des locaux professionnels","Article 1650 B du code général des impôts","https://www.impots.gouv.fr/portail/professionnel/les-grands-principes-de-la-revision-des-valeurs-locatives-des-locaux-professionnels",,"Mme Sarah El Haïry","Membre titulaire","2018-03-08"
"Commission départementale des valeurs locatives des locaux professionnels","Article 1650 B du code général des impôts","https://www.impots.gouv.fr/portail/professionnel/les-grands-principes-de-la-revision-des-valeurs-locatives-des-locaux-professionnels",,"M. Olivier Faure","Membre titulaire","2018-03-08"
"Commission départementale des valeurs locatives des locaux professionnels","Article 1650 B du code général des impôts","https://www.impots.gouv.fr/portail/professionnel/les-grands-principes-de-la-revision-des-valeurs-locatives-des-locaux-professionnels",,"M. Pierre-Yves Bournazel","Membre titulaire","2018-03-08"
"Commission départementale des valeurs locatives des locaux professionnels","Article 1650 B du code général des impôts","https://www.impots.gouv.fr/portail/professionnel/les-grands-principes-de-la-revision-des-valeurs-locatives-des-locaux-professionnels",,"M. Thomas Gassilloud","Membre titulaire","2018-06-04"
"Commission départementale des valeurs locatives des locaux professionnels","Article 1650 B du code général des impôts","https://www.impots.gouv.fr/portail/professionnel/les-grands-principes-de-la-revision-des-valeurs-locatives-des-locaux-professionnels",,"M. Jean-Luc Lagleize","Membre titulaire","2018-03-08"
"Commission départementale des valeurs locatives des locaux professionnels","Article 1650 B du code général des impôts","https://www.impots.gouv.fr/portail/professionnel/les-grands-principes-de-la-revision-des-valeurs-locatives-des-locaux-professionnels",,"Mme Monique Iborra","Membre titulaire","2018-03-08"
"Commission départementale des valeurs locatives des locaux professionnels","Article 1650 B du code général des impôts","https://www.impots.gouv.fr/portail/professionnel/les-grands-principes-de-la-revision-des-valeurs-locatives-des-locaux-professionnels",,"Mme Carole Bureau-Bonnard","Membre titulaire","2018-06-04"
"Commission départementale des valeurs locatives des locaux professionnels","Article 1650 B du code général des impôts","https://www.impots.gouv.fr/portail/professionnel/les-grands-principes-de-la-revision-des-valeurs-locatives-des-locaux-professionnels",,"M. Ludovic Pajot","Membre titulaire","2018-03-08"
"Commission départementale des valeurs locatives des locaux professionnels","Article 1650 B du code général des impôts","https://www.impots.gouv.fr/portail/professionnel/les-grands-principes-de-la-revision-des-valeurs-locatives-des-locaux-professionnels",,"M. Philippe Bolo","Membre titulaire","2018-03-08"
"Commission départementale des valeurs locatives des locaux professionnels","Article 1650 B du code général des impôts","https://www.impots.gouv.fr/portail/professionnel/les-grands-principes-de-la-revision-des-valeurs-locatives-des-locaux-professionnels",,"M. Ludovic Mendes","Membre titulaire","2018-03-08"
"Centre national du livre","Article 3 de la loi n° 46-2196 du 11 octobre 1946","http://www.centrenationaldulivre.fr/fr/le_cnl/",,"Mme Isabelle Bruneau","Membre titulaire","2015-06-24"
"Centre national du livre","Article 3 de la loi n° 46-2196 du 11 octobre 1946","http://www.centrenationaldulivre.fr/fr/le_cnl/",,"M. Laurent Croizier","Membre titulaire","2022-10-21"
"Centre national du livre","Article 3 de la loi n° 46-2196 du 11 octobre 1946","http://www.centrenationaldulivre.fr/fr/le_cnl/",,"Mme Aurore Bergé","Membre titulaire","2020-12-08"
"Centre national du livre","Article 3 de la loi n° 46-2196 du 11 octobre 1946","http://www.centrenationaldulivre.fr/fr/le_cnl/",,"Mme Ayda Hadizadeh","Membre titulaire","2024-11-06"
"Conseil de surveillance du Fonds de financement de la protection complémentaire de la couverture universelle du risque maladie","Article L. 862-1 du code de la sécurité sociale","http://www.cmu.fr/organisation-fonds.php",,"M. Jean-Marie Rolland","Membre titulaire","2007-08-10"
"Conseil de surveillance du Fonds de financement de la protection complémentaire de la couverture universelle du risque maladie","Article L. 862-1 du code de la sécurité sociale","http://www.cmu.fr/organisation-fonds.php",,"M. Alain Ramadier","Membre titulaire","2017-11-17"
"Conseil de surveillance du Fonds de financement de la protection complémentaire de la couverture universelle du risque maladie","Article L. 862-1 du code de la sécurité sociale","http://www.cmu.fr/organisation-fonds.php",,"Mme Michèle de Vaucouleurs","Membre titulaire","2017-11-17"
"Conseil de surveillance du Fonds de financement de la protection complémentaire de la couverture universelle du risque maladie","Article L. 862-1 du code de la sécurité sociale","http://www.cmu.fr/organisation-fonds.php",,"M. Bernard Accoyer","Membre titulaire","2000-02-09"
"Conseil de surveillance du Fonds de financement de la protection complémentaire de la couverture universelle du risque maladie","Article L. 862-1 du code de la sécurité sociale","http://www.cmu.fr/organisation-fonds.php",,"Mme Martine Carrillon-Couvreur","Membre titulaire","2012-10-04"
"Conseil de surveillance du Fonds de financement de la protection complémentaire de la couverture universelle du risque maladie","Article L. 862-1 du code de la sécurité sociale","http://www.cmu.fr/organisation-fonds.php",,"Mme Paulette Guinchard","Membre titulaire","2002-08-01"
"Conseil de surveillance du Fonds de financement de la protection complémentaire de la couverture universelle du risque maladie","Article L. 862-1 du code de la sécurité sociale","http://www.cmu.fr/organisation-fonds.php",,"Mme Christine Le Nabour","Membre titulaire","2020-11-03"
"Conseil de surveillance du Fonds de financement de la protection complémentaire de la couverture universelle du risque maladie","Article L. 862-1 du code de la sécurité sociale","http://www.cmu.fr/organisation-fonds.php",,"M. Jacques Domergue","Membre titulaire","2007-08-10"
"Conseil de surveillance du Fonds de financement de la protection complémentaire de la couverture universelle du risque maladie","Article L. 862-1 du code de la sécurité sociale","http://www.cmu.fr/organisation-fonds.php",,"Mme Pascale Fontenel-Personne","Membre titulaire","2017-11-17"
"Conseil de surveillance du Fonds de financement de la protection complémentaire de la couverture universelle du risque maladie","Article L. 862-1 du code de la sécurité sociale","http://www.cmu.fr/organisation-fonds.php",,"Mme Odette Grzegrzulka","Membre titulaire","2000-02-09"
"Conseil de surveillance du Fonds de financement de la protection complémentaire de la couverture universelle du risque maladie","Article L. 862-1 du code de la sécurité sociale","http://www.cmu.fr/organisation-fonds.php",,"M. Jean Rouger","Membre titulaire","2000-02-09"
"Conseil de surveillance du Fonds de financement de la protection complémentaire de la couverture universelle du risque maladie","Article L. 862-1 du code de la sécurité sociale","http://www.cmu.fr/organisation-fonds.php",,"M. Gérard Bapt","Membre titulaire","2012-10-04"
"Conseil de surveillance du Fonds de financement de la protection complémentaire de la couverture universelle du risque maladie","Article L. 862-1 du code de la sécurité sociale","http://www.cmu.fr/organisation-fonds.php",,"M. Dominique Tian","Membre titulaire","2012-10-04"
"Conseil de surveillance du Fonds de financement de la protection complémentaire de la couverture universelle du risque maladie","Article L. 862-1 du code de la sécurité sociale","http://www.cmu.fr/organisation-fonds.php",,"M. Jacques Domergue","Membre titulaire","2002-08-01"
"Conseil de surveillance du Fonds de financement de la protection complémentaire de la couverture universelle du risque maladie","Article L. 862-1 du code de la sécurité sociale","http://www.cmu.fr/organisation-fonds.php",,"M. Jean-Marie Rolland","Membre titulaire","2002-08-01"
"Conseil de surveillance du Fonds de financement de la protection complémentaire de la couverture universelle du risque maladie","Article L. 862-1 du code de la sécurité sociale","http://www.cmu.fr/organisation-fonds.php",,"Mme Martine Carrillon-Couvreur","Membre titulaire","2007-08-10"
"Conseil supérieur de la forêt et du bois","Articles L. 113-1 et D. 113-1 du code forestier","http://agriculture.gouv.fr/conseil-superieur-de-la-foret-et-du-bois-grand-dynamisme-de-la-filiere","1","M. Pierre Montastruc","Membre suppléant","1986-05-16"
"Conseil supérieur de la forêt et du bois","Articles L. 113-1 et D. 113-1 du code forestier","http://agriculture.gouv.fr/conseil-superieur-de-la-foret-et-du-bois-grand-dynamisme-de-la-filiere","1","M. Élie Hoarau","Membre titulaire","1997-07-10"
"Conseil supérieur de la forêt et du bois","Articles L. 113-1 et D. 113-1 du code forestier","http://agriculture.gouv.fr/conseil-superieur-de-la-foret-et-du-bois-grand-dynamisme-de-la-filiere","1","M. Anthony Brosse","Membre titulaire","2024-11-06"
"Conseil supérieur de la forêt et du bois","Articles L. 113-1 et D. 113-1 du code forestier","http://agriculture.gouv.fr/conseil-superieur-de-la-foret-et-du-bois-grand-dynamisme-de-la-filiere","1","M. Jean Charroppin","Membre suppléant","1997-07-10"
"Conseil supérieur de la forêt et du bois","Articles L. 113-1 et D. 113-1 du code forestier","http://agriculture.gouv.fr/conseil-superieur-de-la-foret-et-du-bois-grand-dynamisme-de-la-filiere","1","Mme Marie-Christine Dalloz","Membre titulaire","2007-08-01"
"Conseil supérieur de la forêt et du bois","Articles L. 113-1 et D. 113-1 du code forestier","http://agriculture.gouv.fr/conseil-superieur-de-la-foret-et-du-bois-grand-dynamisme-de-la-filiere","1","M. André Droitcourt","Membre suppléant","1996-05-18"
"Conseil supérieur de la forêt et du bois","Articles L. 113-1 et D. 113-1 du code forestier","http://agriculture.gouv.fr/conseil-superieur-de-la-foret-et-du-bois-grand-dynamisme-de-la-filiere","1","M. Claude Hoarau","Membre titulaire","2000-06-21"
"Conseil supérieur de la forêt et du bois","Articles L. 113-1 et D. 113-1 du code forestier","http://agriculture.gouv.fr/conseil-superieur-de-la-foret-et-du-bois-grand-dynamisme-de-la-filiere","1","Mme Marie-Christine Dalloz","Membre titulaire","2012-10-04"
"Conseil supérieur de la forêt et du bois","Articles L. 113-1 et D. 113-1 du code forestier","http://agriculture.gouv.fr/conseil-superieur-de-la-foret-et-du-bois-grand-dynamisme-de-la-filiere","1","M. Vincent Thiébaut","Membre titulaire","2017-11-02"
"Conseil supérieur de la forêt et du bois","Articles L. 113-1 et D. 113-1 du code forestier","http://agriculture.gouv.fr/conseil-superieur-de-la-foret-et-du-bois-grand-dynamisme-de-la-filiere","1","M. Roland Vuillaume","Membre titulaire","1986-05-16"
"Conseil supérieur de la forêt et du bois","Articles L. 113-1 et D. 113-1 du code forestier","http://agriculture.gouv.fr/conseil-superieur-de-la-foret-et-du-bois-grand-dynamisme-de-la-filiere","1","M. Philippe Dubourg","Membre titulaire","2002-08-01"
"Conseil supérieur de la forêt et du bois","Articles L. 113-1 et D. 113-1 du code forestier","http://agriculture.gouv.fr/conseil-superieur-de-la-foret-et-du-bois-grand-dynamisme-de-la-filiere","1","M. Anthony Brosse","Membre titulaire","2022-10-21"
"Conseil supérieur de la forêt et du bois","Articles L. 113-1 et D. 113-1 du code forestier","http://agriculture.gouv.fr/conseil-superieur-de-la-foret-et-du-bois-grand-dynamisme-de-la-filiere","1","Mme Géraldine Grangier","Membre titulaire","2024-11-06"
"Conseil supérieur de la forêt et du bois","Articles L. 113-1 et D. 113-1 du code forestier","http://agriculture.gouv.fr/conseil-superieur-de-la-foret-et-du-bois-grand-dynamisme-de-la-filiere","1","M. Pierre Ducout","Membre titulaire","1988-12-02"
"Conseil supérieur de la forêt et du bois","Articles L. 113-1 et D. 113-1 du code forestier","http://agriculture.gouv.fr/conseil-superieur-de-la-foret-et-du-bois-grand-dynamisme-de-la-filiere","1","M. Alain Marleix","Membre titulaire","1996-05-18"
"Conseil supérieur de la forêt et du bois","Articles L. 113-1 et D. 113-1 du code forestier","http://agriculture.gouv.fr/conseil-superieur-de-la-foret-et-du-bois-grand-dynamisme-de-la-filiere","1","M. Bertrand Pancher","Membre titulaire","2007-08-01"
"Conseil supérieur de la forêt et du bois","Articles L. 113-1 et D. 113-1 du code forestier","http://agriculture.gouv.fr/conseil-superieur-de-la-foret-et-du-bois-grand-dynamisme-de-la-filiere","1","M. Germain Gengenwin","Membre suppléant","1988-12-02"
"Conseil supérieur de la forêt et du bois","Articles L. 113-1 et D. 113-1 du code forestier","http://agriculture.gouv.fr/conseil-superieur-de-la-foret-et-du-bois-grand-dynamisme-de-la-filiere","1","M. Jean Charroppin","Membre suppléant","2000-06-21"
"Conseil supérieur de la forêt et du bois","Articles L. 113-1 et D. 113-1 du code forestier","http://agriculture.gouv.fr/conseil-superieur-de-la-foret-et-du-bois-grand-dynamisme-de-la-filiere","1","Mme Sophie Mette","Membre titulaire","2017-11-02"
"Conseil supérieur de la forêt et du bois","Articles L. 113-1 et D. 113-1 du code forestier","http://agriculture.gouv.fr/conseil-superieur-de-la-foret-et-du-bois-grand-dynamisme-de-la-filiere","1","M. Gérard Cherpion","Membre titulaire","2012-10-04"
"Conseil supérieur de la forêt et du bois","Articles L. 113-1 et D. 113-1 du code forestier","http://agriculture.gouv.fr/conseil-superieur-de-la-foret-et-du-bois-grand-dynamisme-de-la-filiere","1","M. Pierre Claisse","Membre suppléant","1986-10-17"
"Conseil supérieur de la forêt et du bois","Articles L. 113-1 et D. 113-1 du code forestier","http://agriculture.gouv.fr/conseil-superieur-de-la-foret-et-du-bois-grand-dynamisme-de-la-filiere","1","Mme Sophie Mette","Membre titulaire","2022-10-21"
"Conseil supérieur de la forêt et du bois","Articles L. 113-1 et D. 113-1 du code forestier","http://agriculture.gouv.fr/conseil-superieur-de-la-foret-et-du-bois-grand-dynamisme-de-la-filiere","1","M. Jean Charroppin","Membre titulaire","2002-08-01"
"Comité de bassin Artois-Picardie","Article L. 213-8 du code de l’environnement","http://www.eaufrance.fr/s-informer/agir-et-participer/participer/concertation/les-comites-de-bassin","0","M. Jean-Claude Leclabart","Membre titulaire","2020-11-19"
"Comité de bassin Artois-Picardie","Article L. 213-8 du code de l’environnement","http://www.eaufrance.fr/s-informer/agir-et-participer/participer/concertation/les-comites-de-bassin","0","M. Jean-Philippe Tanguy","Membre suppléant","2024-11-21"
"Comité de bassin Artois-Picardie","Article L. 213-8 du code de l’environnement","http://www.eaufrance.fr/s-informer/agir-et-participer/participer/concertation/les-comites-de-bassin","0","Mme Yaël Ménaché","Membre titulaire","2022-10-21"
"Comité de bassin Artois-Picardie","Article L. 213-8 du code de l’environnement","http://www.eaufrance.fr/s-informer/agir-et-participer/participer/concertation/les-comites-de-bassin","0","Mme Béatrice Descamps","Membre suppléante","2022-10-21"
"Comité de bassin Artois-Picardie","Article L. 213-8 du code de l’environnement","http://www.eaufrance.fr/s-informer/agir-et-participer/participer/concertation/les-comites-de-bassin","0","M. José Beaurain","Membre titulaire","2024-11-21"
"Conseil national du sport","Article R. 142-3 du code du sport",,"6","M. Régis Juanico","Membre suppléant","2012-03-23"
"Conseil national du sport","Article R. 142-3 du code du sport",,"6","Mme Brigitte Bourguignon","Membre titulaire","2013-05-15"
"Conseil national du sport","Article R. 142-3 du code du sport",,"6","M. Bernard Depierre","Membre titulaire","2012-03-23"
"Conseil national du sport","Article R. 142-3 du code du sport",,"6","Mme Fannette Charvier","Membre titulaire","2017-10-19"
"Conseil national du sport","Article R. 142-3 du code du sport",,"6","M. Meyer Habib","Membre suppléant","2017-10-19"
"Conseil national du sport","Article R. 142-3 du code du sport",,"6","Mme Sophie Dion","Membre suppléante","2013-05-15"
"Conseil d'administration de l'Office franco-allemand pour la jeunesse","Article XXX de la loi visant à garantir la présence des parlementaires dans certains organismes extérieurs au Parlement et à simplifier les modalités de leur nomination","https://www.ofaj.org/institution/organigramme/le-conseil-d-administration.html",,"M. Jean-Louis Idiart","Membre suppléant","2009-10-23"
"Conseil d'administration de l'Office franco-allemand pour la jeunesse","Article XXX de la loi visant à garantir la présence des parlementaires dans certains organismes extérieurs au Parlement et à simplifier les modalités de leur nomination","https://www.ofaj.org/institution/organigramme/le-conseil-d-administration.html",,"Mme Sophie Rohfritsch","Membre suppléante","2012-10-04"
"Conseil d'administration de l'Office franco-allemand pour la jeunesse","Article XXX de la loi visant à garantir la présence des parlementaires dans certains organismes extérieurs au Parlement et à simplifier les modalités de leur nomination","https://www.ofaj.org/institution/organigramme/le-conseil-d-administration.html",,"M. Jean-Louis Idiart","Membre suppléant","2007-08-01"
"Conseil d'administration de l'Office franco-allemand pour la jeunesse","Article XXX de la loi visant à garantir la présence des parlementaires dans certains organismes extérieurs au Parlement et à simplifier les modalités de leur nomination","https://www.ofaj.org/institution/organigramme/le-conseil-d-administration.html",,"M. Hadrien Clouet","Membre titulaire","2024-11-06"
"Conseil d'administration de l'Office franco-allemand pour la jeunesse","Article XXX de la loi visant à garantir la présence des parlementaires dans certains organismes extérieurs au Parlement et à simplifier les modalités de leur nomination","https://www.ofaj.org/institution/organigramme/le-conseil-d-administration.html",,"M. Frédéric Reiss","Membre suppléant","2017-10-25"
"Conseil d'administration de l'Office franco-allemand pour la jeunesse","Article XXX de la loi visant à garantir la présence des parlementaires dans certains organismes extérieurs au Parlement et à simplifier les modalités de leur nomination","https://www.ofaj.org/institution/organigramme/le-conseil-d-administration.html",,"M. Hadrien Clouet","Membre suppléant","2022-10-21"
"Conseil d'administration de l'Office franco-allemand pour la jeunesse","Article XXX de la loi visant à garantir la présence des parlementaires dans certains organismes extérieurs au Parlement et à simplifier les modalités de leur nomination","https://www.ofaj.org/institution/organigramme/le-conseil-d-administration.html",,"M. Bruno Studer","Membre titulaire","2017-10-25"
"Conseil d'administration de l'Office franco-allemand pour la jeunesse","Article XXX de la loi visant à garantir la présence des parlementaires dans certains organismes extérieurs au Parlement et à simplifier les modalités de leur nomination","https://www.ofaj.org/institution/organigramme/le-conseil-d-administration.html",,"M. Frédéric Reiss","Membre suppléant","2015-11-14"
"Conseil d'administration de l'Office franco-allemand pour la jeunesse","Article XXX de la loi visant à garantir la présence des parlementaires dans certains organismes extérieurs au Parlement et à simplifier les modalités de leur nomination","https://www.ofaj.org/institution/organigramme/le-conseil-d-administration.html",,"M. Pierre-Yves Le Borgn'","Membre titulaire","2012-10-04"
"Conseil d'administration de l'Office franco-allemand pour la jeunesse","Article XXX de la loi visant à garantir la présence des parlementaires dans certains organismes extérieurs au Parlement et à simplifier les modalités de leur nomination","https://www.ofaj.org/institution/organigramme/le-conseil-d-administration.html",,"M. Yves Bur","Membre titulaire","2009-10-23"
"Conseil d'administration de l'Office franco-allemand pour la jeunesse","Article XXX de la loi visant à garantir la présence des parlementaires dans certains organismes extérieurs au Parlement et à simplifier les modalités de leur nomination","https://www.ofaj.org/institution/organigramme/le-conseil-d-administration.html",,"M. Yves Bur","Membre titulaire","2007-08-01"
"Conseil d'administration de l'Office franco-allemand pour la jeunesse","Article XXX de la loi visant à garantir la présence des parlementaires dans certains organismes extérieurs au Parlement et à simplifier les modalités de leur nomination","https://www.ofaj.org/institution/organigramme/le-conseil-d-administration.html",,"Mme Brigitte Klinkert","Membre suppléante","2024-11-06"
"Conseil d'administration de l'Office franco-allemand pour la jeunesse","Article XXX de la loi visant à garantir la présence des parlementaires dans certains organismes extérieurs au Parlement et à simplifier les modalités de leur nomination","https://www.ofaj.org/institution/organigramme/le-conseil-d-administration.html",,"Mme Sabine Thillaye","Membre titulaire","2022-10-21"
"Conseil national de l'enseignement supérieur et de la recherche","Article L. 232-1 du code de l’éducation","http://www.enseignementsup-recherche.gouv.fr/cid53497/le-conseil-national-de-l-enseignement-superieur-et-de-la-recherche-cneser.html","20","M. Patrick Braouezec","Membre suppléant","2007-10-11"
"Conseil national de l'enseignement supérieur et de la recherche","Article L. 232-1 du code de l’éducation","http://www.enseignementsup-recherche.gouv.fr/cid53497/le-conseil-national-de-l-enseignement-superieur-et-de-la-recherche-cneser.html","20","M. Michel Pelchat","Membre suppléant","1989-04-14"
"Conseil national de l'enseignement supérieur et de la recherche","Article L. 232-1 du code de l’éducation","http://www.enseignementsup-recherche.gouv.fr/cid53497/le-conseil-national-de-l-enseignement-superieur-et-de-la-recherche-cneser.html","20","Mme Andrée Taurinya","Membre suppléante","2022-10-21"
"Conseil national de l'enseignement supérieur et de la recherche","Article L. 232-1 du code de l’éducation","http://www.enseignementsup-recherche.gouv.fr/cid53497/le-conseil-national-de-l-enseignement-superieur-et-de-la-recherche-cneser.html","20","M. Patrick Braouezec","Membre suppléant","2012-02-01"
"Conseil national de l'enseignement supérieur et de la recherche","Article L. 232-1 du code de l’éducation","http://www.enseignementsup-recherche.gouv.fr/cid53497/le-conseil-national-de-l-enseignement-superieur-et-de-la-recherche-cneser.html","20","M. Jean-Paul Bret","Membre titulaire","2001-10-03"
"Conseil national de l'enseignement supérieur et de la recherche","Article L. 232-1 du code de l’éducation","http://www.enseignementsup-recherche.gouv.fr/cid53497/le-conseil-national-de-l-enseignement-superieur-et-de-la-recherche-cneser.html","20","M. Maxime Michelet","Membre suppléant","2024-11-06"
"Conseil national de l'enseignement supérieur et de la recherche","Article L. 232-1 du code de l’éducation","http://www.enseignementsup-recherche.gouv.fr/cid53497/le-conseil-national-de-l-enseignement-superieur-et-de-la-recherche-cneser.html","20","M. Frédéric Dutoit","Membre suppléant","2002-08-01"
"Conseil national de l'enseignement supérieur et de la recherche","Article L. 232-1 du code de l’éducation","http://www.enseignementsup-recherche.gouv.fr/cid53497/le-conseil-national-de-l-enseignement-superieur-et-de-la-recherche-cneser.html","20","M. Jean-Michel Dubernard","Membre titulaire","1993-05-14"
"Conseil national de l'enseignement supérieur et de la recherche","Article L. 232-1 du code de l’éducation","http://www.enseignementsup-recherche.gouv.fr/cid53497/le-conseil-national-de-l-enseignement-superieur-et-de-la-recherche-cneser.html","20","M. Laurent Hénart","Membre titulaire","2007-10-11"
"Conseil national de l'enseignement supérieur et de la recherche","Article L. 232-1 du code de l’éducation","http://www.enseignementsup-recherche.gouv.fr/cid53497/le-conseil-national-de-l-enseignement-superieur-et-de-la-recherche-cneser.html","20","M. Emeric Bréhier","Membre titulaire","2012-10-04"
"Conseil national de l'enseignement supérieur et de la recherche","Article L. 232-1 du code de l’éducation","http://www.enseignementsup-recherche.gouv.fr/cid53497/le-conseil-national-de-l-enseignement-superieur-et-de-la-recherche-cneser.html","20","M. Jean-Paul Bret","Membre titulaire","1997-09-19"
"Conseil national de l'enseignement supérieur et de la recherche","Article L. 232-1 du code de l’éducation","http://www.enseignementsup-recherche.gouv.fr/cid53497/le-conseil-national-de-l-enseignement-superieur-et-de-la-recherche-cneser.html","20","M. Jean-Pierre Foucher","Membre suppléant","1997-09-19"
"Conseil national de l'enseignement supérieur et de la recherche","Article L. 232-1 du code de l’éducation","http://www.enseignementsup-recherche.gouv.fr/cid53497/le-conseil-national-de-l-enseignement-superieur-et-de-la-recherche-cneser.html","20","M. Jean-Louis Beaumont","Membre suppléant","1993-05-14"
"Conseil national de l'enseignement supérieur et de la recherche","Article L. 232-1 du code de l’éducation","http://www.enseignementsup-recherche.gouv.fr/cid53497/le-conseil-national-de-l-enseignement-superieur-et-de-la-recherche-cneser.html","20","M. Roland Carraz","Membre titulaire","1989-04-14"
"Conseil national de l'enseignement supérieur et de la recherche","Article L. 232-1 du code de l’éducation","http://www.enseignementsup-recherche.gouv.fr/cid53497/le-conseil-national-de-l-enseignement-superieur-et-de-la-recherche-cneser.html","20","M. Claude de Ganay","Membre suppléant","2019-12-20"
"Conseil national de l'enseignement supérieur et de la recherche","Article L. 232-1 du code de l’éducation","http://www.enseignementsup-recherche.gouv.fr/cid53497/le-conseil-national-de-l-enseignement-superieur-et-de-la-recherche-cneser.html","20","M. Éric Girardin","Membre titulaire","2022-10-21"
"Conseil national de l'enseignement supérieur et de la recherche","Article L. 232-1 du code de l’éducation","http://www.enseignementsup-recherche.gouv.fr/cid53497/le-conseil-national-de-l-enseignement-superieur-et-de-la-recherche-cneser.html","20","Mme Fannette Charvier","Membre titulaire","2019-12-20"
"Conseil national de l'enseignement supérieur et de la recherche","Article L. 232-1 du code de l’éducation","http://www.enseignementsup-recherche.gouv.fr/cid53497/le-conseil-national-de-l-enseignement-superieur-et-de-la-recherche-cneser.html","20","M. Laurent Hénart","Membre titulaire","2012-02-01"
"Conseil national de l'enseignement supérieur et de la recherche","Article L. 232-1 du code de l’éducation","http://www.enseignementsup-recherche.gouv.fr/cid53497/le-conseil-national-de-l-enseignement-superieur-et-de-la-recherche-cneser.html","20","Mme Graziella Melchior","Membre titulaire","2024-11-06"
"Conseil national de l'enseignement supérieur et de la recherche","Article L. 232-1 du code de l’éducation","http://www.enseignementsup-recherche.gouv.fr/cid53497/le-conseil-national-de-l-enseignement-superieur-et-de-la-recherche-cneser.html","20","M. Jean-Pierre Foucher","Membre suppléant","2001-10-03"
"Conseil national de l'enseignement supérieur et de la recherche","Article L. 232-1 du code de l’éducation","http://www.enseignementsup-recherche.gouv.fr/cid53497/le-conseil-national-de-l-enseignement-superieur-et-de-la-recherche-cneser.html","20","M. Pierre-André Périssol","Membre titulaire","2002-08-01"
"Conseil national de l'enseignement supérieur et de la recherche","Article L. 232-1 du code de l’éducation","http://www.enseignementsup-recherche.gouv.fr/cid53497/le-conseil-national-de-l-enseignement-superieur-et-de-la-recherche-cneser.html","20","M. Patrick Hetzel","Membre suppléant","2012-10-04"
"Comité des usagers du réseau routier national","Article L. 121-4 du code de la voirie routière",,"4","Mme Béatrice Santais","Membre titulaire","2012-10-16"
"Comité des usagers du réseau routier national","Article L. 121-4 du code de la voirie routière",,"4","Mme Claire Bouchet","Membre titulaire","2020-10-21"
"Comité des usagers du réseau routier national","Article L. 121-4 du code de la voirie routière",,"4","M. Rémi Delatte","Membre titulaire","2010-01-25"
"Comité des usagers du réseau routier national","Article L. 121-4 du code de la voirie routière",,"4","Mme Bérangère Abba","Membre titulaire","2017-10-25"
"Comité des usagers du réseau routier national","Article L. 121-4 du code de la voirie routière",,"4","Mme Edwige Diaz","Membre titulaire","2023-03-28"
"Comité des usagers du réseau routier national","Article L. 121-4 du code de la voirie routière",,"4","M. Guy Bricout","Membre suppléant","2017-10-25"
"Comité des usagers du réseau routier national","Article L. 121-4 du code de la voirie routière",,"4","M. Pierre Meurin","Membre titulaire","2024-11-06"
"Commission supérieure du numérique et des postes","Article L. 125  du code des postes et des communications électroniques","https://csnp.fr/","10","M. Lionel Tardy","Membre titulaire","2009-07-02"
"Commission supérieure du numérique et des postes","Article L. 125  du code des postes et des communications électroniques","https://csnp.fr/","10","M. Thierry Solère","Membre titulaire","2014-08-01"
"Commission supérieure du numérique et des postes","Article L. 125  du code des postes et des communications électroniques","https://csnp.fr/","10","Mme Mireille Clapot","Membre titulaire","2017-10-31"
"Commission supérieure du numérique et des postes","Article L. 125  du code des postes et des communications électroniques","https://csnp.fr/","10","M. François Brottes","Membre titulaire","1997-09-19"
"Commission supérieure du numérique et des postes","Article L. 125  du code des postes et des communications électroniques","https://csnp.fr/","10","M. Alain Bonnet","Membre titulaire","1990-10-14"
"Commission supérieure du numérique et des postes","Article L. 125  du code des postes et des communications électroniques","https://csnp.fr/","10","M. Jean Besson","Membre titulaire","2002-08-01"
"Commission supérieure du numérique et des postes","Article L. 125  du code des postes et des communications électroniques","https://csnp.fr/","10","M. Aurélien Lopez-Liguori","Membre titulaire","2024-11-27"
"Commission supérieure du numérique et des postes","Article L. 125  du code des postes et des communications électroniques","https://csnp.fr/","10","Mme Virginie Duby-Muller","Membre titulaire","2017-10-31"
"Commission supérieure du numérique et des postes","Article L. 125  du code des postes et des communications électroniques","https://csnp.fr/","10","M. Jean Launay","Membre titulaire","2012-11-28"
"Commission supérieure du numérique et des postes","Article L. 125  du code des postes et des communications électroniques","https://csnp.fr/","10","M. Pierre Micaux","Membre titulaire","1990-10-14"
"Commission supérieure du numérique et des postes","Article L. 125  du code des postes et des communications électroniques","https://csnp.fr/","10","Mme Corinne Erhel","Membre titulaire","2014-09-11"
"Commission supérieure du numérique et des postes","Article L. 125  du code des postes et des communications électroniques","https://csnp.fr/","10","M. Jean Dionis du Séjour","Membre titulaire","2002-08-01"
"Commission supérieure du numérique et des postes","Article L. 125  du code des postes et des communications électroniques","https://csnp.fr/","10","Mme Marcelle Ramonet","Membre titulaire","2002-08-01"
"Commission supérieure du numérique et des postes","Article L. 125  du code des postes et des communications électroniques","https://csnp.fr/","10","M. Jacques Oberti","Membre titulaire","2024-11-27"
"Commission supérieure du numérique et des postes","Article L. 125  du code des postes et des communications électroniques","https://csnp.fr/","10","Mme Christine Hennion","Membre titulaire","2017-10-31"
"Commission supérieure du numérique et des postes","Article L. 125  du code des postes et des communications électroniques","https://csnp.fr/","10","M. Jean-Pierre Fourre","Membre titulaire","1990-10-14"
"Commission supérieure du numérique et des postes","Article L. 125  du code des postes et des communications électroniques","https://csnp.fr/","10","Mme Lisa Belluco","Membre titulaire","2024-11-27"
"Commission supérieure du numérique et des postes","Article L. 125  du code des postes et des communications électroniques","https://csnp.fr/","10","M. Alain Joyandet","Membre titulaire","2002-08-01"
"Commission supérieure du numérique et des postes","Article L. 125  du code des postes et des communications électroniques","https://csnp.fr/","10","M. Stéphane Travert","Membre titulaire","2024-11-27"
"Commission supérieure du numérique et des postes","Article L. 125  du code des postes et des communications électroniques","https://csnp.fr/","10","M. Gérard Terrier","Membre titulaire","1997-09-19"
"Commission supérieure du numérique et des postes","Article L. 125  du code des postes et des communications électroniques","https://csnp.fr/","10","M. Aurélien Lopez-Liguori","Membre titulaire","2022-10-21"
"Commission supérieure du numérique et des postes","Article L. 125  du code des postes et des communications électroniques","https://csnp.fr/","10","M. Jacques Guyard","Membre titulaire","1997-09-19"
"Commission supérieure du numérique et des postes","Article L. 125  du code des postes et des communications électroniques","https://csnp.fr/","10","Mme Angélique Ranc","Membre titulaire","2022-10-21"
"Commission supérieure du numérique et des postes","Article L. 125  du code des postes et des communications électroniques","https://csnp.fr/","10","Mme Anne Le Hénanff","Membre titulaire","2022-10-21"
"Commission supérieure du numérique et des postes","Article L. 125  du code des postes et des communications électroniques","https://csnp.fr/","10","M. Xavier Batut","Membre titulaire","2022-10-21"
"Commission supérieure du numérique et des postes","Article L. 125  du code des postes et des communications électroniques","https://csnp.fr/","10","M. André Chassaigne","Membre titulaire","2012-10-11"
"Commission supérieure du numérique et des postes","Article L. 125  du code des postes et des communications électroniques","https://csnp.fr/","10","M. Jean Proriol","Membre titulaire","1996-10-11"
"Commission supérieure du numérique et des postes","Article L. 125  du code des postes et des communications électroniques","https://csnp.fr/","10","M. Jean Dionis du Séjour","Membre titulaire","2007-08-10"
"Commission supérieure du numérique et des postes","Article L. 125  du code des postes et des communications électroniques","https://csnp.fr/","10","Mme Laure de La Raudière","Membre titulaire","2012-10-11"
"Commission supérieure du numérique et des postes","Article L. 125  du code des postes et des communications électroniques","https://csnp.fr/","10","Mme Laure de La Raudière","Membre titulaire","2007-08-10"
"Commission supérieure du numérique et des postes","Article L. 125  du code des postes et des communications électroniques","https://csnp.fr/","10","M. François Sauvadet","Membre titulaire","2012-10-11"
"Commission supérieure du numérique et des postes","Article L. 125  du code des postes et des communications électroniques","https://csnp.fr/","10","M. Yvon Bonnot","Membre titulaire","1996-10-11"
"Commission supérieure du numérique et des postes","Article L. 125  du code des postes et des communications électroniques","https://csnp.fr/","10","M. Michel Raison","Membre titulaire","2007-08-10"
"Commission supérieure du numérique et des postes","Article L. 125  du code des postes et des communications électroniques","https://csnp.fr/","10","M. Jacques Desallangre","Membre titulaire","1997-09-19"
"Commission supérieure du numérique et des postes","Article L. 125  du code des postes et des communications électroniques","https://csnp.fr/","10","M. Alain Gouriou","Membre titulaire","1997-09-19"
"Commission supérieure du numérique et des postes","Article L. 125  du code des postes et des communications électroniques","https://csnp.fr/","10","M. Hervé Saulignac","Membre titulaire","2017-10-31"
"Commission supérieure du numérique et des postes","Article L. 125  du code des postes et des communications électroniques","https://csnp.fr/","10","M. Florian Bachelier","Membre titulaire","2017-10-31"
"Commission supérieure du numérique et des postes","Article L. 125  du code des postes et des communications électroniques","https://csnp.fr/","10","M. Gérard Vignoble","Membre titulaire","1990-10-14"
"Commission supérieure du numérique et des postes","Article L. 125  du code des postes et des communications électroniques","https://csnp.fr/","10","M. Thierry Benoit","Membre titulaire","2015-06-20"
"Commission supérieure du numérique et des postes","Article L. 125  du code des postes et des communications électroniques","https://csnp.fr/","10","M. Thierry Carcenac","Membre titulaire","2002-08-01"
"Commission supérieure du numérique et des postes","Article L. 125  du code des postes et des communications électroniques","https://csnp.fr/","10","M. Jean Proriol","Membre titulaire","2002-08-01"
"Commission supérieure du numérique et des postes","Article L. 125  du code des postes et des communications électroniques","https://csnp.fr/","10","Mme Marie Pochon","Membre titulaire","2024-11-27"
"Commission supérieure du numérique et des postes","Article L. 125  du code des postes et des communications électroniques","https://csnp.fr/","10","Mme Amélie de Montchalin","Membre titulaire","2017-10-31"
"Commission supérieure du numérique et des postes","Article L. 125  du code des postes et des communications électroniques","https://csnp.fr/","10","M. Jean Besson","Membre titulaire","1990-10-14"
"Commission supérieure du numérique et des postes","Article L. 125  du code des postes et des communications électroniques","https://csnp.fr/","10","M. Gabriel Montcharmont","Membre titulaire","1990-10-14"
"Commission supérieure du numérique et des postes","Article L. 125  du code des postes et des communications électroniques","https://csnp.fr/","10","M. Alain Gouriou","Membre titulaire","2002-08-01"
"Commission supérieure du numérique et des postes","Article L. 125  du code des postes et des communications électroniques","https://csnp.fr/","10","Mme Anne Le Hénanff","Membre titulaire","2024-11-27"
"Commission supérieure du numérique et des postes","Article L. 125  du code des postes et des communications électroniques","https://csnp.fr/","10","M. Stéphane Vojetta","Membre titulaire","2024-11-27"
"Commission supérieure du numérique et des postes","Article L. 125  du code des postes et des communications électroniques","https://csnp.fr/","10","M. Stéphane Travert","Membre titulaire","2022-10-21"
"Commission supérieure du numérique et des postes","Article L. 125  du code des postes et des communications électroniques","https://csnp.fr/","10","M. Frédéric Soulier","Membre titulaire","2004-05-18"
"Commission supérieure du numérique et des postes","Article L. 125  du code des postes et des communications électroniques","https://csnp.fr/","10","M. Alfred Trassy-Paillogues","Membre titulaire","2004-04-29"
"Commission supérieure du numérique et des postes","Article L. 125  du code des postes et des communications électroniques","https://csnp.fr/","10","Mme Mireille Clapot","Membre titulaire","2022-10-21"
"Commission supérieure du numérique et des postes","Article L. 125  du code des postes et des communications électroniques","https://csnp.fr/","10","Mme Sophia Chikirou","Membre titulaire","2022-10-21"
"Commission supérieure du numérique et des postes","Article L. 125  du code des postes et des communications électroniques","https://csnp.fr/","10","M. Gabriel Montcharmont","Membre titulaire","1997-09-19"
"Commission supérieure du numérique et des postes","Article L. 125  du code des postes et des communications électroniques","https://csnp.fr/","10","M. Jacques Guyard","Membre titulaire","1996-10-11"
"Commission supérieure du numérique et des postes","Article L. 125  du code des postes et des communications électroniques","https://csnp.fr/","10","M. Thierry Carcenac","Membre titulaire","2007-08-10"
"Commission supérieure du numérique et des postes","Article L. 125  du code des postes et des communications électroniques","https://csnp.fr/","10","Mme Jeanine Dubié","Membre titulaire","2012-10-11"
"Commission supérieure du numérique et des postes","Article L. 125  du code des postes et des communications électroniques","https://csnp.fr/","10","M. Patrice Martin-Lalande","Membre titulaire","1996-10-11"
"Commission supérieure du numérique et des postes","Article L. 125  du code des postes et des communications électroniques","https://csnp.fr/","10","M. Alain Joyandet","Membre titulaire","2007-08-10"
"Commission supérieure du numérique et des postes","Article L. 125  du code des postes et des communications électroniques","https://csnp.fr/","10","M. Jean Besson","Membre titulaire","1997-09-19"
"Commission supérieure du numérique et des postes","Article L. 125  du code des postes et des communications électroniques","https://csnp.fr/","10","M. Frédéric Barbier","Membre titulaire","2012-10-11"
"Commission supérieure du numérique et des postes","Article L. 125  du code des postes et des communications électroniques","https://csnp.fr/","10","Mme Jacqueline Maquet","Membre titulaire","2012-10-11"
"Commission supérieure du numérique et des postes","Article L. 125  du code des postes et des communications électroniques","https://csnp.fr/","10","M. Jean Besson","Membre titulaire","1996-10-11"
"Commission supérieure du numérique et des postes","Article L. 125  du code des postes et des communications électroniques","https://csnp.fr/","10","M. Jean Proriol","Membre titulaire","2007-08-10"
"Commission supérieure du numérique et des postes","Article L. 125  du code des postes et des communications électroniques","https://csnp.fr/","10","M. Lionel Tardy","Membre titulaire","2012-10-11"
"Commission supérieure du numérique et des postes","Article L. 125  du code des postes et des communications électroniques","https://csnp.fr/","10","M. Christian Cabal","Membre titulaire","1996-10-11"
"Commission supérieure du numérique et des postes","Article L. 125  du code des postes et des communications électroniques","https://csnp.fr/","10","M. Joseph Klifa","Membre titulaire","1996-10-11"
"Commission supérieure du numérique et des postes","Article L. 125  du code des postes et des communications électroniques","https://csnp.fr/","10","M. Alfred Trassy-Paillogues","Membre titulaire","2007-08-10"
"Commission supérieure du numérique et des postes","Article L. 125  du code des postes et des communications électroniques","https://csnp.fr/","10","Mme Dominique David","Membre titulaire","2019-05-02"
"Commission supérieure du numérique et des postes","Article L. 125  du code des postes et des communications électroniques","https://csnp.fr/","10","M. Jean-Michel Mis","Membre titulaire","2020-01-15"
"Commission supérieure du numérique et des postes","Article L. 125  du code des postes et des communications électroniques","https://csnp.fr/","10","Mme Catherine Vautrin","Membre titulaire","2003-07-15"
"Commission supérieure du numérique et des postes","Article L. 125  du code des postes et des communications électroniques","https://csnp.fr/","10","M. Jean-Paul Dufrègne","Membre titulaire","2017-10-31"
"Conseil de surveillance de la SNCF","Article L. 2102-7 du code des transports","https://www.sncf.com/fr/groupe/profil-et-chiffres-cles/gouvernance-entreprise/conseil-surveillance",,"M. Jean-Paul Chanteguet","Membre titulaire","2015-03-26"
"Conseil de surveillance de la SNCF","Article L. 2102-7 du code des transports","https://www.sncf.com/fr/groupe/profil-et-chiffres-cles/gouvernance-entreprise/conseil-surveillance",,"Mme Zivka Park","Membre titulaire","2017-10-19"
"Commission nationale du débat public ","Article L. 121-3 du code de l'environnement","https://www.debatpublic.fr/sa-composition",,"Mme Danielle Simonnet","Membre titulaire","2024-11-06"
"Commission nationale du débat public ","Article L. 121-3 du code de l'environnement","https://www.debatpublic.fr/sa-composition",,"M. Serge Bardy","Membre titulaire","2012-09-03"
"Commission nationale du débat public ","Article L. 121-3 du code de l'environnement","https://www.debatpublic.fr/sa-composition",,"M. Jean Lassalle","Membre titulaire","2002-08-01"
"Commission nationale du débat public ","Article L. 121-3 du code de l'environnement","https://www.debatpublic.fr/sa-composition",,"M. Guillaume Vuilletet","Membre titulaire","2017-10-05"
"Commission nationale du débat public ","Article L. 121-3 du code de l'environnement","https://www.debatpublic.fr/sa-composition",,"M. Serge Blisko","Membre titulaire","1997-07-10"
"Commission nationale du débat public ","Article L. 121-3 du code de l'environnement","https://www.debatpublic.fr/sa-composition",,"M. Jean Lassalle","Membre titulaire","2007-08-01"
"Commission nationale du débat public ","Article L. 121-3 du code de l'environnement","https://www.debatpublic.fr/sa-composition",,"M. Jean-Pierre Pont","Membre titulaire","2022-08-06"
"Commission nationale du débat public ","Article L. 121-3 du code de l'environnement","https://www.debatpublic.fr/sa-composition",,"M. Ambroise Guellec","Membre titulaire","1996-06-07"
"Conseil national de l'information statistique","Article 1 bis de la loi n° 51-711 du 7 juin 1951","https://www.cnis.fr/instances/composition-du-conseil/","21","M. Christian Cuvilliez","Membre suppléant","1999-05-18"
"Conseil national de l'information statistique","Article 1 bis de la loi n° 51-711 du 7 juin 1951","https://www.cnis.fr/instances/composition-du-conseil/","21","M. Michel Sala","Membre titulaire","2022-10-21"
"Conseil national de l'information statistique","Article 1 bis de la loi n° 51-711 du 7 juin 1951","https://www.cnis.fr/instances/composition-du-conseil/","21","M. Yves Fréville","Membre titulaire","1993-05-14"
"Conseil national de l'information statistique","Article 1 bis de la loi n° 51-711 du 7 juin 1951","https://www.cnis.fr/instances/composition-du-conseil/","21","M. Jean-Pierre Gorges","Membre titulaire","2007-08-10"
"Conseil national de l'information statistique","Article 1 bis de la loi n° 51-711 du 7 juin 1951","https://www.cnis.fr/instances/composition-du-conseil/","21","M. Pierre Bourguignon","Membre suppléant","2002-08-01"
"Conseil national de l'information statistique","Article 1 bis de la loi n° 51-711 du 7 juin 1951","https://www.cnis.fr/instances/composition-du-conseil/","21","M. Philippe Auberger","Membre titulaire","1986-05-16"
"Conseil national de l'information statistique","Article 1 bis de la loi n° 51-711 du 7 juin 1951","https://www.cnis.fr/instances/composition-du-conseil/","21","M. Gilbert Gantier","Membre suppléant","1988-11-19"
"Conseil national de l'information statistique","Article 1 bis de la loi n° 51-711 du 7 juin 1951","https://www.cnis.fr/instances/composition-du-conseil/","21","M. Gilles Carrez","Membre suppléant","1993-05-14"
"Conseil national de l'information statistique","Article 1 bis de la loi n° 51-711 du 7 juin 1951","https://www.cnis.fr/instances/composition-du-conseil/","21","M. Alain Belviso","Membre suppléant","1998-10-08"
"Conseil national de l'information statistique","Article 1 bis de la loi n° 51-711 du 7 juin 1951","https://www.cnis.fr/instances/composition-du-conseil/","21","M. Nicolas Démoulin","Membre titulaire","2017-11-02"
"Conseil national de l'information statistique","Article 1 bis de la loi n° 51-711 du 7 juin 1951","https://www.cnis.fr/instances/composition-du-conseil/","21","M. Jean Tardito","Membre suppléant","1998-01-30"
"Conseil national de l'information statistique","Article 1 bis de la loi n° 51-711 du 7 juin 1951","https://www.cnis.fr/instances/composition-du-conseil/","21","Mme Karine Berger","Membre titulaire","2012-09-03"
"Conseil national de l'information statistique","Article 1 bis de la loi n° 51-711 du 7 juin 1951","https://www.cnis.fr/instances/composition-du-conseil/","21","M. Hervé Mariton","Membre titulaire","2009-04-15"
"Conseil national de l'information statistique","Article 1 bis de la loi n° 51-711 du 7 juin 1951","https://www.cnis.fr/instances/composition-du-conseil/","21","M. Denis Merville","Membre titulaire","2002-08-01"
"Conseil national de l'information statistique","Article 1 bis de la loi n° 51-711 du 7 juin 1951","https://www.cnis.fr/instances/composition-du-conseil/","21","M. Henry Chabert","Membre titulaire","1998-01-30"
"Conseil national de l'information statistique","Article 1 bis de la loi n° 51-711 du 7 juin 1951","https://www.cnis.fr/instances/composition-du-conseil/","21","M. Roland Huguet","Membre titulaire","1988-11-19"
"Conseil national de l'information statistique","Article 1 bis de la loi n° 51-711 du 7 juin 1951","https://www.cnis.fr/instances/composition-du-conseil/","21","M. Philippe Vasseur","Membre suppléant","1986-05-16"
"Conseil national de l'information statistique","Article 1 bis de la loi n° 51-711 du 7 juin 1951","https://www.cnis.fr/instances/composition-du-conseil/","21","M. Jean Tardito","Membre suppléant","1997-07-23"
"Conseil national de l'information statistique","Article 1 bis de la loi n° 51-711 du 7 juin 1951","https://www.cnis.fr/instances/composition-du-conseil/","21","Mme Hélène Laporte","Membre titulaire","2024-11-21"
"Conseil d'administration de l'Agence nationale de sécurité du médicament et des produits de santé","Article L. 5322-1 du code de la santé publique","http://ansm.sante.fr/L-ANSM/Gouvernance/Conseil-d-administration/(offset)/1","0","M. Michel Lauzzana","Membre titulaire","2024-11-06"
"Conseil d'administration de l'Agence nationale de sécurité du médicament et des produits de santé","Article L. 5322-1 du code de la santé publique","http://ansm.sante.fr/L-ANSM/Gouvernance/Conseil-d-administration/(offset)/1","0","Mme Sandrine Hurel","Membre titulaire","2012-09-14"
"Conseil d'administration de l'Agence nationale de sécurité du médicament et des produits de santé","Article L. 5322-1 du code de la santé publique","http://ansm.sante.fr/L-ANSM/Gouvernance/Conseil-d-administration/(offset)/1","0","M. Gérard Bapt","Membre titulaire","2012-09-14"
"Conseil d'administration de l'Agence nationale de sécurité du médicament et des produits de santé","Article L. 5322-1 du code de la santé publique","http://ansm.sante.fr/L-ANSM/Gouvernance/Conseil-d-administration/(offset)/1","0","Mme Anne-Laure Blin","Membre titulaire","2022-10-21"
"Conseil d'administration de l'Agence nationale de sécurité du médicament et des produits de santé","Article L. 5322-1 du code de la santé publique","http://ansm.sante.fr/L-ANSM/Gouvernance/Conseil-d-administration/(offset)/1","0","Mme Hélène Vainqueur-Christophe","Membre titulaire","2017-12-26"
"Conseil d'administration de l'Agence nationale de sécurité du médicament et des produits de santé","Article L. 5322-1 du code de la santé publique","http://ansm.sante.fr/L-ANSM/Gouvernance/Conseil-d-administration/(offset)/1","0","Mme Angélique Ranc","Membre titulaire","2024-11-06"
"Conseil d'administration de l'Agence nationale de sécurité du médicament et des produits de santé","Article L. 5322-1 du code de la santé publique","http://ansm.sante.fr/L-ANSM/Gouvernance/Conseil-d-administration/(offset)/1","0","M. Damien Maudet","Membre titulaire","2024-11-06"
"Conseil d'administration de l'Agence nationale de sécurité du médicament et des produits de santé","Article L. 5322-1 du code de la santé publique","http://ansm.sante.fr/L-ANSM/Gouvernance/Conseil-d-administration/(offset)/1","0","M. Arnaud Robinet","Membre titulaire","2012-09-14"
"Conseil d'administration de l'Agence nationale de sécurité du médicament et des produits de santé","Article L. 5322-1 du code de la santé publique","http://ansm.sante.fr/L-ANSM/Gouvernance/Conseil-d-administration/(offset)/1","0","Mme Ségolène Amiot","Membre titulaire","2022-10-21"
"Conseil d'administration de l'Agence nationale de sécurité du médicament et des produits de santé","Article L. 5322-1 du code de la santé publique","http://ansm.sante.fr/L-ANSM/Gouvernance/Conseil-d-administration/(offset)/1","0","M. Jean Terlier","Membre titulaire","2022-10-21"
"Conseil d'administration de l'Agence nationale de sécurité du médicament et des produits de santé","Article L. 5322-1 du code de la santé publique","http://ansm.sante.fr/L-ANSM/Gouvernance/Conseil-d-administration/(offset)/1","0","M. Julien Borowczyk","Membre titulaire","2017-12-26"
"Conseil d'administration de l'Agence nationale de sécurité du médicament et des produits de santé","Article L. 5322-1 du code de la santé publique","http://ansm.sante.fr/L-ANSM/Gouvernance/Conseil-d-administration/(offset)/1","0","Mme Josiane Corneloup","Membre titulaire","2017-12-26"
"Comité des finances locales","Article L. 1211-2 du code général des collectivités territoriales","https://www.collectivites-locales.gouv.fr/liste-des-membres-1","7","M. Nicolas Ray","Membre suppléant","2024-11-06"
"Comité des finances locales","Article L. 1211-2 du code général des collectivités territoriales","https://www.collectivites-locales.gouv.fr/liste-des-membres-1","7","M. Jean-Jacques Jégou","Membre suppléant","1986-06-13"
"Comité des finances locales","Article L. 1211-2 du code général des collectivités territoriales","https://www.collectivites-locales.gouv.fr/liste-des-membres-1","7","M. Guy Geoffroy","Membre suppléant","2002-08-01"
"Comité des finances locales","Article L. 1211-2 du code général des collectivités territoriales","https://www.collectivites-locales.gouv.fr/liste-des-membres-1","7","M. Paul-Louis Tenaillon","Membre titulaire","1993-05-14"
"Comité des finances locales","Article L. 1211-2 du code général des collectivités territoriales","https://www.collectivites-locales.gouv.fr/liste-des-membres-1","7","M. Marc Laffineur","Membre suppléant","2008-11-03"
"Comité des finances locales","Article L. 1211-2 du code général des collectivités territoriales","https://www.collectivites-locales.gouv.fr/liste-des-membres-1","7","M. Paul-Louis Tenaillon","Membre titulaire","1992-05-01"
"Comité des finances locales","Article L. 1211-2 du code général des collectivités territoriales","https://www.collectivites-locales.gouv.fr/liste-des-membres-1","7","M. Jacques Pélissard","Membre titulaire","2002-08-01"
"Comité des finances locales","Article L. 1211-2 du code général des collectivités territoriales","https://www.collectivites-locales.gouv.fr/liste-des-membres-1","7","M. Raymond Lamontagne","Membre titulaire","1996-09-13"
"Comité des finances locales","Article L. 1211-2 du code général des collectivités territoriales","https://www.collectivites-locales.gouv.fr/liste-des-membres-1","7","M. Pierre Forgues","Membre suppléant","2000-06-21"
"Comité des finances locales","Article L. 1211-2 du code général des collectivités territoriales","https://www.collectivites-locales.gouv.fr/liste-des-membres-1","7","M. Claude Barate","Membre titulaire","1986-06-13"
"Comité des finances locales","Article L. 1211-2 du code général des collectivités territoriales","https://www.collectivites-locales.gouv.fr/liste-des-membres-1","7","Mme Stella Dupont","Membre titulaire","2017-08-08"
"Comité des finances locales","Article L. 1211-2 du code général des collectivités territoriales","https://www.collectivites-locales.gouv.fr/liste-des-membres-1","7","M. Jacques Pélissard","Membre titulaire","2005-10-20"
"Comité des finances locales","Article L. 1211-2 du code général des collectivités territoriales","https://www.collectivites-locales.gouv.fr/liste-des-membres-1","7","M. Jean-Paul Barety","Membre suppléant","1995-12-22"
"Comité des finances locales","Article L. 1211-2 du code général des collectivités territoriales","https://www.collectivites-locales.gouv.fr/liste-des-membres-1","7","Mme Sarah El Haïry","Membre suppléante","2017-08-08"
"Comité des finances locales","Article L. 1211-2 du code général des collectivités territoriales","https://www.collectivites-locales.gouv.fr/liste-des-membres-1","7","M. Guy Geoffroy","Membre suppléant","2005-10-20"
"Comité des finances locales","Article L. 1211-2 du code général des collectivités territoriales","https://www.collectivites-locales.gouv.fr/liste-des-membres-1","7","M. Augustin Bonrepaux","Membre titulaire","1988-11-19"
"Comité des finances locales","Article L. 1211-2 du code général des collectivités territoriales","https://www.collectivites-locales.gouv.fr/liste-des-membres-1","7","M. Marc Laffineur","Membre suppléant","2007-08-01"
"Comité des finances locales","Article L. 1211-2 du code général des collectivités territoriales","https://www.collectivites-locales.gouv.fr/liste-des-membres-1","7","M. Paul-Louis Tenaillon","Membre titulaire","1988-11-19"
"Comité des finances locales","Article L. 1211-2 du code général des collectivités territoriales","https://www.collectivites-locales.gouv.fr/liste-des-membres-1","7","M. Bernard Derosier","Membre titulaire","1997-07-23"
"Comité des finances locales","Article L. 1211-2 du code général des collectivités territoriales","https://www.collectivites-locales.gouv.fr/liste-des-membres-1","7","M. Michel Piron","Membre titulaire","2007-08-01"
"Comité des finances locales","Article L. 1211-2 du code général des collectivités territoriales","https://www.collectivites-locales.gouv.fr/liste-des-membres-1","7","M. Augustin Bonrepaux","Membre suppléant","1996-05-10"
"Comité des finances locales","Article L. 1211-2 du code général des collectivités territoriales","https://www.collectivites-locales.gouv.fr/liste-des-membres-1","7","M. Jean-René Cazeneuve","Membre titulaire","2020-11-05"
"Comité des finances locales","Article L. 1211-2 du code général des collectivités territoriales","https://www.collectivites-locales.gouv.fr/liste-des-membres-1","7","M. Pascal Cherki","Membre titulaire","2012-09-14"
"Comité des finances locales","Article L. 1211-2 du code général des collectivités territoriales","https://www.collectivites-locales.gouv.fr/liste-des-membres-1","7","M. Louis Giscard d'Estaing","Membre suppléant","2011-11-25"
"Comité des finances locales","Article L. 1211-2 du code général des collectivités territoriales","https://www.collectivites-locales.gouv.fr/liste-des-membres-1","7","Mme Aude Luquet","Membre suppléante","2020-11-06"
"Comité des finances locales","Article L. 1211-2 du code général des collectivités territoriales","https://www.collectivites-locales.gouv.fr/liste-des-membres-1","7","M. Jacques Pélissard","Membre suppléant","2012-09-14"
"Comité des finances locales","Article L. 1211-2 du code général des collectivités territoriales","https://www.collectivites-locales.gouv.fr/liste-des-membres-1","7","Mme Lise Magnier","Membre titulaire","2022-08-06"
"Comité des finances locales","Article L. 1211-2 du code général des collectivités territoriales","https://www.collectivites-locales.gouv.fr/liste-des-membres-1","7","M. Guy Geoffroy","Membre suppléant","2012-01-12"
"Comité des finances locales","Article L. 1211-2 du code général des collectivités territoriales","https://www.collectivites-locales.gouv.fr/liste-des-membres-1","7","M. Augustin Bonrepaux","Membre suppléant","1993-05-14"
"Comité des finances locales","Article L. 1211-2 du code général des collectivités territoriales","https://www.collectivites-locales.gouv.fr/liste-des-membres-1","7","Mme Christine Pirès Beaune","Membre suppléante","2022-08-06"
"Comité des finances locales","Article L. 1211-2 du code général des collectivités territoriales","https://www.collectivites-locales.gouv.fr/liste-des-membres-1","7","M. Emmanuel Mandon","Membre titulaire","2024-11-06"
"Comité des finances locales","Article L. 1211-2 du code général des collectivités territoriales","https://www.collectivites-locales.gouv.fr/liste-des-membres-1","7","M. Jacques Pélissard","Membre titulaire","2012-01-12"
"Comité des finances locales","Article L. 1211-2 du code général des collectivités territoriales","https://www.collectivites-locales.gouv.fr/liste-des-membres-1","7","M. Serge Grouard","Membre suppléant","2015-03-11"
"Comité des finances locales","Article L. 1211-2 du code général des collectivités territoriales","https://www.collectivites-locales.gouv.fr/liste-des-membres-1","7","M. Jacques Pélissard","Membre titulaire","2008-11-03"
"Comité des finances locales","Article L. 1211-2 du code général des collectivités territoriales","https://www.collectivites-locales.gouv.fr/liste-des-membres-1","7","M. Augustin Bonrepaux","Membre titulaire","1992-05-01"
"Comité des finances locales","Article L. 1211-2 du code général des collectivités territoriales","https://www.collectivites-locales.gouv.fr/liste-des-membres-1","7","Mme Martine Froger","Membre suppléante","2024-11-06"
"Comité des finances locales","Article L. 1211-2 du code général des collectivités territoriales","https://www.collectivites-locales.gouv.fr/liste-des-membres-1","7","M. Guy Geoffroy","Membre suppléant","2008-11-03"
"Comité des finances locales","Article L. 1211-2 du code général des collectivités territoriales","https://www.collectivites-locales.gouv.fr/liste-des-membres-1","7","M. Jacques Floch","Membre suppléant","1992-05-01"
"Comité des finances locales","Article L. 1211-2 du code général des collectivités territoriales","https://www.collectivites-locales.gouv.fr/liste-des-membres-1","7","M. Serge Charles","Membre suppléant","1986-06-13"
"Comité des finances locales","Article L. 1211-2 du code général des collectivités territoriales","https://www.collectivites-locales.gouv.fr/liste-des-membres-1","7","M. Marc Laffineur","Membre suppléant","2002-08-01"
"Comité des finances locales","Article L. 1211-2 du code général des collectivités territoriales","https://www.collectivites-locales.gouv.fr/liste-des-membres-1","7","M. Augustin Bonrepaux","Membre titulaire","2000-06-21"
"Comité des finances locales","Article L. 1211-2 du code général des collectivités territoriales","https://www.collectivites-locales.gouv.fr/liste-des-membres-1","7","M. Xavier de Roux","Membre titulaire","2002-08-01"
"Comité des finances locales","Article L. 1211-2 du code général des collectivités territoriales","https://www.collectivites-locales.gouv.fr/liste-des-membres-1","7","M. Paul-Louis Tenaillon","Membre titulaire","1987-05-22"
"Comité des finances locales","Article L. 1211-2 du code général des collectivités territoriales","https://www.collectivites-locales.gouv.fr/liste-des-membres-1","7","M. Jean-Louis Idiart","Membre titulaire","2001-06-19"
"Comité des finances locales","Article L. 1211-2 du code général des collectivités territoriales","https://www.collectivites-locales.gouv.fr/liste-des-membres-1","7","M. Joël Giraud","Membre titulaire","2017-08-08"
"Comité des finances locales","Article L. 1211-2 du code général des collectivités territoriales","https://www.collectivites-locales.gouv.fr/liste-des-membres-1","7","M. André Vallini","Membre suppléant","1997-07-23"
"Comité des finances locales","Article L. 1211-2 du code général des collectivités territoriales","https://www.collectivites-locales.gouv.fr/liste-des-membres-1","7","M. Marc Laffineur","Membre suppléant","2005-10-20"
"Comité des finances locales","Article L. 1211-2 du code général des collectivités territoriales","https://www.collectivites-locales.gouv.fr/liste-des-membres-1","7","Mme Christine Pirès Beaune","Membre titulaire","2014-06-28"
"Comité des finances locales","Article L. 1211-2 du code général des collectivités territoriales","https://www.collectivites-locales.gouv.fr/liste-des-membres-1","7","M. Paul-Louis Tenaillon","Membre titulaire","1996-05-10"
"Comité des finances locales","Article L. 1211-2 du code général des collectivités territoriales","https://www.collectivites-locales.gouv.fr/liste-des-membres-1","7","M. Xavier de Roux","Membre titulaire","2005-10-20"
"Comité des finances locales","Article L. 1211-2 du code général des collectivités territoriales","https://www.collectivites-locales.gouv.fr/liste-des-membres-1","7","M. Jean-Pierre Brard","Membre suppléant","1988-11-19"
"Comité des finances locales","Article L. 1211-2 du code général des collectivités territoriales","https://www.collectivites-locales.gouv.fr/liste-des-membres-1","7","M. Guy Geoffroy","Membre suppléant","2007-08-01"
"Comité des finances locales","Article L. 1211-2 du code général des collectivités territoriales","https://www.collectivites-locales.gouv.fr/liste-des-membres-1","7","M. Bernard Perrut","Membre suppléant","2017-08-08"
"Comité des finances locales","Article L. 1211-2 du code général des collectivités territoriales","https://www.collectivites-locales.gouv.fr/liste-des-membres-1","7","M. Bernard Derosier","Membre titulaire","2000-06-14"
"Comité des finances locales","Article L. 1211-2 du code général des collectivités territoriales","https://www.collectivites-locales.gouv.fr/liste-des-membres-1","7","M. Jacques Floch","Membre suppléant","1988-11-19"
"Comité des finances locales","Article L. 1211-2 du code général des collectivités territoriales","https://www.collectivites-locales.gouv.fr/liste-des-membres-1","7","M. Jacques Pélissard","Membre titulaire","2007-08-01"
"Comité des finances locales","Article L. 1211-2 du code général des collectivités territoriales","https://www.collectivites-locales.gouv.fr/liste-des-membres-1","7","M. Bernard Perrut","Membre suppléant","2020-11-13"
"Comité des finances locales","Article L. 1211-2 du code général des collectivités territoriales","https://www.collectivites-locales.gouv.fr/liste-des-membres-1","7","M. Pierre Forgues","Membre suppléant","1997-07-23"
"Comité des finances locales","Article L. 1211-2 du code général des collectivités territoriales","https://www.collectivites-locales.gouv.fr/liste-des-membres-1","7","M. Christian Eckert","Membre titulaire","2012-09-14"
"Comité des finances locales","Article L. 1211-2 du code général des collectivités territoriales","https://www.collectivites-locales.gouv.fr/liste-des-membres-1","7","M. Thomas Cazenave","Membre titulaire","2022-08-06"
"Comité des finances locales","Article L. 1211-2 du code général des collectivités territoriales","https://www.collectivites-locales.gouv.fr/liste-des-membres-1","7","M. David Valence","Membre titulaire","2023-11-30"
"Comité des finances locales","Article L. 1211-2 du code général des collectivités territoriales","https://www.collectivites-locales.gouv.fr/liste-des-membres-1","7","M. Michel Piron","Membre titulaire","2012-01-12"
"Comité des finances locales","Article L. 1211-2 du code général des collectivités territoriales","https://www.collectivites-locales.gouv.fr/liste-des-membres-1","7","Mme Stella Dupont","Membre titulaire","2020-10-21"
"Comité des finances locales","Article L. 1211-2 du code général des collectivités territoriales","https://www.collectivites-locales.gouv.fr/liste-des-membres-1","7","M. François Scellier","Membre suppléant","2012-09-14"
"Comité des finances locales","Article L. 1211-2 du code général des collectivités territoriales","https://www.collectivites-locales.gouv.fr/liste-des-membres-1","7","M. Yoann Gillet","Membre suppléant","2022-08-06"
"Comité des finances locales","Article L. 1211-2 du code général des collectivités territoriales","https://www.collectivites-locales.gouv.fr/liste-des-membres-1","7","M. Arthur Dehaine","Membre titulaire","1993-05-14"
"Comité des finances locales","Article L. 1211-2 du code général des collectivités territoriales","https://www.collectivites-locales.gouv.fr/liste-des-membres-1","7","Mme Sophie Pantel","Membre titulaire","2024-11-06"
"Comité des finances locales","Article L. 1211-2 du code général des collectivités territoriales","https://www.collectivites-locales.gouv.fr/liste-des-membres-1","7","M. Charles Millon","Membre titulaire","1986-06-13"
"Comité des finances locales","Article L. 1211-2 du code général des collectivités territoriales","https://www.collectivites-locales.gouv.fr/liste-des-membres-1","7","M. Michel Piron","Membre titulaire","2008-11-03"
"Comité des finances locales","Article L. 1211-2 du code général des collectivités territoriales","https://www.collectivites-locales.gouv.fr/liste-des-membres-1","7","M. Jean-Pierre Brard","Membre suppléant","1992-05-01"
"Comité des finances locales","Article L. 1211-2 du code général des collectivités territoriales","https://www.collectivites-locales.gouv.fr/liste-des-membres-1","7","M. René Dosière","Membre suppléant","2000-06-14"
"Comité des finances locales","Article L. 1211-2 du code général des collectivités territoriales","https://www.collectivites-locales.gouv.fr/liste-des-membres-1","7","M. Augustin Bonrepaux","Membre titulaire","1997-07-23"
"Comité de bassin Loire-Bretagne","Article L. 213-8 du code de l’environnement","https://agence.eau-loire-bretagne.fr/home/comite-de-bassin/comite-bassin-loire-bretagne-concertation-des-acteurs-de-leau.html","0","Mme Sandrine Le Feur","Membre titulaire","2022-10-21"
"Comité de bassin Loire-Bretagne","Article L. 213-8 du code de l’environnement","https://agence.eau-loire-bretagne.fr/home/comite-de-bassin/comite-bassin-loire-bretagne-concertation-des-acteurs-de-leau.html","0","M. Pascal Lecamp","Membre titulaire","2024-11-06"
"Comité de bassin Loire-Bretagne","Article L. 213-8 du code de l’environnement","https://agence.eau-loire-bretagne.fr/home/comite-de-bassin/comite-bassin-loire-bretagne-concertation-des-acteurs-de-leau.html","0","Mme Marietta Karamanli","Membre suppléante","2022-10-21"
"Comité de bassin Loire-Bretagne","Article L. 213-8 du code de l’environnement","https://agence.eau-loire-bretagne.fr/home/comite-de-bassin/comite-bassin-loire-bretagne-concertation-des-acteurs-de-leau.html","0","M. François Cormier-Bouligeon","Membre suppléant","2024-11-06"
"Comité de bassin Loire-Bretagne","Article L. 213-8 du code de l’environnement","https://agence.eau-loire-bretagne.fr/home/comite-de-bassin/comite-bassin-loire-bretagne-concertation-des-acteurs-de-leau.html","0","M. Éric Bothorel","Membre titulaire","2020-11-19"
"Comité de bassin Rhône-Méditerranée","Article L. 213-8 du code de l’environnement","http://www.eaufrance.fr/s-informer/agir-et-participer/participer/concertation/les-comites-de-bassin","0","M. Saïd Ahamada","Membre titulaire","2017-11-10"
"Comité de bassin Rhône-Méditerranée","Article L. 213-8 du code de l’environnement","http://www.eaufrance.fr/s-informer/agir-et-participer/participer/concertation/les-comites-de-bassin","0","Mme Célia de Lavergne","Membre titulaire","2018-10-02"
"Comité de bassin Rhône-Méditerranée","Article L. 213-8 du code de l’environnement","http://www.eaufrance.fr/s-informer/agir-et-participer/participer/concertation/les-comites-de-bassin","0","M. Adrien Morenas","Membre titulaire","2019-09-25"
"Comité de bassin Rhône-Méditerranée","Article L. 213-8 du code de l’environnement","http://www.eaufrance.fr/s-informer/agir-et-participer/participer/concertation/les-comites-de-bassin","0","Mme Tiffany Joncour","Membre suppléante","2024-11-06"
"Comité de bassin Rhône-Méditerranée","Article L. 213-8 du code de l’environnement","http://www.eaufrance.fr/s-informer/agir-et-participer/participer/concertation/les-comites-de-bassin","0","M. Benoît Bordat","Membre titulaire","2022-10-21"
"Comité de bassin Rhône-Méditerranée","Article L. 213-8 du code de l’environnement","http://www.eaufrance.fr/s-informer/agir-et-participer/participer/concertation/les-comites-de-bassin","0","M. Alain Perea","Membre titulaire","2020-12-08"
"Comité de bassin Rhône-Méditerranée","Article L. 213-8 du code de l’environnement","http://www.eaufrance.fr/s-informer/agir-et-participer/participer/concertation/les-comites-de-bassin","0","Mme Blandine Brocard","Membre titulaire","2024-11-06"
"Comité de bassin Rhône-Méditerranée","Article L. 213-8 du code de l’environnement","http://www.eaufrance.fr/s-informer/agir-et-participer/participer/concertation/les-comites-de-bassin","0","M. Sébastien Rome","Membre suppléant","2022-10-21"
"Conseil d’orientation des infrastructures ",,,,"Mme Lisa Belluco","Membre titulaire","2022-10-22"
"Conseil d’orientation des infrastructures ",,,,"M. Jean-François Portarrieu","Membre titulaire","2021-03-02"
"Conseil d’orientation des infrastructures ",,,,"Mme Estelle Youssouffa","Membre titulaire","2024-11-06"
"Conseil d’orientation des infrastructures ",,,,"M. Jean-Marc Zulesi","Membre titulaire","2022-10-21"
"Conseil d’orientation des infrastructures ",,,,"Mme Sophie Blanc","Membre titulaire","2022-10-21"
"Conseil d’orientation des infrastructures ",,,,"M. Vincent Thiébaut","Membre titulaire","2024-11-06"
"Conseil d’orientation des infrastructures ",,,,"M. Bruno Millienne","Membre titulaire","2021-03-02"
"Conseil d’orientation des infrastructures ",,,,"Mme Valérie Beauvais","Membre titulaire","2021-03-02"
"Conseil d’orientation des infrastructures ",,,,"M. Jean-François Coulomme","Membre titulaire","2024-11-06"
"Conseil d'administration de la société France Télévisions","Article 47-1 de la loi n° 86-1067 du 30 septembre 1986","https://www.francetelevisions.fr/conseil_administration",,"M. Emmanuel Grégoire","Membre titulaire","2024-10-02"
"Conseil d'administration de la société France Télévisions","Article 47-1 de la loi n° 86-1067 du 30 septembre 1986","https://www.francetelevisions.fr/conseil_administration",,"M. Didier Mathus","Membre titulaire","2000-10-11"
"Conseil d'administration de la société France Télévisions","Article 47-1 de la loi n° 86-1067 du 30 septembre 1986","https://www.francetelevisions.fr/conseil_administration",,"M. Patrick Bloche","Membre titulaire","2012-07-25"
"Conseil d'administration de la société France Télévisions","Article 47-1 de la loi n° 86-1067 du 30 septembre 1986","https://www.francetelevisions.fr/conseil_administration",,"M. Bruno Studer","Membre titulaire","2017-11-10"
"Conseil d'administration de la société France Télévisions","Article 47-1 de la loi n° 86-1067 du 30 septembre 1986","https://www.francetelevisions.fr/conseil_administration",,"Mme Céline Calvez","Membre titulaire","2023-10-11"
"Conseil d'administration de la société France Télévisions","Article 47-1 de la loi n° 86-1067 du 30 septembre 1986","https://www.francetelevisions.fr/conseil_administration",,"M. Christian Kert","Membre titulaire","2002-08-01"
"Conseil d'administration de la société France Télévisions","Article 47-1 de la loi n° 86-1067 du 30 septembre 1986","https://www.francetelevisions.fr/conseil_administration",,"M. Christian Kert","Membre titulaire","2007-08-01"
"Conseil d’administration de l’Institut national du cancer","Article L, 1415-4 du code de la santé publique","https://www.e-cancer.fr/Institut-national-du-cancer/Qui-sommes-nous/Missions","0","M. Loïc Prud'homme","Membre suppléant","2022-10-21"
"Conseil d’administration de l’Institut national du cancer","Article L, 1415-4 du code de la santé publique","https://www.e-cancer.fr/Institut-national-du-cancer/Qui-sommes-nous/Missions","0","Mme Ségolène Amiot","Membre suppléante","2024-11-06"
"Conseil d’administration de l’Institut national du cancer","Article L, 1415-4 du code de la santé publique","https://www.e-cancer.fr/Institut-national-du-cancer/Qui-sommes-nous/Missions","0","Mme Nathalie Elimas","Membre suppléante","2019-07-23"
"Conseil d’administration de l’Institut national du cancer","Article L, 1415-4 du code de la santé publique","https://www.e-cancer.fr/Institut-national-du-cancer/Qui-sommes-nous/Missions","0","Mme Mireille Robert","Membre titulaire","2021-04-13"
"Conseil d’administration de l’Institut national du cancer","Article L, 1415-4 du code de la santé publique","https://www.e-cancer.fr/Institut-national-du-cancer/Qui-sommes-nous/Missions","0","M. Laurent Panifous","Membre titulaire","2022-10-21"
"Conseil d’administration de l’Institut national du cancer","Article L, 1415-4 du code de la santé publique","https://www.e-cancer.fr/Institut-national-du-cancer/Qui-sommes-nous/Missions","0","Mme Anne Bergantz","Membre titulaire","2024-11-06"
"Conseil d’administration de l’Institut national du cancer","Article L, 1415-4 du code de la santé publique","https://www.e-cancer.fr/Institut-national-du-cancer/Qui-sommes-nous/Missions","0","Mme Sandrine Josso","Membre suppléante","2020-11-06"
"Conseil supérieur de la construction et de l'efficacité énergétique","Articles L. 142-5 et D. 142-16 du code de la construction et de l'habitation","http://www.cohesion-territoires.gouv.fr/conseil-superieur-de-la-construction-et-de-l-efficacite-energetique-cscee","11","Mme Danielle Brulebois","Membre titulaire","2024-11-06"
"Conseil supérieur de la construction et de l'efficacité énergétique","Articles L. 142-5 et D. 142-16 du code de la construction et de l'habitation","http://www.cohesion-territoires.gouv.fr/conseil-superieur-de-la-construction-et-de-l-efficacite-energetique-cscee","11","M. Joël Giraud","Membre titulaire","2015-06-02"
"Conseil supérieur de la construction et de l'efficacité énergétique","Articles L. 142-5 et D. 142-16 du code de la construction et de l'habitation","http://www.cohesion-territoires.gouv.fr/conseil-superieur-de-la-construction-et-de-l-efficacite-energetique-cscee","11","M. Bruno Millienne","Membre titulaire","2022-10-21"
"Conseil supérieur de la construction et de l'efficacité énergétique","Articles L. 142-5 et D. 142-16 du code de la construction et de l'habitation","http://www.cohesion-territoires.gouv.fr/conseil-superieur-de-la-construction-et-de-l-efficacite-energetique-cscee","11","Mme Marjolaine Meynier-Millefert","Membre titulaire","2017-10-19"
"Commission nationale de l'informatique et des libertés (CNIL)","Article 13 de la loi n° 78-17 du 6 janvier 1978","https://www.cnil.fr/fr/la-cnil/membres",,"Mme Julie Ozenne","Membre titulaire","2024-11-06"
"Commission nationale de l'informatique et des libertés (CNIL)","Article 13 de la loi n° 78-17 du 6 janvier 1978","https://www.cnil.fr/fr/la-cnil/membres",,"M. Francis Delattre","Membre titulaire","2002-08-01"
"Commission nationale de l'informatique et des libertés (CNIL)","Article 13 de la loi n° 78-17 du 6 janvier 1978","https://www.cnil.fr/fr/la-cnil/membres",,"M. Alain Vidalies","Membre titulaire","2000-05-10"
"Commission nationale de l'informatique et des libertés (CNIL)","Article 13 de la loi n° 78-17 du 6 janvier 1978","https://www.cnil.fr/fr/la-cnil/membres",,"M. Jean-Pierre Michel","Membre titulaire","1990-11-16"
"Commission nationale de l'informatique et des libertés (CNIL)","Article 13 de la loi n° 78-17 du 6 janvier 1978","https://www.cnil.fr/fr/la-cnil/membres",,"M. Philippe Marchand","Membre titulaire","1988-07-09"
"Commission nationale de l'informatique et des libertés (CNIL)","Article 13 de la loi n° 78-17 du 6 janvier 1978","https://www.cnil.fr/fr/la-cnil/membres",,"M. Philippe Gosselin","Membre titulaire","2017-09-22"
"Commission nationale de l'informatique et des libertés (CNIL)","Article 13 de la loi n° 78-17 du 6 janvier 1978","https://www.cnil.fr/fr/la-cnil/membres",,"M. Michel Pezet","Membre titulaire","1991-10-11"
"Commission nationale de l'informatique et des libertés (CNIL)","Article 13 de la loi n° 78-17 du 6 janvier 1978","https://www.cnil.fr/fr/la-cnil/membres",,"M. Sébastien Huyghe","Membre titulaire","2007-07-04"
"Commission nationale de l'informatique et des libertés (CNIL)","Article 13 de la loi n° 78-17 du 6 janvier 1978","https://www.cnil.fr/fr/la-cnil/membres",,"Mme Albane Gaillot","Membre titulaire","2018-03-21"
"Commission nationale de l'informatique et des libertés (CNIL)","Article 13 de la loi n° 78-17 du 6 janvier 1978","https://www.cnil.fr/fr/la-cnil/membres",,"M. René André","Membre titulaire","1986-05-03"
"Commission nationale de l'informatique et des libertés (CNIL)","Article 13 de la loi n° 78-17 du 6 janvier 1978","https://www.cnil.fr/fr/la-cnil/membres",,"Mme Laurence Dumont","Membre titulaire","2012-10-03"
"Commission nationale de l'informatique et des libertés (CNIL)","Article 13 de la loi n° 78-17 du 6 janvier 1978","https://www.cnil.fr/fr/la-cnil/membres",,"M. Christian Dupuy","Membre titulaire","1993-05-28"
"Commission nationale de l'informatique et des libertés (CNIL)","Article 13 de la loi n° 78-17 du 6 janvier 1978","https://www.cnil.fr/fr/la-cnil/membres",,"M. Philippe Latombe","Membre titulaire","2022-08-06"
"Commission nationale de l'informatique et des libertés (CNIL)","Article 13 de la loi n° 78-17 du 6 janvier 1978","https://www.cnil.fr/fr/la-cnil/membres",,"M. Gérard Gouzes","Membre titulaire","1997-07-10"
"Commission nationale de l'informatique et des libertés (CNIL)","Article 13 de la loi n° 78-17 du 6 janvier 1978","https://www.cnil.fr/fr/la-cnil/membres",,"M. Philippe Latombe","Membre titulaire","2024-11-06"
"Commission nationale de l'informatique et des libertés (CNIL)","Article 13 de la loi n° 78-17 du 6 janvier 1978","https://www.cnil.fr/fr/la-cnil/membres",,"M. Patrick Delnatte","Membre titulaire","2002-08-01"
"Commission nationale de l'informatique et des libertés (CNIL)","Article 13 de la loi n° 78-17 du 6 janvier 1978","https://www.cnil.fr/fr/la-cnil/membres",,"M. Philippe Gosselin","Membre titulaire","2008-06-17"
"Commission nationale de l'informatique et des libertés (CNIL)","Article 13 de la loi n° 78-17 du 6 janvier 1978","https://www.cnil.fr/fr/la-cnil/membres",,"M. Raymond Forni","Membre titulaire","1988-07-09"
"Commission nationale de l'informatique et des libertés (CNIL)","Article 13 de la loi n° 78-17 du 6 janvier 1978","https://www.cnil.fr/fr/la-cnil/membres",,"Mme Michèle Tabarot","Membre titulaire","2007-08-06"
"Commission nationale de l'informatique et des libertés (CNIL)","Article 13 de la loi n° 78-17 du 6 janvier 1978","https://www.cnil.fr/fr/la-cnil/membres",,"Mme Laetitia Avia","Membre titulaire","2017-09-22"
"Commission nationale de l'informatique et des libertés (CNIL)","Article 13 de la loi n° 78-17 du 6 janvier 1978","https://www.cnil.fr/fr/la-cnil/membres",,"M. Pascal Clément","Membre titulaire","1986-05-03"
"Commission nationale de l'informatique et des libertés (CNIL)","Article 13 de la loi n° 78-17 du 6 janvier 1978","https://www.cnil.fr/fr/la-cnil/membres",,"M. Philippe Gosselin","Membre titulaire","2015-02-24"
"Commission nationale de l'informatique et des libertés (CNIL)","Article 13 de la loi n° 78-17 du 6 janvier 1978","https://www.cnil.fr/fr/la-cnil/membres",,"Mme Raquel Garrido","Membre titulaire","2022-08-06"
"Commission nationale de l'informatique et des libertés (CNIL)","Article 13 de la loi n° 78-17 du 6 janvier 1978","https://www.cnil.fr/fr/la-cnil/membres",,"M. Sébastien Huyghe","Membre titulaire","2012-10-03"
"Commission nationale de l'informatique et des libertés (CNIL)","Article 13 de la loi n° 78-17 du 6 janvier 1978","https://www.cnil.fr/fr/la-cnil/membres",,"M. Raymond Forni","Membre titulaire","1997-07-10"
"Commission nationale de l'informatique et des libertés (CNIL)","Article 13 de la loi n° 78-17 du 6 janvier 1978","https://www.cnil.fr/fr/la-cnil/membres",,"M. Philippe Houillon","Membre titulaire","1993-05-28"
"Comité de bassin Rhin-Meuse","Article L. 213-8 du code de l’environnement","http://www.eau-rhin-meuse.fr/comite-bassin-role","0","M. Pascal Jenft","Membre suppléant","2024-11-21"
"Comité de bassin Rhin-Meuse","Article L. 213-8 du code de l’environnement","http://www.eau-rhin-meuse.fr/comite-bassin-role","0","M. Bruno Fuchs","Membre titulaire","2024-11-21"
"Comité de bassin Rhin-Meuse","Article L. 213-8 du code de l’environnement","http://www.eau-rhin-meuse.fr/comite-bassin-role","0","Mme Stéphanie Kochert","Membre suppléante","2022-10-21"
"Comité de bassin Rhin-Meuse","Article L. 213-8 du code de l’environnement","http://www.eau-rhin-meuse.fr/comite-bassin-role","0","Mme Florence Goulet","Membre titulaire","2022-10-21"
"Comité de bassin Rhin-Meuse","Article L. 213-8 du code de l’environnement","http://www.eau-rhin-meuse.fr/comite-bassin-role","0","M. Xavier Paluszkiewicz","Membre titulaire","2020-11-19"
"Comité de bassin Seine-Normandie ","Article L. 213-8 du code de l’environnement","http://www.eaufrance.fr/s-informer/agir-et-participer/participer/concertation/les-comites-de-bassin","0","Mme Anna Pic","Membre titulaire","2022-10-21"
"Comité de bassin Seine-Normandie ","Article L. 213-8 du code de l’environnement","http://www.eaufrance.fr/s-informer/agir-et-participer/participer/concertation/les-comites-de-bassin","0","M. Édouard Bénard","Membre titulaire","2024-11-06"
"Comité de bassin Seine-Normandie ","Article L. 213-8 du code de l’environnement","http://www.eaufrance.fr/s-informer/agir-et-participer/participer/concertation/les-comites-de-bassin","0","Mme Christine Loir","Membre suppléante","2022-10-21"
"Comité de bassin Seine-Normandie ","Article L. 213-8 du code de l’environnement","http://www.eaufrance.fr/s-informer/agir-et-participer/participer/concertation/les-comites-de-bassin","0","M. Stéphane Travert","Membre titulaire","2020-11-19"
"Comité de bassin Seine-Normandie ","Article L. 213-8 du code de l’environnement","http://www.eaufrance.fr/s-informer/agir-et-participer/participer/concertation/les-comites-de-bassin","0","M. Robert Le Bourgeois","Membre suppléant","2024-11-06"
"Comité de bassin Seine-Normandie ","Article L. 213-8 du code de l’environnement","http://www.eaufrance.fr/s-informer/agir-et-participer/participer/concertation/les-comites-de-bassin","0","M. Grégory Galbadon","Membre titulaire","2017-10-25"
"Comité chargé de veiller au suivi de la mise en œuvre et à l'évaluation du crédit d'impôt pour la compétitivité et l'emploi","Article 66 de la loi n° 2012-1510 du 29 décembre 2012",,,"Mme Véronique Louwagie","Membre titulaire","2018-01-15"
"Comité chargé de veiller au suivi de la mise en œuvre et à l'évaluation du crédit d'impôt pour la compétitivité et l'emploi","Article 66 de la loi n° 2012-1510 du 29 décembre 2012",,,"M. Xavier Roseren","Membre titulaire","2018-01-15"
"Conseil d'administration de l'Agence de l'environnement et de la maîtrise de l'énergie","Article L. 131-4 du code de l’environnement","http://www.ademe.fr/connaitre/presentation-lademe/instances-statut-lademe",,"Mme Claudine Ledoux","Membre titulaire","1997-07-10"
"Conseil d'administration de l'Agence de l'environnement et de la maîtrise de l'énergie","Article L. 131-4 du code de l’environnement","http://www.ademe.fr/connaitre/presentation-lademe/instances-statut-lademe",,"M. André Flajolet","Membre titulaire","2004-11-15"
"Conseil d'administration de l'Agence de l'environnement et de la maîtrise de l'énergie","Article L. 131-4 du code de l’environnement","http://www.ademe.fr/connaitre/presentation-lademe/instances-statut-lademe",,"M. Jean-Marie Bockel","Membre titulaire","1991-10-17"
"Conseil d'administration de l'Agence de l'environnement et de la maîtrise de l'énergie","Article L. 131-4 du code de l’environnement","http://www.ademe.fr/connaitre/presentation-lademe/instances-statut-lademe",,"M. Jean-Charles Colas-Roy","Membre titulaire","2017-09-29"
"Conseil d'administration de l'Agence de l'environnement et de la maîtrise de l'énergie","Article L. 131-4 du code de l’environnement","http://www.ademe.fr/connaitre/presentation-lademe/instances-statut-lademe",,"M. Guy Geoffroy","Membre titulaire","2009-03-09"
"Conseil d'administration de l'Agence de l'environnement et de la maîtrise de l'énergie","Article L. 131-4 du code de l’environnement","http://www.ademe.fr/connaitre/presentation-lademe/instances-statut-lademe",,"Mme Anna Pic","Membre titulaire","2024-11-06"
"Conseil d'administration de l'Agence de l'environnement et de la maîtrise de l'énergie","Article L. 131-4 du code de l’environnement","http://www.ademe.fr/connaitre/presentation-lademe/instances-statut-lademe",,"M. Pierre Micaux","Membre titulaire","2002-08-01"
"Conseil d'administration de l'Agence de l'environnement et de la maîtrise de l'énergie","Article L. 131-4 du code de l’environnement","http://www.ademe.fr/connaitre/presentation-lademe/instances-statut-lademe",,"M. André Flajolet","Membre titulaire","2007-08-01"
"Conseil d'administration de l'Agence de l'environnement et de la maîtrise de l'énergie","Article L. 131-4 du code de l’environnement","http://www.ademe.fr/connaitre/presentation-lademe/instances-statut-lademe",,"M. Jean-Yves Caullet","Membre titulaire","2012-09-03"
"Conseil d'administration de l'Agence de l'environnement et de la maîtrise de l'énergie","Article L. 131-4 du code de l’environnement","http://www.ademe.fr/connaitre/presentation-lademe/instances-statut-lademe",,"M. Vincent Thiébaut","Membre titulaire","2022-10-21"
"Conseil d'administration de l'Agence de l'environnement et de la maîtrise de l'énergie","Article L. 131-4 du code de l’environnement","http://www.ademe.fr/connaitre/presentation-lademe/instances-statut-lademe",,"M. Jacques Vernier","Membre titulaire","1993-05-14"
"Observatoire de la sécurité des moyens de paiement","Article L. 141-4 du code monétaire et financier","https://www.banque-france.fr/stabilite-financiere/observatoire-de-la-securite-des-moyens-de-paiement","3","M. Jean-Pierre Brard","Membre titulaire","2003-04-09"
"Observatoire de la sécurité des moyens de paiement","Article L. 141-4 du code monétaire et financier","https://www.banque-france.fr/stabilite-financiere/observatoire-de-la-securite-des-moyens-de-paiement","3","M. Jean-Pierre Brard","Membre titulaire","2007-10-11"
"Observatoire de la sécurité des moyens de paiement","Article L. 141-4 du code monétaire et financier","https://www.banque-france.fr/stabilite-financiere/observatoire-de-la-securite-des-moyens-de-paiement","3","M. Michaël Taverne","Membre titulaire","2022-10-21"
"Observatoire de la sécurité des moyens de paiement","Article L. 141-4 du code monétaire et financier","https://www.banque-france.fr/stabilite-financiere/observatoire-de-la-securite-des-moyens-de-paiement","3","M. Philippe Goujon","Membre titulaire","2012-10-04"
"Observatoire de la sécurité des moyens de paiement","Article L. 141-4 du code monétaire et financier","https://www.banque-france.fr/stabilite-financiere/observatoire-de-la-securite-des-moyens-de-paiement","3","Mme Mélanie Thomin","Membre titulaire","2024-11-06"
"Observatoire de la sécurité des moyens de paiement","Article L. 141-4 du code monétaire et financier","https://www.banque-france.fr/stabilite-financiere/observatoire-de-la-securite-des-moyens-de-paiement","3","M. Rémy Rebeyrotte","Membre titulaire","2017-11-13"
"Observatoire de la sécurité des moyens de paiement","Article L. 141-4 du code monétaire et financier","https://www.banque-france.fr/stabilite-financiere/observatoire-de-la-securite-des-moyens-de-paiement","3","M. Jean-Pierre Brard","Membre titulaire","2009-06-11"
"Conseil d'administration de l'Institut national des hautes études de la sécurité et de la justice","Article D. 123-18 du code de la sécurité intérieure","https://inhesj.fr/",,"M. Guy Geoffroy","Membre titulaire","2006-06-15"
"Conseil d'administration de l'Institut national des hautes études de la sécurité et de la justice","Article D. 123-18 du code de la sécurité intérieure","https://inhesj.fr/",,"M. Guy Geoffroy","Membre titulaire","2010-01-25"
"Conseil d'administration de l'Institut national des hautes études de la sécurité et de la justice","Article D. 123-18 du code de la sécurité intérieure","https://inhesj.fr/",,"M. Guy Geoffroy","Membre titulaire","2007-08-01"
"Conseil d'administration de l'Institut national des hautes études de la sécurité et de la justice","Article D. 123-18 du code de la sécurité intérieure","https://inhesj.fr/",,"Mme Naïma Moutchou","Membre titulaire","2017-10-05"
"Conseil d'administration de l'Institut national des hautes études de la sécurité et de la justice","Article D. 123-18 du code de la sécurité intérieure","https://inhesj.fr/",,"M. René Dosière","Membre titulaire","2004-10-13"
"Conseil d'administration de l'Institut national des hautes études de la sécurité et de la justice","Article D. 123-18 du code de la sécurité intérieure","https://inhesj.fr/",,"M. René Dosière","Membre titulaire","2007-08-01"
"Conseil d'administration de l'Institut national des hautes études de la sécurité et de la justice","Article D. 123-18 du code de la sécurité intérieure","https://inhesj.fr/",,"M. Jean-Pierre Blazy","Membre titulaire","2012-09-03"
"Conseil d'administration de l'Institut national des hautes études de la sécurité et de la justice","Article D. 123-18 du code de la sécurité intérieure","https://inhesj.fr/",,"M. Gérard Léonard","Membre titulaire","2004-10-13"
"Haut comité pour la transparence et l'information sur la sécurité nucléaire","Article L. 125-37 du code de l’environnement","http://www.hctisn.fr/rubrique.php3?id_rubrique=3",,"Mme Clotilde Valter","Membre titulaire","2012-09-06"
"Haut comité pour la transparence et l'information sur la sécurité nucléaire","Article L. 125-37 du code de l’environnement","http://www.hctisn.fr/rubrique.php3?id_rubrique=3",,"Mme Natalia Pouzyreff","Membre titulaire","2017-10-25"
"Haut comité pour la transparence et l'information sur la sécurité nucléaire","Article L. 125-37 du code de l’environnement","http://www.hctisn.fr/rubrique.php3?id_rubrique=3",,"M. Davy Rimane","Membre titulaire","2022-10-21"
"Haut comité pour la transparence et l'information sur la sécurité nucléaire","Article L. 125-37 du code de l’environnement","http://www.hctisn.fr/rubrique.php3?id_rubrique=3",,"M. Michel Sordi","Membre titulaire","2014-12-12"
"Haut comité pour la transparence et l'information sur la sécurité nucléaire","Article L. 125-37 du code de l’environnement","http://www.hctisn.fr/rubrique.php3?id_rubrique=3",,"M. Claude Gatignol","Membre titulaire","2006-12-15"
"Haut comité pour la transparence et l'information sur la sécurité nucléaire","Article L. 125-37 du code de l’environnement","http://www.hctisn.fr/rubrique.php3?id_rubrique=3",,"Mme Dominique Voynet","Membre titulaire","2024-11-06"
"Haut comité pour la transparence et l'information sur la sécurité nucléaire","Article L. 125-37 du code de l’environnement","http://www.hctisn.fr/rubrique.php3?id_rubrique=3",,"M. Jean-Yves Le Déaut","Membre titulaire","2007-08-01"
"Haut comité pour la transparence et l'information sur la sécurité nucléaire","Article L. 125-37 du code de l’environnement","http://www.hctisn.fr/rubrique.php3?id_rubrique=3",,"M. Claude de Ganay","Membre titulaire","2012-09-06"
"Haut comité pour la transparence et l'information sur la sécurité nucléaire","Article L. 125-37 du code de l’environnement","http://www.hctisn.fr/rubrique.php3?id_rubrique=3",,"M. Raphaël Schellenberger","Membre titulaire","2017-10-25"
"Haut comité pour la transparence et l'information sur la sécurité nucléaire","Article L. 125-37 du code de l’environnement","http://www.hctisn.fr/rubrique.php3?id_rubrique=3",,"Mme Maud Bregeon","Membre titulaire","2022-10-21"
"Haut comité pour la transparence et l'information sur la sécurité nucléaire","Article L. 125-37 du code de l’environnement","http://www.hctisn.fr/rubrique.php3?id_rubrique=3",,"Mme Geneviève Gosselin-Fleury","Membre titulaire","2014-12-12"
"Haut comité pour la transparence et l'information sur la sécurité nucléaire","Article L. 125-37 du code de l’environnement","http://www.hctisn.fr/rubrique.php3?id_rubrique=3",,"M. Jean-Yves Le Déaut","Membre titulaire","2006-12-15"
"Haut comité pour la transparence et l'information sur la sécurité nucléaire","Article L. 125-37 du code de l’environnement","http://www.hctisn.fr/rubrique.php3?id_rubrique=3",,"M. Pierre Cazeneuve","Membre titulaire","2024-11-06"
"Haut comité pour la transparence et l'information sur la sécurité nucléaire","Article L. 125-37 du code de l’environnement","http://www.hctisn.fr/rubrique.php3?id_rubrique=3",,"M. Anthony Cellier","Membre suppléant","2018-06-29"
"Haut comité pour la transparence et l'information sur la sécurité nucléaire","Article L. 125-37 du code de l’environnement","http://www.hctisn.fr/rubrique.php3?id_rubrique=3",,"M. Claude Gatignol","Membre titulaire","2007-08-01"
"Expertise France","Article 12 de la loi n° 2010-873 du 27 juillet 2010","http://www.europe-international-et-formation.eu/union-europeenne-formation/actualites/agence-francaise-d-expertise.html","0","Mme Ersilia Soudais","Membre titulaire","2024-11-27"
"Expertise France","Article 12 de la loi n° 2010-873 du 27 juillet 2010","http://www.europe-international-et-formation.eu/union-europeenne-formation/actualites/agence-francaise-d-expertise.html","0","M. François Loncle","Membre titulaire","2015-03-26"
"Expertise France","Article 12 de la loi n° 2010-873 du 27 juillet 2010","http://www.europe-international-et-formation.eu/union-europeenne-formation/actualites/agence-francaise-d-expertise.html","0","M. Frédéric Petit","Membre titulaire","2017-11-10"
"Expertise France","Article 12 de la loi n° 2010-873 du 27 juillet 2010","http://www.europe-international-et-formation.eu/union-europeenne-formation/actualites/agence-francaise-d-expertise.html","0","Mme Bérengère Poletti","Membre titulaire","2017-11-10"
"Expertise France","Article 12 de la loi n° 2010-873 du 27 juillet 2010","http://www.europe-international-et-formation.eu/union-europeenne-formation/actualites/agence-francaise-d-expertise.html","0","Mme Ersilia Soudais","Membre titulaire","2022-10-21"
"Expertise France","Article 12 de la loi n° 2010-873 du 27 juillet 2010","http://www.europe-international-et-formation.eu/union-europeenne-formation/actualites/agence-francaise-d-expertise.html","0","M. Corentin Le Fur","Membre titulaire","2024-11-27"
"Expertise France","Article 12 de la loi n° 2010-873 du 27 juillet 2010","http://www.europe-international-et-formation.eu/union-europeenne-formation/actualites/agence-francaise-d-expertise.html","0","M. André Schneider","Membre titulaire","2015-03-26"
"Expertise France","Article 12 de la loi n° 2010-873 du 27 juillet 2010","http://www.europe-international-et-formation.eu/union-europeenne-formation/actualites/agence-francaise-d-expertise.html","0","M. Mansour Kamardine","Membre titulaire","2022-10-21"
"Expertise France","Article 12 de la loi n° 2010-873 du 27 juillet 2010","http://www.europe-international-et-formation.eu/union-europeenne-formation/actualites/agence-francaise-d-expertise.html","0","M. Hubert Julien-Laferrière","Membre titulaire","2017-11-10"
"Expertise France","Article 12 de la loi n° 2010-873 du 27 juillet 2010","http://www.europe-international-et-formation.eu/union-europeenne-formation/actualites/agence-francaise-d-expertise.html","0","Mme Laetitia Saint-Paul","Membre titulaire","2017-11-10"
"Conseil d'administration du Fonds pour le développement de l'intermodalité dans les transports","Article L. 1512-8 du code des transports",,,"M. Hervé Mariton","Membre titulaire","2010-09-10"
"Conseil d'administration du Fonds pour le développement de l'intermodalité dans les transports","Article L. 1512-8 du code des transports",,,"M. Jean-Marc Zulesi","Membre titulaire","2017-11-02"
"Conseil d'administration du Fonds pour le développement de l'intermodalité dans les transports","Article L. 1512-8 du code des transports",,,"M. Jacques Alain Bénisti","Membre titulaire","2012-10-04"
"Conseil d'administration du Fonds pour le développement de l'intermodalité dans les transports","Article L. 1512-8 du code des transports",,,"M. Martial Saddier","Membre titulaire","2005-10-26"
"Conseil d'administration du Fonds pour le développement de l'intermodalité dans les transports","Article L. 1512-8 du code des transports",,,"M. Martial Saddier","Membre titulaire","2002-10-23"
"Conseil d'administration du Fonds pour le développement de l'intermodalité dans les transports","Article L. 1512-8 du code des transports",,,"M. Michel Bouvard","Membre titulaire","2007-08-01"
"Conseil d'administration du Fonds pour le développement de l'intermodalité dans les transports","Article L. 1512-8 du code des transports",,,"Mme Marguerite Deprez-Audebert","Membre titulaire","2017-11-02"
"Conseil d'administration du Fonds pour le développement de l'intermodalité dans les transports","Article L. 1512-8 du code des transports",,,"M. Michel Bouvard","Membre titulaire","2010-09-10"
"Conseil d'administration du Fonds pour le développement de l'intermodalité dans les transports","Article L. 1512-8 du code des transports",,,"M. Hervé Mariton","Membre titulaire","2005-10-26"
"Conseil d'administration du Fonds pour le développement de l'intermodalité dans les transports","Article L. 1512-8 du code des transports",,,"M. Hervé Mariton","Membre titulaire","2002-10-23"
"Conseil d'administration du Fonds pour le développement de l'intermodalité dans les transports","Article L. 1512-8 du code des transports",,,"M. Jean-Jacques Cottel","Membre titulaire","2012-10-04"
"Conseil d'administration du Fonds pour le développement de l'intermodalité dans les transports","Article L. 1512-8 du code des transports",,,"M. Hervé Mariton","Membre titulaire","2007-08-01"
"Conseil d'administration de la Fondation du patrimoine","Article L. 143-6 du code du patrimoine","https://www.fondation-patrimoine.org/fondation-du-patrimoine/notre-organisation",,"M. Jean-Pierre Cubertafon","Membre titulaire","2017-10-31"
"Conseil d'administration de la Fondation du patrimoine","Article L. 143-6 du code du patrimoine","https://www.fondation-patrimoine.org/fondation-du-patrimoine/notre-organisation",,"M. Christian Kert","Membre titulaire","2012-09-03"
"Conseil d'administration de la Fondation du patrimoine","Article L. 143-6 du code du patrimoine","https://www.fondation-patrimoine.org/fondation-du-patrimoine/notre-organisation",,"M. Didier Mathus","Membre titulaire","1997-06-26"
"Conseil d'administration de la Fondation du patrimoine","Article L. 143-6 du code du patrimoine","https://www.fondation-patrimoine.org/fondation-du-patrimoine/notre-organisation",,"M. Christian Kert","Membre titulaire","2011-09-12"
"Conseil d'administration de la Fondation du patrimoine","Article L. 143-6 du code du patrimoine","https://www.fondation-patrimoine.org/fondation-du-patrimoine/notre-organisation",,"M. Christian Kert","Membre titulaire","2002-09-03"
"Conseil d'administration de la Fondation du patrimoine","Article L. 143-6 du code du patrimoine","https://www.fondation-patrimoine.org/fondation-du-patrimoine/notre-organisation",,"M. Marcel Rogemont","Membre titulaire","1998-12-02"
"Conseil national des villes","Article 2 bis de la loi n° 2014-173 du 21 février 2014","http://www.cget.gouv.fr/territoires/quartiers-de-la-politique-de-la-ville/conseil-national-des-villes","10","M. Aurélien Rousseau","Membre titulaire","2024-11-06"
"Conseil national des villes","Article 2 bis de la loi n° 2014-173 du 21 février 2014","http://www.cget.gouv.fr/territoires/quartiers-de-la-politique-de-la-ville/conseil-national-des-villes","10","Mme Julie Delpech","Membre titulaire","2022-10-21"
"Conseil national des villes","Article 2 bis de la loi n° 2014-173 du 21 février 2014","http://www.cget.gouv.fr/territoires/quartiers-de-la-politique-de-la-ville/conseil-national-des-villes","10","M. Pierre-Alain Raphan","Membre titulaire","2017-11-21"
"Conseil national des villes","Article 2 bis de la loi n° 2014-173 du 21 février 2014","http://www.cget.gouv.fr/territoires/quartiers-de-la-politique-de-la-ville/conseil-national-des-villes","10","Mme Sandra Marsaud","Membre titulaire","2024-11-06"
"Conseil national des villes","Article 2 bis de la loi n° 2014-173 du 21 février 2014","http://www.cget.gouv.fr/territoires/quartiers-de-la-politique-de-la-ville/conseil-national-des-villes","10","M. Andy Kerbrat","Membre titulaire","2022-10-21"
"Conseil national des villes","Article 2 bis de la loi n° 2014-173 du 21 février 2014","http://www.cget.gouv.fr/territoires/quartiers-de-la-politique-de-la-ville/conseil-national-des-villes","10","Mme Geneviève Levy","Membre titulaire","2017-11-21"
"Conseil de l'intelligence artificielle et du numérique","Article 33 de la loi  n° 2018-699 du 3 août 2018","https://cnnumerique.fr/","0","M. Thierry Braillard","Membre suppléant","2013-04-03"
"Conseil de l'intelligence artificielle et du numérique","Article 33 de la loi  n° 2018-699 du 3 août 2018","https://cnnumerique.fr/","0","M. Paul Midy","Membre titulaire","2024-11-06"
"Conseil de l'intelligence artificielle et du numérique","Article 33 de la loi  n° 2018-699 du 3 août 2018","https://cnnumerique.fr/","0","M. Paul Midy","Membre titulaire","2022-10-21"
"Conseil de l'intelligence artificielle et du numérique","Article 33 de la loi  n° 2018-699 du 3 août 2018","https://cnnumerique.fr/","0","M. Luc Belot","Membre suppléant","2015-06-18"
"Conseil de l'intelligence artificielle et du numérique","Article 33 de la loi  n° 2018-699 du 3 août 2018","https://cnnumerique.fr/","0","M. Christian Paul","Membre titulaire","2013-03-26"
"Conseil de l'intelligence artificielle et du numérique","Article 33 de la loi  n° 2018-699 du 3 août 2018","https://cnnumerique.fr/","0","M. Thierry Benoit","Membre suppléant","2013-04-03"
"Conseil de l'intelligence artificielle et du numérique","Article 33 de la loi  n° 2018-699 du 3 août 2018","https://cnnumerique.fr/","0","Mme Virginie Duby-Muller","Membre titulaire","2024-11-06"
"Conseil de l'intelligence artificielle et du numérique","Article 33 de la loi  n° 2018-699 du 3 août 2018","https://cnnumerique.fr/","0","Mme Virginie Duby-Muller","Membre titulaire","2022-10-21"
"Conseil de l'intelligence artificielle et du numérique","Article 33 de la loi  n° 2018-699 du 3 août 2018","https://cnnumerique.fr/","0","M. Jean-Michel Mis","Membre titulaire","2018-11-27"
"Conseil de l'intelligence artificielle et du numérique","Article 33 de la loi  n° 2018-699 du 3 août 2018","https://cnnumerique.fr/","0","Mme Laure de La Raudière","Membre titulaire","2013-03-26"
"Conseil de l'intelligence artificielle et du numérique","Article 33 de la loi  n° 2018-699 du 3 août 2018","https://cnnumerique.fr/","0","Mme Constance Le Grip","Membre titulaire","2019-02-08"
"Conseil d'administration de l'Office français de l'immigration et de l'intégration","Article L. 5223-3 du code du travail","http://www.ofii.fr/qui-sommes-nous/organisation",,"Mme Andrée Taurinya","Membre titulaire","2024-11-06"
"Conseil d'administration de l'Office français de l'immigration et de l'intégration","Article L. 5223-3 du code du travail","http://www.ofii.fr/qui-sommes-nous/organisation",,"Mme Hélène Zannier","Membre titulaire","2019-07-12"
"Conseil d'administration de l'Office français de l'immigration et de l'intégration","Article L. 5223-3 du code du travail","http://www.ofii.fr/qui-sommes-nous/organisation",,"M. Pierre-Henri Dumont","Membre suppléant","2017-10-05"
"Conseil d'administration de l'Office français de l'immigration et de l'intégration","Article L. 5223-3 du code du travail","http://www.ofii.fr/qui-sommes-nous/organisation",,"Mme Élise Fajgeles","Membre titulaire","2017-10-05"
"Conseil d'administration de l'Office français de l'immigration et de l'intégration","Article L. 5223-3 du code du travail","http://www.ofii.fr/qui-sommes-nous/organisation",,"M. Vincent Ledoux","Membre titulaire","2022-10-21"
"Commission nationale des services","Article 28 de la loi n° 2018-699 du 3 août 2018","https://www.entreprises.gouv.fr/cns","5","Mme Graziella Melchior","Membre titulaire","2017-11-10"
"Commission nationale des services","Article 28 de la loi n° 2018-699 du 3 août 2018","https://www.entreprises.gouv.fr/cns","5","M. Dominique Potier","Membre suppléant","2017-11-10"
"Conseil national de la sécurité routière","Article  L. 130-10 du code de la route","https://www.conseil-national-securite-routiere.fr/","0","M. Thomas Rudigoz","Membre titulaire","2020-12-08"
"Conseil national de la sécurité routière","Article  L. 130-10 du code de la route","https://www.conseil-national-securite-routiere.fr/","0","M. Richard Dell'Agnola","Membre titulaire","2010-09-10"
"Conseil national de la sécurité routière","Article  L. 130-10 du code de la route","https://www.conseil-national-securite-routiere.fr/","0","M. René Dosière","Membre titulaire","2001-10-10"
"Conseil national de la sécurité routière","Article  L. 130-10 du code de la route","https://www.conseil-national-securite-routiere.fr/","0","M. Jean-Michel Bertrand","Membre titulaire","2002-08-01"
"Conseil national de la sécurité routière","Article  L. 130-10 du code de la route","https://www.conseil-national-securite-routiere.fr/","0","Mme Geneviève Colot","Membre titulaire","2007-08-01"
"Conseil national de la sécurité routière","Article  L. 130-10 du code de la route","https://www.conseil-national-securite-routiere.fr/","0","M. Emmanuel Blairy","Membre titulaire","2022-10-21"
"Conseil national de la sécurité routière","Article  L. 130-10 du code de la route","https://www.conseil-national-securite-routiere.fr/","0","M. Philippe Houillon","Membre titulaire","2012-11-08"
"Conseil national de la sécurité routière","Article  L. 130-10 du code de la route","https://www.conseil-national-securite-routiere.fr/","0","M. Éric Pauget","Membre titulaire","2024-11-06"
"Conseil national de la sécurité routière","Article  L. 130-10 du code de la route","https://www.conseil-national-securite-routiere.fr/","0","M. Olivier Marleix","Membre titulaire","2012-10-04"
"Conseil national de la sécurité routière","Article  L. 130-10 du code de la route","https://www.conseil-national-securite-routiere.fr/","0","Mme Valérie Bazin-Malgras","Membre titulaire","2017-10-06"
"Conseil national de la sécurité routière","Article  L. 130-10 du code de la route","https://www.conseil-national-securite-routiere.fr/","0","Mme Valérie Bazin-Malgras","Membre titulaire","2020-11-13"
"Conseil national de la sécurité routière","Article  L. 130-10 du code de la route","https://www.conseil-national-securite-routiere.fr/","0","Mme Geneviève Colot","Membre titulaire","2010-09-10"
"Conseil national de la sécurité routière","Article  L. 130-10 du code de la route","https://www.conseil-national-securite-routiere.fr/","0","Mme Christine Arrighi","Membre titulaire","2022-10-21"
"Conseil national de la sécurité routière","Article  L. 130-10 du code de la route","https://www.conseil-national-securite-routiere.fr/","0","M. Richard Dell'Agnola","Membre titulaire","2002-08-01"
"Conseil national de la sécurité routière","Article  L. 130-10 du code de la route","https://www.conseil-national-securite-routiere.fr/","0","M. Richard Dell'Agnola","Membre titulaire","2007-08-01"
"Conseil national de la sécurité routière","Article  L. 130-10 du code de la route","https://www.conseil-national-securite-routiere.fr/","0","Mme Laurence Robert-Dehault","Membre titulaire","2024-11-06"
"Conseil national de la sécurité routière","Article  L. 130-10 du code de la route","https://www.conseil-national-securite-routiere.fr/","0","M. Gilbert Biessy","Membre titulaire","2001-10-10"
"Conseil national de la sécurité routière","Article  L. 130-10 du code de la route","https://www.conseil-national-securite-routiere.fr/","0","M. Armand Jung","Membre titulaire","2012-10-04"
"Conseil national de la sécurité routière","Article  L. 130-10 du code de la route","https://www.conseil-national-securite-routiere.fr/","0","M. Thomas Rudigoz","Membre titulaire","2017-10-06"
"Commission consultative du secret de la défense nationale","Article L. 2312-2 du code de la défense","https://www.defense.gouv.fr/sga/le-sga-en-action/droit-et-defense/secret-defense/secret-defense",,"Mme Anne Le Hénanff","Membre titulaire","2024-11-06"
"Commission consultative du secret de la défense nationale","Article L. 2312-2 du code de la défense","https://www.defense.gouv.fr/sga/le-sga-en-action/droit-et-defense/secret-defense/secret-defense",,"M. Jean-Michel Jacques","Membre titulaire","2022-08-06"
"Commission consultative du secret de la défense nationale","Article L. 2312-2 du code de la défense","https://www.defense.gouv.fr/sga/le-sga-en-action/droit-et-defense/secret-defense/secret-defense",,"M. Jean-Michel Boucheron","Membre titulaire","1998-07-16"
"Commission consultative du secret de la défense nationale","Article L. 2312-2 du code de la défense","https://www.defense.gouv.fr/sga/le-sga-en-action/droit-et-defense/secret-defense/secret-defense",,"M. Jean-Michel Boucheron","Membre titulaire","2007-07-10"
"Commission consultative du secret de la défense nationale","Article L. 2312-2 du code de la défense","https://www.defense.gouv.fr/sga/le-sga-en-action/droit-et-defense/secret-defense/secret-defense",,"Mme Marie Guévenoux","Membre titulaire","2017-11-17"
"Commission consultative du secret de la défense nationale","Article L. 2312-2 du code de la défense","https://www.defense.gouv.fr/sga/le-sga-en-action/droit-et-defense/secret-defense/secret-defense",,"M. Alain Tourret","Membre titulaire","2017-09-29"
"Commission consultative du secret de la défense nationale","Article L. 2312-2 du code de la défense","https://www.defense.gouv.fr/sga/le-sga-en-action/droit-et-defense/secret-defense/secret-defense",,"M. Jean Glavany","Membre titulaire","2012-08-01"
"Commission consultative du secret de la défense nationale","Article L. 2312-2 du code de la défense","https://www.defense.gouv.fr/sga/le-sga-en-action/droit-et-defense/secret-defense/secret-defense",,"M. Jean Glavany","Membre titulaire","2002-09-03"
"Haut Conseil pour l'avenir de l'Assurance maladie","Article 72 de la loi n° 2005-1579 du 19 décembre 2005","http://www.securite-sociale.fr/-Composition-et-fonctionnement,1191-","21","Mme Annie Vidal","Membre titulaire","2024-11-06"
"Haut Conseil pour l'avenir de l'Assurance maladie","Article 72 de la loi n° 2005-1579 du 19 décembre 2005","http://www.securite-sociale.fr/-Composition-et-fonctionnement,1191-","21","M. Yves Bur","Membre titulaire","2004-06-07"
"Haut Conseil pour l'avenir de l'Assurance maladie","Article 72 de la loi n° 2005-1579 du 19 décembre 2005","http://www.securite-sociale.fr/-Composition-et-fonctionnement,1191-","21","M. Pierre Méhaignerie","Membre titulaire","2007-08-01"
"Haut Conseil pour l'avenir de l'Assurance maladie","Article 72 de la loi n° 2005-1579 du 19 décembre 2005","http://www.securite-sociale.fr/-Composition-et-fonctionnement,1191-","21","M. Yves Bur","Membre titulaire","2007-08-01"
"Haut Conseil pour l'avenir de l'Assurance maladie","Article 72 de la loi n° 2005-1579 du 19 décembre 2005","http://www.securite-sociale.fr/-Composition-et-fonctionnement,1191-","21","Mme Joëlle Mélin","Membre titulaire","2022-10-21"
"Haut Conseil pour l'avenir de l'Assurance maladie","Article 72 de la loi n° 2005-1579 du 19 décembre 2005","http://www.securite-sociale.fr/-Composition-et-fonctionnement,1191-","21","Mme Stéphanie Rist","Membre titulaire","2022-10-21"
"Haut Conseil pour l'avenir de l'Assurance maladie","Article 72 de la loi n° 2005-1579 du 19 décembre 2005","http://www.securite-sociale.fr/-Composition-et-fonctionnement,1191-","21","Mme Catherine Lemorton","Membre titulaire","2012-10-04"
"Haut Conseil pour l'avenir de l'Assurance maladie","Article 72 de la loi n° 2005-1579 du 19 décembre 2005","http://www.securite-sociale.fr/-Composition-et-fonctionnement,1191-","21","Mme Martine Wonner","Membre titulaire","2017-10-09"
"Haut Conseil pour l'avenir de l'Assurance maladie","Article 72 de la loi n° 2005-1579 du 19 décembre 2005","http://www.securite-sociale.fr/-Composition-et-fonctionnement,1191-","21","M. Yves Bur","Membre titulaire","2011-01-14"
"Haut Conseil pour l'avenir de l'Assurance maladie","Article 72 de la loi n° 2005-1579 du 19 décembre 2005","http://www.securite-sociale.fr/-Composition-et-fonctionnement,1191-","21","M. Christian Paul","Membre titulaire","2012-10-04"
"Haut Conseil pour l'avenir de l'Assurance maladie","Article 72 de la loi n° 2005-1579 du 19 décembre 2005","http://www.securite-sociale.fr/-Composition-et-fonctionnement,1191-","21","M. Jean-Michel Dubernard","Membre titulaire","2003-10-13"
"Haut Conseil pour l'avenir de l'Assurance maladie","Article 72 de la loi n° 2005-1579 du 19 décembre 2005","http://www.securite-sociale.fr/-Composition-et-fonctionnement,1191-","21","M. Pierre Méhaignerie","Membre titulaire","2011-01-14"
"Haut Conseil pour l'avenir de l'Assurance maladie","Article 72 de la loi n° 2005-1579 du 19 décembre 2005","http://www.securite-sociale.fr/-Composition-et-fonctionnement,1191-","21","M. Jean-Marie Le Guen","Membre titulaire","2003-10-13"
"Haut Conseil pour l'avenir de l'Assurance maladie","Article 72 de la loi n° 2005-1579 du 19 décembre 2005","http://www.securite-sociale.fr/-Composition-et-fonctionnement,1191-","21","M. Yannick Monnet","Membre titulaire","2024-11-06"
"Haut Conseil pour l'avenir de l'Assurance maladie","Article 72 de la loi n° 2005-1579 du 19 décembre 2005","http://www.securite-sociale.fr/-Composition-et-fonctionnement,1191-","21","M. Jean-Marie Le Guen","Membre titulaire","2007-08-01"
"Haut Conseil pour l'avenir de l'Assurance maladie","Article 72 de la loi n° 2005-1579 du 19 décembre 2005","http://www.securite-sociale.fr/-Composition-et-fonctionnement,1191-","21","M. Pierre Dharréville","Membre titulaire","2022-10-21"
"Haut Conseil pour l'avenir de l'Assurance maladie","Article 72 de la loi n° 2005-1579 du 19 décembre 2005","http://www.securite-sociale.fr/-Composition-et-fonctionnement,1191-","21","M. Jean-Carles Grelier","Membre titulaire","2017-10-09"
"Haut Conseil pour l'avenir de l'Assurance maladie","Article 72 de la loi n° 2005-1579 du 19 décembre 2005","http://www.securite-sociale.fr/-Composition-et-fonctionnement,1191-","21","M. Pierre Morange","Membre titulaire","2012-10-04"
"Haut Conseil pour l'avenir de l'Assurance maladie","Article 72 de la loi n° 2005-1579 du 19 décembre 2005","http://www.securite-sociale.fr/-Composition-et-fonctionnement,1191-","21","M. Cyrille Isaac-Sibille","Membre titulaire","2017-10-09"
"Haut Conseil pour l'avenir de l'Assurance maladie","Article 72 de la loi n° 2005-1579 du 19 décembre 2005","http://www.securite-sociale.fr/-Composition-et-fonctionnement,1191-","21","M. Jean-Marie Le Guen","Membre titulaire","2011-01-14"
"Haut Conseil pour l'avenir de l'Assurance maladie","Article 72 de la loi n° 2005-1579 du 19 décembre 2005","http://www.securite-sociale.fr/-Composition-et-fonctionnement,1191-","21","M. François Goulard","Membre titulaire","2003-10-13"
"Haut Conseil pour l'avenir de l'Assurance maladie","Article 72 de la loi n° 2005-1579 du 19 décembre 2005","http://www.securite-sociale.fr/-Composition-et-fonctionnement,1191-","21","M. Thierry Frappé","Membre titulaire","2024-11-06"
"Conseil d'administration de l'Institut des hautes études pour la science et la technologie","Article 30 de la loi n° 2018-699 du 3 août 2018","https://www.ihest.fr/l-institut/qui-sommes-nous/conseil-d-administration",,"Mme Anne-Yvonne Le Dain","Membre titulaire","2012-09-03"
"Conseil d'administration de l'Institut des hautes études pour la science et la technologie","Article 30 de la loi n° 2018-699 du 3 août 2018","https://www.ihest.fr/l-institut/qui-sommes-nous/conseil-d-administration",,"M. Jean-Jacques Gaultier","Membre titulaire","2011-03-10"
"Conseil d'administration de l'Institut des hautes études pour la science et la technologie","Article 30 de la loi n° 2018-699 du 3 août 2018","https://www.ihest.fr/l-institut/qui-sommes-nous/conseil-d-administration",,"Mme Danièle Hérin","Membre titulaire","2017-09-29"
"Conseil d'administration de l'Institut des hautes études pour la science et la technologie","Article 30 de la loi n° 2018-699 du 3 août 2018","https://www.ihest.fr/l-institut/qui-sommes-nous/conseil-d-administration",,"Mme Danièle Hérin","Membre titulaire","2020-12-08"
"Conseil d'administration de l'Institut des hautes études pour la science et la technologie","Article 30 de la loi n° 2018-699 du 3 août 2018","https://www.ihest.fr/l-institut/qui-sommes-nous/conseil-d-administration",,"M. Jean-François Coulomme","Membre titulaire","2022-10-21"
"Commission nationale de la vidéoprotection","Article L. 251-6 du code de la sécurité intérieure",,"0","Mme Catherine Kamowski","Membre titulaire","2017-11-10"
"Commission nationale de la vidéoprotection","Article L. 251-6 du code de la sécurité intérieure",,"0","M. Christian Estrosi","Membre titulaire","2012-09-03"
"Commission nationale de la vidéoprotection","Article L. 251-6 du code de la sécurité intérieure",,"0","M. Sébastien Huyghe","Membre titulaire","2017-11-10"
"Commission nationale de la vidéoprotection","Article L. 251-6 du code de la sécurité intérieure",,"0","Mme Nathalie Appéré","Membre titulaire","2014-10-28"
"Commission nationale de la vidéoprotection","Article L. 251-6 du code de la sécurité intérieure",,"0","M. Matthias Fekl","Membre titulaire","2012-09-03"
"Conseil supérieur de la mutualité","Article L. 411-2 du code de la mutualité",,"9","M. Jean-Louis Fousseret","Membre titulaire","1997-09-19"
"Conseil supérieur de la mutualité","Article L. 411-2 du code de la mutualité",,"9","M. Guillaume Chiche","Membre titulaire","2017-10-19"
"Conseil supérieur de la mutualité","Article L. 411-2 du code de la mutualité",,"9","Mme Fanélie Carrey-Conte","Membre titulaire","2012-09-28"
"Conseil supérieur de la mutualité","Article L. 411-2 du code de la mutualité",,"9","Mme Claude Greff","Membre titulaire","2007-08-01"
"Conseil supérieur de la mutualité","Article L. 411-2 du code de la mutualité",,"9","Mme Claude Greff","Membre titulaire","2002-08-01"
"Conseil supérieur de la mutualité","Article L. 411-2 du code de la mutualité",,"9","M. Pierre Quillet","Membre titulaire","1993-05-23"
"Conseil supérieur de la mutualité","Article L. 411-2 du code de la mutualité",,"9","M. Jean-Paul Durieux","Membre titulaire","1988-12-02"
"Conseil supérieur de la mutualité","Article L. 411-2 du code de la mutualité",,"9","M. Jean-Louis Fousseret","Membre titulaire","2001-05-22"
"Conseil supérieur de la mutualité","Article L. 411-2 du code de la mutualité",,"9","M. Jacques Bichet","Membre titulaire","1986-05-30"
"Conseil supérieur des prestations sociales agricoles","Articles L. 721-3 du code rural et de la pêche maritime","http://agriculture.gouv.fr/le-conseil-superieur-des-prestations-sociales-agricoles","5","M. Germinal Peiro","Membre titulaire","2010-05-10"
"Conseil supérieur des prestations sociales agricoles","Articles L. 721-3 du code rural et de la pêche maritime","http://agriculture.gouv.fr/le-conseil-superieur-des-prestations-sociales-agricoles","5","M. Jean-Marie Morisset","Membre suppléant","2001-05-22"
"Conseil supérieur des prestations sociales agricoles","Articles L. 721-3 du code rural et de la pêche maritime","http://agriculture.gouv.fr/le-conseil-superieur-des-prestations-sociales-agricoles","5","M. Germinal Peiro","Membre titulaire","2012-09-03"
"Conseil supérieur des prestations sociales agricoles","Articles L. 721-3 du code rural et de la pêche maritime","http://agriculture.gouv.fr/le-conseil-superieur-des-prestations-sociales-agricoles","5","M. Philippe Vasseur","Membre suppléant","1993-05-23"
"Conseil supérieur des prestations sociales agricoles","Articles L. 721-3 du code rural et de la pêche maritime","http://agriculture.gouv.fr/le-conseil-superieur-des-prestations-sociales-agricoles","5","M. Bernard Nayral","Membre suppléant","1988-11-19"
"Conseil supérieur des prestations sociales agricoles","Articles L. 721-3 du code rural et de la pêche maritime","http://agriculture.gouv.fr/le-conseil-superieur-des-prestations-sociales-agricoles","5","Mme Nicole Le Peih","Membre titulaire","2022-10-21"
"Conseil supérieur des prestations sociales agricoles","Articles L. 721-3 du code rural et de la pêche maritime","http://agriculture.gouv.fr/le-conseil-superieur-des-prestations-sociales-agricoles","5","M. Henri Bayard","Membre suppléant","1988-11-19"
"Conseil supérieur des prestations sociales agricoles","Articles L. 721-3 du code rural et de la pêche maritime","http://agriculture.gouv.fr/le-conseil-superieur-des-prestations-sociales-agricoles","5","M. André Chassaigne","Membre titulaire","2024-11-06"
"Conseil supérieur des prestations sociales agricoles","Articles L. 721-3 du code rural et de la pêche maritime","http://agriculture.gouv.fr/le-conseil-superieur-des-prestations-sociales-agricoles","5","M. Jean-Pierre Balligand","Membre suppléant","1987-10-16"
"Conseil supérieur des prestations sociales agricoles","Articles L. 721-3 du code rural et de la pêche maritime","http://agriculture.gouv.fr/le-conseil-superieur-des-prestations-sociales-agricoles","5","M. Michel Cointat","Membre titulaire","1987-10-16"
"Conseil supérieur des prestations sociales agricoles","Articles L. 721-3 du code rural et de la pêche maritime","http://agriculture.gouv.fr/le-conseil-superieur-des-prestations-sociales-agricoles","5","M. Pierre Metais","Membre suppléant","1986-05-16"
"Conseil supérieur des prestations sociales agricoles","Articles L. 721-3 du code rural et de la pêche maritime","http://agriculture.gouv.fr/le-conseil-superieur-des-prestations-sociales-agricoles","5","M. Charles Revet","Membre titulaire","1986-05-16"
"Conseil supérieur des prestations sociales agricoles","Articles L. 721-3 du code rural et de la pêche maritime","http://agriculture.gouv.fr/le-conseil-superieur-des-prestations-sociales-agricoles","5","M. Pierre Metais","Membre suppléant","1987-10-16"
"Conseil supérieur des prestations sociales agricoles","Articles L. 721-3 du code rural et de la pêche maritime","http://agriculture.gouv.fr/le-conseil-superieur-des-prestations-sociales-agricoles","5","M. Germain Gengenwin","Membre suppléant","1986-05-16"
"Conseil supérieur des prestations sociales agricoles","Articles L. 721-3 du code rural et de la pêche maritime","http://agriculture.gouv.fr/le-conseil-superieur-des-prestations-sociales-agricoles","5","M. Julien Borowczyk","Membre titulaire","2017-10-19"
"Conseil supérieur des prestations sociales agricoles","Articles L. 721-3 du code rural et de la pêche maritime","http://agriculture.gouv.fr/le-conseil-superieur-des-prestations-sociales-agricoles","5","M. Franck Thomas-Richard","Membre suppléant","1995-11-24"
"Conseil supérieur des prestations sociales agricoles","Articles L. 721-3 du code rural et de la pêche maritime","http://agriculture.gouv.fr/le-conseil-superieur-des-prestations-sociales-agricoles","5","M. Henri Bayard","Membre suppléant","1990-12-21"
"Conseil supérieur des prestations sociales agricoles","Articles L. 721-3 du code rural et de la pêche maritime","http://agriculture.gouv.fr/le-conseil-superieur-des-prestations-sociales-agricoles","5","M. Marc Bernier","Membre titulaire","2010-04-01"
"Conseil supérieur des prestations sociales agricoles","Articles L. 721-3 du code rural et de la pêche maritime","http://agriculture.gouv.fr/le-conseil-superieur-des-prestations-sociales-agricoles","5","M. Germinal Peiro","Membre suppléant","2010-04-01"
"Conseil supérieur des prestations sociales agricoles","Articles L. 721-3 du code rural et de la pêche maritime","http://agriculture.gouv.fr/le-conseil-superieur-des-prestations-sociales-agricoles","5","M. Yves Rispat","Membre titulaire","1995-11-24"
"Conseil supérieur des prestations sociales agricoles","Articles L. 721-3 du code rural et de la pêche maritime","http://agriculture.gouv.fr/le-conseil-superieur-des-prestations-sociales-agricoles","5","M. René Dutin","Membre titulaire","1997-09-19"
"Conseil supérieur des prestations sociales agricoles","Articles L. 721-3 du code rural et de la pêche maritime","http://agriculture.gouv.fr/le-conseil-superieur-des-prestations-sociales-agricoles","5","M. Jean Giovannelli","Membre titulaire","1990-12-21"
"Conseil supérieur des prestations sociales agricoles","Articles L. 721-3 du code rural et de la pêche maritime","http://agriculture.gouv.fr/le-conseil-superieur-des-prestations-sociales-agricoles","5","M. Marc Bernier","Membre titulaire","2002-08-01"
"Conseil supérieur des prestations sociales agricoles","Articles L. 721-3 du code rural et de la pêche maritime","http://agriculture.gouv.fr/le-conseil-superieur-des-prestations-sociales-agricoles","5","M. Michel Raison","Membre titulaire","2010-04-01"
"Conseil supérieur des prestations sociales agricoles","Articles L. 721-3 du code rural et de la pêche maritime","http://agriculture.gouv.fr/le-conseil-superieur-des-prestations-sociales-agricoles","5","M. Didier Chouat","Membre titulaire","1997-09-19"
"Conseil supérieur des prestations sociales agricoles","Articles L. 721-3 du code rural et de la pêche maritime","http://agriculture.gouv.fr/le-conseil-superieur-des-prestations-sociales-agricoles","5","M. Jean-Claude Mathis","Membre titulaire","2002-08-01"
"Conseil supérieur des prestations sociales agricoles","Articles L. 721-3 du code rural et de la pêche maritime","http://agriculture.gouv.fr/le-conseil-superieur-des-prestations-sociales-agricoles","5","M. Jean-Claude Mathis","Membre titulaire","2005-10-20"
"Conseil supérieur des prestations sociales agricoles","Articles L. 721-3 du code rural et de la pêche maritime","http://agriculture.gouv.fr/le-conseil-superieur-des-prestations-sociales-agricoles","5","M. Arnaud Lepercq","Membre titulaire","1997-09-19"
"Conseil supérieur des prestations sociales agricoles","Articles L. 721-3 du code rural et de la pêche maritime","http://agriculture.gouv.fr/le-conseil-superieur-des-prestations-sociales-agricoles","5","M. Michel Raison","Membre titulaire","2002-08-01"
"Conseil supérieur des prestations sociales agricoles","Articles L. 721-3 du code rural et de la pêche maritime","http://agriculture.gouv.fr/le-conseil-superieur-des-prestations-sociales-agricoles","5","M. Yves Censi","Membre suppléant","2005-10-20"
"Conseil supérieur des prestations sociales agricoles","Articles L. 721-3 du code rural et de la pêche maritime","http://agriculture.gouv.fr/le-conseil-superieur-des-prestations-sociales-agricoles","5","M. Didier Chouat","Membre titulaire","2001-05-22"
"Conseil supérieur des prestations sociales agricoles","Articles L. 721-3 du code rural et de la pêche maritime","http://agriculture.gouv.fr/le-conseil-superieur-des-prestations-sociales-agricoles","5","M. Yves Censi","Membre titulaire","2010-05-10"
"Conseil supérieur des prestations sociales agricoles","Articles L. 721-3 du code rural et de la pêche maritime","http://agriculture.gouv.fr/le-conseil-superieur-des-prestations-sociales-agricoles","5","M. Arnaud Lepercq","Membre titulaire","1990-12-21"
"Conseil supérieur des prestations sociales agricoles","Articles L. 721-3 du code rural et de la pêche maritime","http://agriculture.gouv.fr/le-conseil-superieur-des-prestations-sociales-agricoles","5","M. Jean-François Régère","Membre suppléant","2005-10-20"
"Conseil supérieur des prestations sociales agricoles","Articles L. 721-3 du code rural et de la pêche maritime","http://agriculture.gouv.fr/le-conseil-superieur-des-prestations-sociales-agricoles","5","M. Arnaud Lepercq","Membre titulaire","2001-05-22"
"Conseil supérieur des prestations sociales agricoles","Articles L. 721-3 du code rural et de la pêche maritime","http://agriculture.gouv.fr/le-conseil-superieur-des-prestations-sociales-agricoles","5","M. Yves Censi","Membre titulaire","2012-09-03"
"Conseil supérieur des prestations sociales agricoles","Articles L. 721-3 du code rural et de la pêche maritime","http://agriculture.gouv.fr/le-conseil-superieur-des-prestations-sociales-agricoles","5","M. Yves Tavernier","Membre titulaire","1988-11-19"
"Conseil supérieur des prestations sociales agricoles","Articles L. 721-3 du code rural et de la pêche maritime","http://agriculture.gouv.fr/le-conseil-superieur-des-prestations-sociales-agricoles","5","M. René Dutin","Membre titulaire","2001-05-22"
"Conseil supérieur des prestations sociales agricoles","Articles L. 721-3 du code rural et de la pêche maritime","http://agriculture.gouv.fr/le-conseil-superieur-des-prestations-sociales-agricoles","5","M. Arnaud Lepercq","Membre titulaire","1988-11-19"
"Conseil supérieur des prestations sociales agricoles","Articles L. 721-3 du code rural et de la pêche maritime","http://agriculture.gouv.fr/le-conseil-superieur-des-prestations-sociales-agricoles","5","Mme Murielle Lepvraud","Membre titulaire","2024-11-06"
"Conseil supérieur des prestations sociales agricoles","Articles L. 721-3 du code rural et de la pêche maritime","http://agriculture.gouv.fr/le-conseil-superieur-des-prestations-sociales-agricoles","5","M. Germain Gengenwin","Membre suppléant","1987-10-16"
"Conseil supérieur des prestations sociales agricoles","Articles L. 721-3 du code rural et de la pêche maritime","http://agriculture.gouv.fr/le-conseil-superieur-des-prestations-sociales-agricoles","5","M. André Chassaigne","Membre titulaire","2022-10-21"
"Conseil supérieur des prestations sociales agricoles","Articles L. 721-3 du code rural et de la pêche maritime","http://agriculture.gouv.fr/le-conseil-superieur-des-prestations-sociales-agricoles","5","M. Michel Jacquemin","Membre suppléant","1988-11-19"
"Conseil supérieur des prestations sociales agricoles","Articles L. 721-3 du code rural et de la pêche maritime","http://agriculture.gouv.fr/le-conseil-superieur-des-prestations-sociales-agricoles","5","M. Xavier Dugoin","Membre titulaire","1987-10-16"
"Conseil supérieur des prestations sociales agricoles","Articles L. 721-3 du code rural et de la pêche maritime","http://agriculture.gouv.fr/le-conseil-superieur-des-prestations-sociales-agricoles","5","M. Xavier Dugoin","Membre titulaire","1986-05-16"
"Conseil supérieur des prestations sociales agricoles","Articles L. 721-3 du code rural et de la pêche maritime","http://agriculture.gouv.fr/le-conseil-superieur-des-prestations-sociales-agricoles","5","M. Jean-Pierre Balligand","Membre suppléant","1986-05-16"
"Conseil supérieur des prestations sociales agricoles","Articles L. 721-3 du code rural et de la pêche maritime","http://agriculture.gouv.fr/le-conseil-superieur-des-prestations-sociales-agricoles","5","M. Charles Revet","Membre titulaire","1987-10-16"
"Conseil supérieur des prestations sociales agricoles","Articles L. 721-3 du code rural et de la pêche maritime","http://agriculture.gouv.fr/le-conseil-superieur-des-prestations-sociales-agricoles","5","M. Jean-François Mancel","Membre titulaire","1986-05-16"
"Conseil supérieur des prestations sociales agricoles","Articles L. 721-3 du code rural et de la pêche maritime","http://agriculture.gouv.fr/le-conseil-superieur-des-prestations-sociales-agricoles","5","Mme Marie-Noëlle Battistel","Membre titulaire","2017-10-19"
"Conseil supérieur des prestations sociales agricoles","Articles L. 721-3 du code rural et de la pêche maritime","http://agriculture.gouv.fr/le-conseil-superieur-des-prestations-sociales-agricoles","5","M. Philippe Langenieux-Villard","Membre titulaire","1995-11-24"
"Conseil supérieur des prestations sociales agricoles","Articles L. 721-3 du code rural et de la pêche maritime","http://agriculture.gouv.fr/le-conseil-superieur-des-prestations-sociales-agricoles","5","M. Pierre Esteve","Membre suppléant","1990-12-21"
"Conseil supérieur des prestations sociales agricoles","Articles L. 721-3 du code rural et de la pêche maritime","http://agriculture.gouv.fr/le-conseil-superieur-des-prestations-sociales-agricoles","5","M. Frédéric de Saint-Sernin","Membre titulaire","1995-11-24"
"Conseil supérieur des prestations sociales agricoles","Articles L. 721-3 du code rural et de la pêche maritime","http://agriculture.gouv.fr/le-conseil-superieur-des-prestations-sociales-agricoles","5","M. Jean-Claude Mathis","Membre titulaire","2010-04-01"
"Conseil supérieur des prestations sociales agricoles","Articles L. 721-3 du code rural et de la pêche maritime","http://agriculture.gouv.fr/le-conseil-superieur-des-prestations-sociales-agricoles","5","M. Francis Saint-Léger","Membre suppléant","2010-04-01"
"Conseil supérieur des prestations sociales agricoles","Articles L. 721-3 du code rural et de la pêche maritime","http://agriculture.gouv.fr/le-conseil-superieur-des-prestations-sociales-agricoles","5","M. Hervé Mariton","Membre suppléant","1995-11-24"
"Conseil supérieur des prestations sociales agricoles","Articles L. 721-3 du code rural et de la pêche maritime","http://agriculture.gouv.fr/le-conseil-superieur-des-prestations-sociales-agricoles","5","M. Francis Hammel","Membre suppléant","1997-09-19"
"Conseil supérieur des prestations sociales agricoles","Articles L. 721-3 du code rural et de la pêche maritime","http://agriculture.gouv.fr/le-conseil-superieur-des-prestations-sociales-agricoles","5","M. Michel Jacquemin","Membre suppléant","1990-12-21"
"Conseil supérieur des prestations sociales agricoles","Articles L. 721-3 du code rural et de la pêche maritime","http://agriculture.gouv.fr/le-conseil-superieur-des-prestations-sociales-agricoles","5","M. Yves Censi","Membre suppléant","2002-08-01"
"Conseil supérieur des prestations sociales agricoles","Articles L. 721-3 du code rural et de la pêche maritime","http://agriculture.gouv.fr/le-conseil-superieur-des-prestations-sociales-agricoles","5","M. Marc Bernier","Membre titulaire","2005-10-20"
"Conseil supérieur des prestations sociales agricoles","Articles L. 721-3 du code rural et de la pêche maritime","http://agriculture.gouv.fr/le-conseil-superieur-des-prestations-sociales-agricoles","5","M. Yves Censi","Membre suppléant","2010-04-01"
"Conseil supérieur des prestations sociales agricoles","Articles L. 721-3 du code rural et de la pêche maritime","http://agriculture.gouv.fr/le-conseil-superieur-des-prestations-sociales-agricoles","5","M. Charles de Courson","Membre suppléant","1997-09-19"
"Conseil supérieur des prestations sociales agricoles","Articles L. 721-3 du code rural et de la pêche maritime","http://agriculture.gouv.fr/le-conseil-superieur-des-prestations-sociales-agricoles","5","M. Germinal Peiro","Membre suppléant","2002-08-01"
"Conseil supérieur des prestations sociales agricoles","Articles L. 721-3 du code rural et de la pêche maritime","http://agriculture.gouv.fr/le-conseil-superieur-des-prestations-sociales-agricoles","5","M. Michel Raison","Membre titulaire","2005-10-20"
"Conseil supérieur des prestations sociales agricoles","Articles L. 721-3 du code rural et de la pêche maritime","http://agriculture.gouv.fr/le-conseil-superieur-des-prestations-sociales-agricoles","5","M. Jean-Marie Morisset","Membre suppléant","1997-09-19"
"Conseil supérieur des prestations sociales agricoles","Articles L. 721-3 du code rural et de la pêche maritime","http://agriculture.gouv.fr/le-conseil-superieur-des-prestations-sociales-agricoles","5","M. Yves Tavernier","Membre titulaire","1990-12-21"
"Conseil supérieur des prestations sociales agricoles","Articles L. 721-3 du code rural et de la pêche maritime","http://agriculture.gouv.fr/le-conseil-superieur-des-prestations-sociales-agricoles","5","M. Jean-François Régère","Membre suppléant","2002-08-01"
"Conseil supérieur des prestations sociales agricoles","Articles L. 721-3 du code rural et de la pêche maritime","http://agriculture.gouv.fr/le-conseil-superieur-des-prestations-sociales-agricoles","5","M. Germinal Peiro","Membre suppléant","2005-10-20"
"Conseil supérieur des prestations sociales agricoles","Articles L. 721-3 du code rural et de la pêche maritime","http://agriculture.gouv.fr/le-conseil-superieur-des-prestations-sociales-agricoles","5","M. Charles de Courson","Membre suppléant","2001-05-22"
"Conseil supérieur des prestations sociales agricoles","Articles L. 721-3 du code rural et de la pêche maritime","http://agriculture.gouv.fr/le-conseil-superieur-des-prestations-sociales-agricoles","5","M. Francis Hammel","Membre suppléant","2001-05-22"
"Conseil supérieur des prestations sociales agricoles","Articles L. 721-3 du code rural et de la pêche maritime","http://agriculture.gouv.fr/le-conseil-superieur-des-prestations-sociales-agricoles","5","M. Germain Gengenwin","Membre suppléant","1995-11-24"
"Conseil supérieur des prestations sociales agricoles","Articles L. 721-3 du code rural et de la pêche maritime","http://agriculture.gouv.fr/le-conseil-superieur-des-prestations-sociales-agricoles","5","M. Guy Chanfrault","Membre titulaire","1988-11-19"
"Conseil national des professions du spectacle","Article XXX de la loi  visant à garantir la présence des parlementaires dans certains organismes extérieurs au Parlement et à simplifier les modalités de leur nomination",,"0","M. Guillaume Vuilletet","Membre titulaire","2022-10-21"
"Conseil national des professions du spectacle","Article XXX de la loi  visant à garantir la présence des parlementaires dans certains organismes extérieurs au Parlement et à simplifier les modalités de leur nomination",,"0","Mme Dominique Nachury","Membre suppléante","2013-07-25"
"Conseil national des professions du spectacle","Article XXX de la loi  visant à garantir la présence des parlementaires dans certains organismes extérieurs au Parlement et à simplifier les modalités de leur nomination",,"0","M. François Cormier-Bouligeon","Membre titulaire","2017-11-09"
"Conseil national des professions du spectacle","Article XXX de la loi  visant à garantir la présence des parlementaires dans certains organismes extérieurs au Parlement et à simplifier les modalités de leur nomination",,"0","Mme Marie-George Buffet","Membre suppléante","2017-11-09"
"Conseil national des professions du spectacle","Article XXX de la loi  visant à garantir la présence des parlementaires dans certains organismes extérieurs au Parlement et à simplifier les modalités de leur nomination",,"0","Mme Anne Stambach-Terrenoir","Membre titulaire","2024-11-06"
"Conseil national des professions du spectacle","Article XXX de la loi  visant à garantir la présence des parlementaires dans certains organismes extérieurs au Parlement et à simplifier les modalités de leur nomination",,"0","M. Patrick Bloche","Membre titulaire","2013-07-25"
"Conseil national des sapeurs-pompiers volontaires","Article L. 723-21 du code de la sécurité intérieure","https://www.interieur.gouv.fr/Le-ministere/Securite-civile/Documentation-technique/Les-sapeurs-pompiers/Le-volontariat/Le-Conseil-national-des-sapeurs-pompiers-volontaires","3","M. Jean-Pierre Maggi","Membre titulaire","2012-10-11"
"Conseil national des sapeurs-pompiers volontaires","Article L. 723-21 du code de la sécurité intérieure","https://www.interieur.gouv.fr/Le-ministere/Securite-civile/Documentation-technique/Les-sapeurs-pompiers/Le-volontariat/Le-Conseil-national-des-sapeurs-pompiers-volontaires","3","M. Jean-Paul Bacquet","Membre titulaire","2014-04-15"
"Conseil national des sapeurs-pompiers volontaires","Article L. 723-21 du code de la sécurité intérieure","https://www.interieur.gouv.fr/Le-ministere/Securite-civile/Documentation-technique/Les-sapeurs-pompiers/Le-volontariat/Le-Conseil-national-des-sapeurs-pompiers-volontaires","3","Mme Huguette Tiegna","Membre titulaire","2022-10-21"
"Conseil national des sapeurs-pompiers volontaires","Article L. 723-21 du code de la sécurité intérieure","https://www.interieur.gouv.fr/Le-ministere/Securite-civile/Documentation-technique/Les-sapeurs-pompiers/Le-volontariat/Le-Conseil-national-des-sapeurs-pompiers-volontaires","3","M. Maurice Leroy","Membre suppléant","2012-10-11"
"Conseil national des sapeurs-pompiers volontaires","Article L. 723-21 du code de la sécurité intérieure","https://www.interieur.gouv.fr/Le-ministere/Securite-civile/Documentation-technique/Les-sapeurs-pompiers/Le-volontariat/Le-Conseil-national-des-sapeurs-pompiers-volontaires","3","M. Julien Rancoule","Membre titulaire","2024-11-06"
"Conseil national des sapeurs-pompiers volontaires","Article L. 723-21 du code de la sécurité intérieure","https://www.interieur.gouv.fr/Le-ministere/Securite-civile/Documentation-technique/Les-sapeurs-pompiers/Le-volontariat/Le-Conseil-national-des-sapeurs-pompiers-volontaires","3","Mme Patricia Mirallès","Membre titulaire","2017-10-16"
"Conseil national des sapeurs-pompiers volontaires","Article L. 723-21 du code de la sécurité intérieure","https://www.interieur.gouv.fr/Le-ministere/Securite-civile/Documentation-technique/Les-sapeurs-pompiers/Le-volontariat/Le-Conseil-national-des-sapeurs-pompiers-volontaires","3","M. Christophe Naegelen","Membre suppléant","2017-10-16"
"Conseil d'administration de l'Office national des anciens combattants et victimes de guerre","Article L. 612-1 du code des pensions militaires d’invalidité et des victimes de la guerre","http://www.onac-vg.fr/fr/",,"M. Jean-David Ciot","Membre titulaire","2016-10-20"
"Conseil d'administration de l'Office national des anciens combattants et victimes de guerre","Article L. 612-1 du code des pensions militaires d’invalidité et des victimes de la guerre","http://www.onac-vg.fr/fr/",,"M. Jean-Paul Durieux","Membre titulaire","2002-02-20"
"Conseil d'administration de l'Office national des anciens combattants et victimes de guerre","Article L. 612-1 du code des pensions militaires d’invalidité et des victimes de la guerre","http://www.onac-vg.fr/fr/",,"M. Jean-Paul Durieux","Membre titulaire","2001-10-03"
"Conseil d'administration de l'Office national des anciens combattants et victimes de guerre","Article L. 612-1 du code des pensions militaires d’invalidité et des victimes de la guerre","http://www.onac-vg.fr/fr/",,"M. Jean-Philippe Ardouin","Membre titulaire","2022-10-21"
"Conseil d'administration de l'Office national des anciens combattants et victimes de guerre","Article L. 612-1 du code des pensions militaires d’invalidité et des victimes de la guerre","http://www.onac-vg.fr/fr/",,"M. Georges Colombier","Membre titulaire","2002-08-01"
"Conseil d'administration de l'Office national des anciens combattants et victimes de guerre","Article L. 612-1 du code des pensions militaires d’invalidité et des victimes de la guerre","http://www.onac-vg.fr/fr/",,"M. René Beguet","Membre titulaire","1987-05-15"
"Conseil d'administration de l'Office national des anciens combattants et victimes de guerre","Article L. 612-1 du code des pensions militaires d’invalidité et des victimes de la guerre","http://www.onac-vg.fr/fr/",,"M. René Beguet","Membre titulaire","1986-05-16"
"Conseil d'administration de l'Office national des anciens combattants et victimes de guerre","Article L. 612-1 du code des pensions militaires d’invalidité et des victimes de la guerre","http://www.onac-vg.fr/fr/",,"M. François Rochebloine","Membre titulaire","1993-05-14"
"Conseil d'administration de l'Office national des anciens combattants et victimes de guerre","Article L. 612-1 du code des pensions militaires d’invalidité et des victimes de la guerre","http://www.onac-vg.fr/fr/",,"M. Jean Laurain","Membre titulaire","1988-11-18"
"Conseil d'administration de l'Office national des anciens combattants et victimes de guerre","Article L. 612-1 du code des pensions militaires d’invalidité et des victimes de la guerre","http://www.onac-vg.fr/fr/",,"Mme Catherine Rimbert","Membre titulaire","2024-11-06"
"Conseil d'administration de l'Office national des anciens combattants et victimes de guerre","Article L. 612-1 du code des pensions militaires d’invalidité et des victimes de la guerre","http://www.onac-vg.fr/fr/",,"M. Georges Colombier","Membre titulaire","2011-09-12"
"Conseil d'administration de l'Office national des anciens combattants et victimes de guerre","Article L. 612-1 du code des pensions militaires d’invalidité et des victimes de la guerre","http://www.onac-vg.fr/fr/",,"Mme Paola Zanetti","Membre titulaire","2012-09-03"
"Conseil d'administration de l'Office national des anciens combattants et victimes de guerre","Article L. 612-1 du code des pensions militaires d’invalidité et des victimes de la guerre","http://www.onac-vg.fr/fr/",,"M. René Beguet","Membre titulaire","1988-04-21"
"Conseil d'administration de l'Office national des anciens combattants et victimes de guerre","Article L. 612-1 du code des pensions militaires d’invalidité et des victimes de la guerre","http://www.onac-vg.fr/fr/",,"M. Fabien Gouttefarde","Membre titulaire","2017-10-09"
"Conseil d'administration de l'Office national des anciens combattants et victimes de guerre","Article L. 612-1 du code des pensions militaires d’invalidité et des victimes de la guerre","http://www.onac-vg.fr/fr/",,"M. Jean-Paul Durieux","Membre titulaire","1997-09-19"
"Commission de suivi de la détention provisoire","Articles  72 de la loi n° 2000-516 du 15 juin 2000","http://www.justice.gouv.fr/le-ministere-de-la-justice-10017/direction-des-affaires-criminelles-et-des-graces-10024/rapport-2018-de-la-commission-de-suivi-de-la-detention-provisoire-31664.html","5","M. Jean-Yves Caullet","Membre titulaire","2001-10-09"
"Commission de suivi de la détention provisoire","Articles  72 de la loi n° 2000-516 du 15 juin 2000","http://www.justice.gouv.fr/le-ministere-de-la-justice-10017/direction-des-affaires-criminelles-et-des-graces-10024/rapport-2018-de-la-commission-de-suivi-de-la-detention-provisoire-31664.html","5","M. Dominique Raimbourg","Membre titulaire","2012-09-03"
"Commission de suivi de la détention provisoire","Articles  72 de la loi n° 2000-516 du 15 juin 2000","http://www.justice.gouv.fr/le-ministere-de-la-justice-10017/direction-des-affaires-criminelles-et-des-graces-10024/rapport-2018-de-la-commission-de-suivi-de-la-detention-provisoire-31664.html","5","M. Jean-Paul Garraud","Membre titulaire","2007-08-10"
"Commission de suivi de la détention provisoire","Articles  72 de la loi n° 2000-516 du 15 juin 2000","http://www.justice.gouv.fr/le-ministere-de-la-justice-10017/direction-des-affaires-criminelles-et-des-graces-10024/rapport-2018-de-la-commission-de-suivi-de-la-detention-provisoire-31664.html","5","M. Jean-Luc Warsmann","Membre titulaire","2002-09-03"
"Commission de suivi de la détention provisoire","Articles  72 de la loi n° 2000-516 du 15 juin 2000","http://www.justice.gouv.fr/le-ministere-de-la-justice-10017/direction-des-affaires-criminelles-et-des-graces-10024/rapport-2018-de-la-commission-de-suivi-de-la-detention-provisoire-31664.html","5","M. Émile Blessig","Membre titulaire","2005-05-09"
"Commission de suivi de la détention provisoire","Articles  72 de la loi n° 2000-516 du 15 juin 2000","http://www.justice.gouv.fr/le-ministere-de-la-justice-10017/direction-des-affaires-criminelles-et-des-graces-10024/rapport-2018-de-la-commission-de-suivi-de-la-detention-provisoire-31664.html","5","M. Sébastien Huyghe","Membre titulaire","2011-09-28"
"Commission de suivi de la détention provisoire","Articles  72 de la loi n° 2000-516 du 15 juin 2000","http://www.justice.gouv.fr/le-ministere-de-la-justice-10017/direction-des-affaires-criminelles-et-des-graces-10024/rapport-2018-de-la-commission-de-suivi-de-la-detention-provisoire-31664.html","5","Mme Caroline Abadie","Membre titulaire","2017-11-13"
"Commission de surveillance de la Caisse des dépôts et consignations","Article L. 518-4 du code monétaire et financier","https://www.caissedesdepots.fr/notre-gouvernance","20","M. Jean-Jacques Jégou","Membre titulaire","2000-06-21"
"Commission de surveillance de la Caisse des dépôts et consignations","Article L. 518-4 du code monétaire et financier","https://www.caissedesdepots.fr/notre-gouvernance","20","M. Denis Sommer","Membre titulaire","2020-06-25"
"Commission de surveillance de la Caisse des dépôts et consignations","Article L. 518-4 du code monétaire et financier","https://www.caissedesdepots.fr/notre-gouvernance","20","M. Gilles Carrez","Membre titulaire","2017-07-17"
"Commission de surveillance de la Caisse des dépôts et consignations","Article L. 518-4 du code monétaire et financier","https://www.caissedesdepots.fr/notre-gouvernance","20","M. Michel Bouvard","Membre titulaire","2007-07-12"
"Commission de surveillance de la Caisse des dépôts et consignations","Article L. 518-4 du code monétaire et financier","https://www.caissedesdepots.fr/notre-gouvernance","20","M. Jacques Savatier","Membre titulaire","2017-07-17"
"Commission de surveillance de la Caisse des dépôts et consignations","Article L. 518-4 du code monétaire et financier","https://www.caissedesdepots.fr/notre-gouvernance","20","M. Raymond Douyère","Membre titulaire","1991-07-06"
"Commission de surveillance de la Caisse des dépôts et consignations","Article L. 518-4 du code monétaire et financier","https://www.caissedesdepots.fr/notre-gouvernance","20","M. Raymond Douyère","Membre titulaire","1988-07-07"
"Commission de surveillance de la Caisse des dépôts et consignations","Article L. 518-4 du code monétaire et financier","https://www.caissedesdepots.fr/notre-gouvernance","20","M. Jean-Pierre Balligand","Membre titulaire","2010-06-28"
"Commission de surveillance de la Caisse des dépôts et consignations","Article L. 518-4 du code monétaire et financier","https://www.caissedesdepots.fr/notre-gouvernance","20","M. Jean-Pierre Delalande","Membre titulaire","1996-04-17"
"Commission de surveillance de la Caisse des dépôts et consignations","Article L. 518-4 du code monétaire et financier","https://www.caissedesdepots.fr/notre-gouvernance","20","Mme Arlette Grosskost","Membre titulaire","2012-01-24"
"Commission de surveillance de la Caisse des dépôts et consignations","Article L. 518-4 du code monétaire et financier","https://www.caissedesdepots.fr/notre-gouvernance","20","Mme Estelle Mercier","Membre titulaire","2024-11-06"
"Commission de surveillance de la Caisse des dépôts et consignations","Article L. 518-4 du code monétaire et financier","https://www.caissedesdepots.fr/notre-gouvernance","20","M. Jean-Pierre Roux","Membre titulaire","1986-04-25"
"Commission de surveillance de la Caisse des dépôts et consignations","Article L. 518-4 du code monétaire et financier","https://www.caissedesdepots.fr/notre-gouvernance","20","M. Philippe Auberger","Président","2005-10-20"
"Commission de surveillance de la Caisse des dépôts et consignations","Article L. 518-4 du code monétaire et financier","https://www.caissedesdepots.fr/notre-gouvernance","20","M. Alexandre Holroyd","Membre titulaire","2022-08-06"
"Commission de surveillance de la Caisse des dépôts et consignations","Article L. 518-4 du code monétaire et financier","https://www.caissedesdepots.fr/notre-gouvernance","20","M. Jean-Pierre Soisson","Membre titulaire","1986-04-25"
"Commission de surveillance de la Caisse des dépôts et consignations","Article L. 518-4 du code monétaire et financier","https://www.caissedesdepots.fr/notre-gouvernance","20","M. Philippe Auberger","Membre titulaire","2005-10-20"
"Commission de surveillance de la Caisse des dépôts et consignations","Article L. 518-4 du code monétaire et financier","https://www.caissedesdepots.fr/notre-gouvernance","20","M. Jean-Jacques Jégou","Membre titulaire","1997-07-12"
"Commission de surveillance de la Caisse des dépôts et consignations","Article L. 518-4 du code monétaire et financier","https://www.caissedesdepots.fr/notre-gouvernance","20","M. Marc Goua","Membre titulaire","2015-07-04"
"Commission de surveillance de la Caisse des dépôts et consignations","Article L. 518-4 du code monétaire et financier","https://www.caissedesdepots.fr/notre-gouvernance","20","M. Philippe Auberger","Membre titulaire","2002-08-01"
"Commission de surveillance de la Caisse des dépôts et consignations","Article L. 518-4 du code monétaire et financier","https://www.caissedesdepots.fr/notre-gouvernance","20","M. Pierre Hériaud","Membre titulaire","2002-08-01"
"Commission de surveillance de la Caisse des dépôts et consignations","Article L. 518-4 du code monétaire et financier","https://www.caissedesdepots.fr/notre-gouvernance","20","M. Jean-Jacques Jégou","Membre titulaire","1994-05-27"
"Commission de surveillance de la Caisse des dépôts et consignations","Article L. 518-4 du code monétaire et financier","https://www.caissedesdepots.fr/notre-gouvernance","20","Mme Arlette Grosskost","Membre titulaire","2009-02-04"
"Commission de surveillance de la Caisse des dépôts et consignations","Article L. 518-4 du code monétaire et financier","https://www.caissedesdepots.fr/notre-gouvernance","20","M. Jean-Pierre Brard","Membre titulaire","2000-06-21"
"Commission de surveillance de la Caisse des dépôts et consignations","Article L. 518-4 du code monétaire et financier","https://www.caissedesdepots.fr/notre-gouvernance","20","M. Jean-Pierre Balligand","Membre titulaire","2007-07-12"
"Commission de surveillance de la Caisse des dépôts et consignations","Article L. 518-4 du code monétaire et financier","https://www.caissedesdepots.fr/notre-gouvernance","20","M. Edmond Alphandery","Membre titulaire","1991-07-06"
"Commission de surveillance de la Caisse des dépôts et consignations","Article L. 518-4 du code monétaire et financier","https://www.caissedesdepots.fr/notre-gouvernance","20","M. Gilles Le Gendre","Membre titulaire","2017-07-17"
"Commission de surveillance de la Caisse des dépôts et consignations","Article L. 518-4 du code monétaire et financier","https://www.caissedesdepots.fr/notre-gouvernance","20","Mme Sophie Errante","Membre titulaire","2021-02-12"
"Commission de surveillance de la Caisse des dépôts et consignations","Article L. 518-4 du code monétaire et financier","https://www.caissedesdepots.fr/notre-gouvernance","20","M. Daniel Garrigue","Membre titulaire","2007-07-12"
"Commission de surveillance de la Caisse des dépôts et consignations","Article L. 518-4 du code monétaire et financier","https://www.caissedesdepots.fr/notre-gouvernance","20","M. Christian Pierret","Membre titulaire","1991-07-06"
"Commission de surveillance de la Caisse des dépôts et consignations","Article L. 518-4 du code monétaire et financier","https://www.caissedesdepots.fr/notre-gouvernance","20","M. Edmond Alphandery","Membre titulaire","1988-07-07"
"Commission de surveillance de la Caisse des dépôts et consignations","Article L. 518-4 du code monétaire et financier","https://www.caissedesdepots.fr/notre-gouvernance","20","M. Christian Pierret","Membre titulaire","1988-07-07"
"Commission de surveillance de la Caisse des dépôts et consignations","Article L. 518-4 du code monétaire et financier","https://www.caissedesdepots.fr/notre-gouvernance","20","M. Michel Bouvard","Membre titulaire","2010-06-28"
"Commission de surveillance de la Caisse des dépôts et consignations","Article L. 518-4 du code monétaire et financier","https://www.caissedesdepots.fr/notre-gouvernance","20","M. Alain Griotteray","Membre titulaire","1996-04-17"
"Commission de surveillance de la Caisse des dépôts et consignations","Article L. 518-4 du code monétaire et financier","https://www.caissedesdepots.fr/notre-gouvernance","20","Mme Marie Lebec","Membre titulaire","2024-11-06"
"Commission de surveillance de la Caisse des dépôts et consignations","Article L. 518-4 du code monétaire et financier","https://www.caissedesdepots.fr/notre-gouvernance","20","M. Jean-René Cazeneuve","Membre titulaire","2024-11-06"
"Commission de surveillance de la Caisse des dépôts et consignations","Article L. 518-4 du code monétaire et financier","https://www.caissedesdepots.fr/notre-gouvernance","20","M. Pierre Hériaud","Membre titulaire","2005-10-20"
"Commission de surveillance de la Caisse des dépôts et consignations","Article L. 518-4 du code monétaire et financier","https://www.caissedesdepots.fr/notre-gouvernance","20","M. Christian Pierret","Membre titulaire","1986-04-25"
"Commission de surveillance de la Caisse des dépôts et consignations","Article L. 518-4 du code monétaire et financier","https://www.caissedesdepots.fr/notre-gouvernance","20","M. Jean-Pierre Balligand","Membre titulaire","2005-10-20"
"Commission de surveillance de la Caisse des dépôts et consignations","Article L. 518-4 du code monétaire et financier","https://www.caissedesdepots.fr/notre-gouvernance","20","M. Philippe Auberger","Président","2002-08-01"
"Commission de surveillance de la Caisse des dépôts et consignations","Article L. 518-4 du code monétaire et financier","https://www.caissedesdepots.fr/notre-gouvernance","20","M. Marc Le Fur","Membre titulaire","2022-08-06"
"Commission de surveillance de la Caisse des dépôts et consignations","Article L. 518-4 du code monétaire et financier","https://www.caissedesdepots.fr/notre-gouvernance","20","M. Henri Emmanuelli","Membre titulaire","2015-07-04"
"Commission de surveillance de la Caisse des dépôts et consignations","Article L. 518-4 du code monétaire et financier","https://www.caissedesdepots.fr/notre-gouvernance","20","Mme Anne-Laurence Petel","Membre titulaire","2022-08-06"
"Commission de surveillance de la Caisse des dépôts et consignations","Article L. 518-4 du code monétaire et financier","https://www.caissedesdepots.fr/notre-gouvernance","20","M. Jean-Pierre Brard","Membre titulaire","1997-07-12"
"Commission de surveillance de la Caisse des dépôts et consignations","Article L. 518-4 du code monétaire et financier","https://www.caissedesdepots.fr/notre-gouvernance","20","Mme Arlette Grosskost","Membre titulaire","2015-07-04"
"Commission de surveillance de la Caisse des dépôts et consignations","Article L. 518-4 du code monétaire et financier","https://www.caissedesdepots.fr/notre-gouvernance","20","M. Jean-Pierre Balligand","Membre titulaire","2002-08-01"
"Commission de surveillance de la Caisse des dépôts et consignations","Article L. 518-4 du code monétaire et financier","https://www.caissedesdepots.fr/notre-gouvernance","20","M. Jean-Pierre Balligand","Membre titulaire","1997-07-12"
"Commission de surveillance de la Caisse des dépôts et consignations","Article L. 518-4 du code monétaire et financier","https://www.caissedesdepots.fr/notre-gouvernance","20","M. Jean-Pierre Balligand","Membre titulaire","2000-06-21"
"Comité de suivi de l'Agence française de l'adoption","Article 33 de la convention constitutive du groupement d'intérêt public « Agence française de l’adoption »","http://www.agence-adoption.fr/lafa/presentation-de-lafa/",,"M. François Jolivet","Membre titulaire","2024-11-06"
"Comité de suivi de l'Agence française de l'adoption","Article 33 de la convention constitutive du groupement d'intérêt public « Agence française de l’adoption »","http://www.agence-adoption.fr/lafa/presentation-de-lafa/",,"Mme Michèle Tabarot","Membre titulaire","2017-10-25"
"Comité de suivi de l'Agence française de l'adoption","Article 33 de la convention constitutive du groupement d'intérêt public « Agence française de l’adoption »","http://www.agence-adoption.fr/lafa/presentation-de-lafa/",,"M. Serge Blisko","Membre titulaire","2007-08-01"
"Comité de suivi de l'Agence française de l'adoption","Article 33 de la convention constitutive du groupement d'intérêt public « Agence française de l’adoption »","http://www.agence-adoption.fr/lafa/presentation-de-lafa/",,"Mme Michèle Tabarot","Membre titulaire","2012-09-03"
"Comité de suivi de l'Agence française de l'adoption","Article 33 de la convention constitutive du groupement d'intérêt public « Agence française de l’adoption »","http://www.agence-adoption.fr/lafa/presentation-de-lafa/",,"M. Serge Blisko","Membre titulaire","2006-10-25"
"Comité de suivi de l'Agence française de l'adoption","Article 33 de la convention constitutive du groupement d'intérêt public « Agence française de l’adoption »","http://www.agence-adoption.fr/lafa/presentation-de-lafa/",,"M. Patrick Delnatte","Membre titulaire","2006-10-25"
"Comité de suivi de l'Agence française de l'adoption","Article 33 de la convention constitutive du groupement d'intérêt public « Agence française de l’adoption »","http://www.agence-adoption.fr/lafa/presentation-de-lafa/",,"Mme Marietta Karamanli","Membre titulaire","2024-11-06"
"Comité de suivi de l'Agence française de l'adoption","Article 33 de la convention constitutive du groupement d'intérêt public « Agence française de l’adoption »","http://www.agence-adoption.fr/lafa/presentation-de-lafa/",,"Mme Laëtitia Romeiro Dias","Membre titulaire","2017-10-25"
"Comité de suivi de l'Agence française de l'adoption","Article 33 de la convention constitutive du groupement d'intérêt public « Agence française de l’adoption »","http://www.agence-adoption.fr/lafa/presentation-de-lafa/",,"Mme Michèle Tabarot","Membre titulaire","2007-08-01"
"Comité de suivi de l'Agence française de l'adoption","Article 33 de la convention constitutive du groupement d'intérêt public « Agence française de l’adoption »","http://www.agence-adoption.fr/lafa/presentation-de-lafa/",,"Mme Pascale Crozon","Membre titulaire","2012-09-03"
"Commission nationale consultative des droits de l'homme","Article 1 de la loi n° 2007-292 du 5 mars 2007","http://www.cncdh.fr/fr/membres","50","Mme Laurence Dumont","Membre titulaire","1997-07-16"
"Commission nationale consultative des droits de l'homme","Article 1 de la loi n° 2007-292 du 5 mars 2007","http://www.cncdh.fr/fr/membres","50","M. Christophe Euzet","Membre titulaire","2017-10-05"
"Commission nationale consultative des droits de l'homme","Article 1 de la loi n° 2007-292 du 5 mars 2007","http://www.cncdh.fr/fr/membres","50","M. Sébastien Denaja","Membre titulaire","2012-08-30"
"Commission nationale consultative des droits de l'homme","Article 1 de la loi n° 2007-292 du 5 mars 2007","http://www.cncdh.fr/fr/membres","50","Mme Cécile Helle","Membre titulaire","2001-02-05"
"Commission nationale consultative des droits de l'homme","Article 1 de la loi n° 2007-292 du 5 mars 2007","http://www.cncdh.fr/fr/membres","50","Mme Geneviève Levy","Membre titulaire","2007-08-01"
"Commission nationale consultative des droits de l'homme","Article 1 de la loi n° 2007-292 du 5 mars 2007","http://www.cncdh.fr/fr/membres","50","Mme Christine Boutin","Membre titulaire","2002-09-03"
"Commission nationale consultative des droits de l'homme","Article 1 de la loi n° 2007-292 du 5 mars 2007","http://www.cncdh.fr/fr/membres","50","M. Claude Malhuret","Membre titulaire","1993-05-27"
"Commission nationale consultative des droits de l'homme","Article 1 de la loi n° 2007-292 du 5 mars 2007","http://www.cncdh.fr/fr/membres","50","M. Étienne Pinte","Membre titulaire","1986-05-29"
"Commission nationale consultative des droits de l'homme","Article 1 de la loi n° 2007-292 du 5 mars 2007","http://www.cncdh.fr/fr/membres","50","Mme Élisa Martin","Membre titulaire","2024-11-06"
"Commission nationale consultative des droits de l'homme","Article 1 de la loi n° 2007-292 du 5 mars 2007","http://www.cncdh.fr/fr/membres","50","M. Didier Martin","Membre titulaire","2024-03-07"
"Commission nationale consultative des droits de l'homme","Article 1 de la loi n° 2007-292 du 5 mars 2007","http://www.cncdh.fr/fr/membres","50","M. Michel Coffineau","Membre titulaire","1991-03-23"
"Commission nationale consultative des droits de l'homme","Article 1 de la loi n° 2007-292 du 5 mars 2007","http://www.cncdh.fr/fr/membres","50","M. Jean-François Deniau","Membre titulaire","1986-12-06"
"Commission nationale consultative des droits de l'homme","Article 1 de la loi n° 2007-292 du 5 mars 2007","http://www.cncdh.fr/fr/membres","50","M. Julien Dray","Membre titulaire","1988-09-21"
"Commission nationale consultative des droits de l'homme","Article 1 de la loi n° 2007-292 du 5 mars 2007","http://www.cncdh.fr/fr/membres","50","M. Philippe Guillemard","Membre titulaire","2022-08-06"
"Comité consultatif du secteur financier","Article L. 614-1 du code monétaire et financier","https://www.ccsfin.fr/presentation/organisation","43","Mme Émilie Bonnivard","Membre suppléante","2017-10-23"
"Comité consultatif du secteur financier","Article L. 614-1 du code monétaire et financier","https://www.ccsfin.fr/presentation/organisation","43","Mme Constance Le Grip","Membre titulaire","2024-11-06"
"Comité consultatif du secteur financier","Article L. 614-1 du code monétaire et financier","https://www.ccsfin.fr/presentation/organisation","43","Mme Béatrice Pavy","Membre titulaire","2007-08-01"
"Comité consultatif du secteur financier","Article L. 614-1 du code monétaire et financier","https://www.ccsfin.fr/presentation/organisation","43","M. Olivier Carré","Membre suppléant","2012-10-04"
"Comité consultatif du secteur financier","Article L. 614-1 du code monétaire et financier","https://www.ccsfin.fr/presentation/organisation","43","M. Daniel Labaronne","Membre titulaire","2022-10-21"
"Comité consultatif du secteur financier","Article L. 614-1 du code monétaire et financier","https://www.ccsfin.fr/presentation/organisation","43","M. Alain Rodet","Membre suppléant","2004-09-15"
"Comité consultatif du secteur financier","Article L. 614-1 du code monétaire et financier","https://www.ccsfin.fr/presentation/organisation","43","M. Alain Rodet","Membre suppléant","2007-08-01"
"Comité consultatif du secteur financier","Article L. 614-1 du code monétaire et financier","https://www.ccsfin.fr/presentation/organisation","43","M. Dominique Baert","Membre titulaire","2012-10-04"
"Comité consultatif du secteur financier","Article L. 614-1 du code monétaire et financier","https://www.ccsfin.fr/presentation/organisation","43","M. Pierre Hériaud","Membre titulaire","2004-09-15"
"Comité consultatif du secteur financier","Article L. 614-1 du code monétaire et financier","https://www.ccsfin.fr/presentation/organisation","43","M. Daniel Labaronne","Membre titulaire","2017-10-23"
"Conseil d'administration de l'Etablissement national des produits de l'agriculture et de la mer","Article L. 621-5 du code rural et de la pêche maritime","http://www.franceagrimer.fr/Etablissement/Organisation/Conseil-d-administration",,"M. Hervé Pellois","Membre titulaire","2012-09-03"
"Conseil d'administration de l'Etablissement national des produits de l'agriculture et de la mer","Article L. 621-5 du code rural et de la pêche maritime","http://www.franceagrimer.fr/Etablissement/Organisation/Conseil-d-administration",,"Mme Manon Meunier","Membre titulaire","2024-11-06"
"Conseil d'administration de l'Etablissement national des produits de l'agriculture et de la mer","Article L. 621-5 du code rural et de la pêche maritime","http://www.franceagrimer.fr/Etablissement/Organisation/Conseil-d-administration",,"M. Antoine Herth","Membre titulaire","2009-08-27"
"Conseil d'administration de l'Etablissement national des produits de l'agriculture et de la mer","Article L. 621-5 du code rural et de la pêche maritime","http://www.franceagrimer.fr/Etablissement/Organisation/Conseil-d-administration",,"M. Sébastien Jumel","Membre titulaire","2022-10-21"
"Conseil d'administration de l'Etablissement national des produits de l'agriculture et de la mer","Article L. 621-5 du code rural et de la pêche maritime","http://www.franceagrimer.fr/Etablissement/Organisation/Conseil-d-administration",,"M. Alain Perea","Membre titulaire","2017-10-19"
"Conseil national des politiques de lutte contre la pauvreté et l'exclusion sociale","Article L. 143-1 du code de l’action sociale et des familles","https://www.cnle.gouv.fr/liste-des-membres-du-cnle.html","9","Mme Martine Billard","Membre suppléante","2010-11-30"
"Conseil national des politiques de lutte contre la pauvreté et l'exclusion sociale","Article L. 143-1 du code de l’action sociale et des familles","https://www.cnle.gouv.fr/liste-des-membres-du-cnle.html","9","Mme Martine Billard","Membre suppléante","2007-10-11"
"Conseil national des politiques de lutte contre la pauvreté et l'exclusion sociale","Article L. 143-1 du code de l’action sociale et des familles","https://www.cnle.gouv.fr/liste-des-membres-du-cnle.html","9","Mme Hélène Mignon","Membre titulaire","1999-06-11"
"Conseil national des politiques de lutte contre la pauvreté et l'exclusion sociale","Article L. 143-1 du code de l’action sociale et des familles","https://www.cnle.gouv.fr/liste-des-membres-du-cnle.html","9","M. Yves Jégo","Membre titulaire","2005-10-20"
"Conseil national des politiques de lutte contre la pauvreté et l'exclusion sociale","Article L. 143-1 du code de l’action sociale et des familles","https://www.cnle.gouv.fr/liste-des-membres-du-cnle.html","9","M. Arnaud Richard","Membre suppléant","2012-10-05"
"Conseil national des politiques de lutte contre la pauvreté et l'exclusion sociale","Article L. 143-1 du code de l’action sociale et des familles","https://www.cnle.gouv.fr/liste-des-membres-du-cnle.html","9","Mme Françoise Imbert","Membre suppléante","1997-08-28"
"Conseil national des politiques de lutte contre la pauvreté et l'exclusion sociale","Article L. 143-1 du code de l’action sociale et des familles","https://www.cnle.gouv.fr/liste-des-membres-du-cnle.html","9","Mme Isabelle Périgault","Membre titulaire","2022-10-21"
"Conseil national des politiques de lutte contre la pauvreté et l'exclusion sociale","Article L. 143-1 du code de l’action sociale et des familles","https://www.cnle.gouv.fr/liste-des-membres-du-cnle.html","9","M. Ernest Chénière","Membre titulaire","1997-02-28"
"Conseil national des politiques de lutte contre la pauvreté et l'exclusion sociale","Article L. 143-1 du code de l’action sociale et des familles","https://www.cnle.gouv.fr/liste-des-membres-du-cnle.html","9","M. Yves Jégo","Membre titulaire","2002-09-03"
"Conseil national des politiques de lutte contre la pauvreté et l'exclusion sociale","Article L. 143-1 du code de l’action sociale et des familles","https://www.cnle.gouv.fr/liste-des-membres-du-cnle.html","9","Mme Fiona Lazaar","Membre titulaire","2017-09-20"
"Conseil national des politiques de lutte contre la pauvreté et l'exclusion sociale","Article L. 143-1 du code de l’action sociale et des familles","https://www.cnle.gouv.fr/liste-des-membres-du-cnle.html","9","M. Arnaud Richard","Membre titulaire","2010-11-30"
"Conseil national des politiques de lutte contre la pauvreté et l'exclusion sociale","Article L. 143-1 du code de l’action sociale et des familles","https://www.cnle.gouv.fr/liste-des-membres-du-cnle.html","9","M. Yves Jégo","Membre titulaire","2007-10-11"
"Conseil national des politiques de lutte contre la pauvreté et l'exclusion sociale","Article L. 143-1 du code de l’action sociale et des familles","https://www.cnle.gouv.fr/liste-des-membres-du-cnle.html","9","M. Serge Letchimy","Membre suppléant","2017-09-20"
"Conseil national des politiques de lutte contre la pauvreté et l'exclusion sociale","Article L. 143-1 du code de l’action sociale et des familles","https://www.cnle.gouv.fr/liste-des-membres-du-cnle.html","9","Mme Françoise Imbert","Membre suppléante","1999-06-11"
"Conseil national des politiques de lutte contre la pauvreté et l'exclusion sociale","Article L. 143-1 du code de l’action sociale et des familles","https://www.cnle.gouv.fr/liste-des-membres-du-cnle.html","9","Mme Gisèle Biémouret","Membre titulaire","2012-10-05"
"Conseil national des politiques de lutte contre la pauvreté et l'exclusion sociale","Article L. 143-1 du code de l’action sociale et des familles","https://www.cnle.gouv.fr/liste-des-membres-du-cnle.html","9","Mme Muguette Jacquaint","Membre suppléante","2005-10-20"
"Conseil national des politiques de lutte contre la pauvreté et l'exclusion sociale","Article L. 143-1 du code de l’action sociale et des familles","https://www.cnle.gouv.fr/liste-des-membres-du-cnle.html","9","Mme Bernadette Isaac-Sibille","Membre suppléante","1997-02-28"
"Conseil national des politiques de lutte contre la pauvreté et l'exclusion sociale","Article L. 143-1 du code de l’action sociale et des familles","https://www.cnle.gouv.fr/liste-des-membres-du-cnle.html","9","Mme Véronique Carrion-Bastok","Membre titulaire","1997-08-28"
"Conseil national des politiques de lutte contre la pauvreté et l'exclusion sociale","Article L. 143-1 du code de l’action sociale et des familles","https://www.cnle.gouv.fr/liste-des-membres-du-cnle.html","9","Mme Muguette Jacquaint","Membre suppléante","2002-09-03"
"Conseil national des politiques de lutte contre la pauvreté et l'exclusion sociale","Article L. 143-1 du code de l’action sociale et des familles","https://www.cnle.gouv.fr/liste-des-membres-du-cnle.html","9","Mme Fiona Lazaar","Membre titulaire","2020-12-08"
"Conseil national des politiques de lutte contre la pauvreté et l'exclusion sociale","Article L. 143-1 du code de l’action sociale et des familles","https://www.cnle.gouv.fr/liste-des-membres-du-cnle.html","9","M. Boris Tavernier","Membre titulaire","2024-11-06"
"Office franco-québécois pour la jeunesse","Article 31 de la loi n° 2018-699 du 3 août 2018","http://www.ofqj.org/book/notre-organisation","1","Mme Pascale Bordes","Membre titulaire","2022-10-21"
"Office franco-québécois pour la jeunesse","Article 31 de la loi n° 2018-699 du 3 août 2018","http://www.ofqj.org/book/notre-organisation","1","Mme Annie Chapelier","Membre titulaire","2019-09-06"
"Office franco-québécois pour la jeunesse","Article 31 de la loi n° 2018-699 du 3 août 2018","http://www.ofqj.org/book/notre-organisation","1","M. Stéphane Lenormand","Membre titulaire","2024-11-06"
"Office franco-québécois pour la jeunesse","Article 31 de la loi n° 2018-699 du 3 août 2018","http://www.ofqj.org/book/notre-organisation","1","M. Sébastien Nadot","Membre titulaire","2017-11-02"
"Commission nationale d'évaluation des politiques de l'État outre-mer","Article 74 de la loi n° 2009-594 du 27 mai 2009",,"3","M. Philippe Folliot","Membre titulaire","2010-11-23"
"Commission nationale d'évaluation des politiques de l'État outre-mer","Article 74 de la loi n° 2009-594 du 27 mai 2009",,"3","M. Philippe Gosselin","Membre suppléant","2010-11-23"
"Commission nationale d'évaluation des politiques de l'État outre-mer","Article 74 de la loi n° 2009-594 du 27 mai 2009",,"3","M. Ibrahim Aboubacar","Membre titulaire","2012-10-11"
"Commission nationale d'évaluation des politiques de l'État outre-mer","Article 74 de la loi n° 2009-594 du 27 mai 2009",,"3","Mme Chantal Berthelot","Membre titulaire","2010-11-23"
"Commission nationale d'évaluation des politiques de l'État outre-mer","Article 74 de la loi n° 2009-594 du 27 mai 2009",,"3","M. Victorin Lurel","Membre titulaire","2010-11-23"
"Commission nationale d'évaluation des politiques de l'État outre-mer","Article 74 de la loi n° 2009-594 du 27 mai 2009",,"3","M. Apeleto Albert Likuvalu","Membre suppléant","2010-11-23"
"Commission nationale d'évaluation des politiques de l'État outre-mer","Article 74 de la loi n° 2009-594 du 27 mai 2009",,"3","Mme Chantal Berthelot","Membre titulaire","2012-10-11"
"Commission nationale d'évaluation des politiques de l'État outre-mer","Article 74 de la loi n° 2009-594 du 27 mai 2009",,"3","M. Philippe Gosselin","Membre titulaire","2012-10-11"
"Commission nationale d'évaluation des politiques de l'État outre-mer","Article 74 de la loi n° 2009-594 du 27 mai 2009",,"3","M. Hervé Mariton","Membre titulaire","2010-11-23"
"Commission nationale d'évaluation des politiques de l'État outre-mer","Article 74 de la loi n° 2009-594 du 27 mai 2009",,"3","M. Édouard Fritch","Membre titulaire","2012-10-11"
"Commission nationale d'évaluation des politiques de l'État outre-mer","Article 74 de la loi n° 2009-594 du 27 mai 2009",,"3","M. Didier Quentin","Membre titulaire","2012-10-11"
"Commission nationale d'évaluation des politiques de l'État outre-mer","Article 74 de la loi n° 2009-594 du 27 mai 2009",,"3","M. René-Paul Victoria","Membre titulaire","2010-11-23"
"Commission nationale d'évaluation des politiques de l'État outre-mer","Article 74 de la loi n° 2009-594 du 27 mai 2009",,"3","Mme Cécile Rilhac","Membre titulaire","2017-10-23"
"Commission nationale d'évaluation des politiques de l'État outre-mer","Article 74 de la loi n° 2009-594 du 27 mai 2009",,"3","M. Damien Abad","Membre suppléant","2012-10-11"
"Commission nationale d'évaluation des politiques de l'État outre-mer","Article 74 de la loi n° 2009-594 du 27 mai 2009",,"3","M. Alfred Almont","Membre suppléant","2010-11-23"
"Commission nationale d'évaluation des politiques de l'État outre-mer","Article 74 de la loi n° 2009-594 du 27 mai 2009",,"3","M. Bruno Nestor Azerot","Membre titulaire","2017-10-23"
"Commission nationale d'évaluation des politiques de l'État outre-mer","Article 74 de la loi n° 2009-594 du 27 mai 2009",,"3","Mme Maina Sage","Membre titulaire","2015-07-31"
"Commission nationale d'évaluation des politiques de l'État outre-mer","Article 74 de la loi n° 2009-594 du 27 mai 2009",,"3","Mme Catherine Beaubatie","Membre suppléante","2012-10-11"
"Commission nationale d'évaluation des politiques de l'État outre-mer","Article 74 de la loi n° 2009-594 du 27 mai 2009",,"3","M. Mansour Kamardine","Membre titulaire","2017-10-23"
"Commission nationale d'évaluation des politiques de l'État outre-mer","Article 74 de la loi n° 2009-594 du 27 mai 2009",,"3","Mme Gabrielle Louis-Carabin","Membre suppléante","2012-10-11"
"Commission nationale d'évaluation des politiques de l'État outre-mer","Article 74 de la loi n° 2009-594 du 27 mai 2009",,"3","Mme Sonia Lagarde","Membre suppléante","2012-10-11"
"Commission nationale d'évaluation des politiques de l'État outre-mer","Article 74 de la loi n° 2009-594 du 27 mai 2009",,"3","Mme Claire Guion-Firmin","Membre titulaire","2017-10-23"
"Commission nationale d'évaluation des politiques de l'État outre-mer","Article 74 de la loi n° 2009-594 du 27 mai 2009",,"3","Mme Charlotte Parmentier-Lecocq","Membre suppléante","2017-10-23"
"Commission nationale d'évaluation des politiques de l'État outre-mer","Article 74 de la loi n° 2009-594 du 27 mai 2009",,"3","Mme Ramlati Ali","Membre titulaire","2018-04-13"
"Commission nationale d'évaluation des politiques de l'État outre-mer","Article 74 de la loi n° 2009-594 du 27 mai 2009",,"3","M. Olivier Marleix","Membre suppléant","2012-10-11"
"Commission nationale d'évaluation des politiques de l'État outre-mer","Article 74 de la loi n° 2009-594 du 27 mai 2009",,"3","M. Olivier Serva","Membre titulaire","2017-10-23"
"Commission nationale d'évaluation des politiques de l'État outre-mer","Article 74 de la loi n° 2009-594 du 27 mai 2009",,"3","M. Max Mathiasin","Membre suppléant","2017-10-23"
"Commission nationale d'évaluation des politiques de l'État outre-mer","Article 74 de la loi n° 2009-594 du 27 mai 2009",,"3","M. François Scellier","Membre suppléant","2012-10-11"
"Commission nationale d'évaluation des politiques de l'État outre-mer","Article 74 de la loi n° 2009-594 du 27 mai 2009",,"3","Mme Huguette Bello","Membre suppléante","2017-10-23"
"Commission nationale d'évaluation des politiques de l'État outre-mer","Article 74 de la loi n° 2009-594 du 27 mai 2009",,"3","M. Jean-Hugues Ratenon","Membre suppléant","2017-10-23"
"Commission nationale d'évaluation des politiques de l'État outre-mer","Article 74 de la loi n° 2009-594 du 27 mai 2009",,"3","M. Philippe Dunoyer","Membre suppléant","2017-10-23"
"Commission nationale d'évaluation des politiques de l'État outre-mer","Article 74 de la loi n° 2009-594 du 27 mai 2009",,"3","M. Pierre Frogier","Membre suppléant","2010-11-23"
"Commission nationale d'évaluation des politiques de l'État outre-mer","Article 74 de la loi n° 2009-594 du 27 mai 2009",,"3","Mme Annick Girardin","Membre suppléante","2010-11-23"
"Commission nationale d'évaluation des politiques de l'État outre-mer","Article 74 de la loi n° 2009-594 du 27 mai 2009",,"3","Mme Gabrielle Louis-Carabin","Membre titulaire","2010-11-23"
"Commission nationale d'évaluation des politiques de l'État outre-mer","Article 74 de la loi n° 2009-594 du 27 mai 2009",,"3","M. Serge Letchimy","Membre suppléant","2010-11-23"
"Commission nationale d'évaluation des politiques de l'État outre-mer","Article 74 de la loi n° 2009-594 du 27 mai 2009",,"3","Mme Ericka Bareigts","Membre titulaire","2012-10-11"
"Commission nationale d'évaluation des politiques de l'État outre-mer","Article 74 de la loi n° 2009-594 du 27 mai 2009",,"3","M. Michel Buillard","Membre titulaire","2010-11-23"
"Commission nationale d'évaluation des politiques de l'État outre-mer","Article 74 de la loi n° 2009-594 du 27 mai 2009",,"3","M. Daniel Gibbes","Membre titulaire","2012-10-11"
"Commission nationale d'évaluation des politiques de l'État outre-mer","Article 74 de la loi n° 2009-594 du 27 mai 2009",,"3","M. Alfred Marie-Jeanne","Membre titulaire","2010-11-23"
"Commission nationale d'évaluation des politiques de l'État outre-mer","Article 74 de la loi n° 2009-594 du 27 mai 2009",,"3","M. Éric Raoult","Membre suppléant","2010-11-23"
"Commission nationale d'évaluation des politiques de l'État outre-mer","Article 74 de la loi n° 2009-594 du 27 mai 2009",,"3","M. Dominique Bussereau","Membre titulaire","2012-10-11"
"Commission nationale d'évaluation des politiques de l'État outre-mer","Article 74 de la loi n° 2009-594 du 27 mai 2009",,"3","M. Bernard Lesterlin","Membre titulaire","2012-10-11"
"Commission nationale d'évaluation des politiques de l'État outre-mer","Article 74 de la loi n° 2009-594 du 27 mai 2009",,"3","M. Didier Quentin","Membre titulaire","2010-11-23"
"Commission nationale d'évaluation des politiques de l'État outre-mer","Article 74 de la loi n° 2009-594 du 27 mai 2009",,"3","M. Saïd Ahamada","Membre titulaire","2017-10-23"
"Commission nationale d'évaluation des politiques de l'État outre-mer","Article 74 de la loi n° 2009-594 du 27 mai 2009",,"3","M. Gabriel Serville","Membre titulaire","2012-10-11"
"Commission nationale d'évaluation des politiques de l'État outre-mer","Article 74 de la loi n° 2009-594 du 27 mai 2009",,"3","M. Gaël Yanno","Membre titulaire","2010-11-23"
"Commission nationale d'évaluation des politiques de l'État outre-mer","Article 74 de la loi n° 2009-594 du 27 mai 2009",,"3","Mme Hélène Vainqueur-Christophe","Membre titulaire","2017-10-23"
"Commission nationale d'évaluation des politiques de l'État outre-mer","Article 74 de la loi n° 2009-594 du 27 mai 2009",,"3","M. Jean-Philippe Nilor","Membre titulaire","2018-08-01"
"Commission nationale d'évaluation des politiques de l'État outre-mer","Article 74 de la loi n° 2009-594 du 27 mai 2009",,"3","M. François Baroin","Membre suppléant","2012-10-11"
"Commission nationale d'évaluation des politiques de l'État outre-mer","Article 74 de la loi n° 2009-594 du 27 mai 2009",,"3","M. Michel Diefenbacher","Membre suppléant","2010-11-23"
"Commission nationale d'évaluation des politiques de l'État outre-mer","Article 74 de la loi n° 2009-594 du 27 mai 2009",,"3","M. Thierry Robert","Membre titulaire","2017-10-23"
"Commission nationale d'évaluation des politiques de l'État outre-mer","Article 74 de la loi n° 2009-594 du 27 mai 2009",,"3","Mme Karine Lebon","Membre suppléante","2020-11-06"
"Commission nationale d'évaluation des politiques de l'État outre-mer","Article 74 de la loi n° 2009-594 du 27 mai 2009",,"3","M. Patrick Ollier","Membre suppléant","2015-07-31"
"Commission nationale d'évaluation des politiques de l'État outre-mer","Article 74 de la loi n° 2009-594 du 27 mai 2009",,"3","M. Alain Chrétien","Membre suppléant","2012-10-11"
"Commission nationale d'évaluation des politiques de l'État outre-mer","Article 74 de la loi n° 2009-594 du 27 mai 2009",,"3","Mme Nicole Sanquer","Membre titulaire","2017-10-23"
"Commission nationale d'évaluation des politiques de l'État outre-mer","Article 74 de la loi n° 2009-594 du 27 mai 2009",,"3","M. Max Mathiasin","Membre titulaire","2019-07-23"
"Commission nationale d'évaluation des politiques de l'État outre-mer","Article 74 de la loi n° 2009-594 du 27 mai 2009",,"3","M. Hervé Mariton","Membre suppléant","2012-10-11"
"Commission nationale d'évaluation des politiques de l'État outre-mer","Article 74 de la loi n° 2009-594 du 27 mai 2009",,"3","Mme Ramlati Ali","Membre titulaire","2017-10-23"
"Commission nationale d'évaluation des politiques de l'État outre-mer","Article 74 de la loi n° 2009-594 du 27 mai 2009",,"3","Mme Justine Benin","Membre suppléante","2017-10-23"
"Commission nationale d'évaluation des politiques de l'État outre-mer","Article 74 de la loi n° 2009-594 du 27 mai 2009",,"3","M. Thierry Robert","Membre suppléant","2012-10-11"
"Commission nationale d'évaluation des politiques de l'État outre-mer","Article 74 de la loi n° 2009-594 du 27 mai 2009",,"3","M. Serge Letchimy","Membre suppléant","2017-10-23"
"Commission nationale d'évaluation des politiques de l'État outre-mer","Article 74 de la loi n° 2009-594 du 27 mai 2009",,"3","Mme Nathalie Bassire","Membre suppléante","2017-10-23"
"Commission nationale d'évaluation des politiques de l'État outre-mer","Article 74 de la loi n° 2009-594 du 27 mai 2009",,"3","M. Philippe Gomès","Membre suppléant","2017-10-23"
"Commission nationale d'évaluation des politiques de l'État outre-mer","Article 74 de la loi n° 2009-594 du 27 mai 2009",,"3","Mme Nadia Ramassamy","Membre suppléante","2017-10-23"
"Commission nationale d'évaluation des politiques de l'État outre-mer","Article 74 de la loi n° 2009-594 du 27 mai 2009",,"3","M. René Dosière","Membre suppléant","2010-11-23"
"Commission nationale d'évaluation des politiques de l'État outre-mer","Article 74 de la loi n° 2009-594 du 27 mai 2009",,"3","M. Jean-Claude Fruteau","Membre suppléant","2010-11-23"
"Commission de la modernisation de la diffusion audiovisuelle","Article 21 de la loi n° 86-1067 du 30 septembre 1986",,"0","Mme Anne-Laurence Petel","Membre titulaire","2017-11-09"
"Commission de la modernisation de la diffusion audiovisuelle","Article 21 de la loi n° 86-1067 du 30 septembre 1986",,"0","M. Laurent Garcia","Membre titulaire","2017-11-09"
"Commission de la modernisation de la diffusion audiovisuelle","Article 21 de la loi n° 86-1067 du 30 septembre 1986",,"0","Mme Sophie Blanc","Membre titulaire","2022-09-28"
"Commission de la modernisation de la diffusion audiovisuelle","Article 21 de la loi n° 86-1067 du 30 septembre 1986",,"0","M. Jean Laussucq","Membre titulaire","2024-10-02"
"Commission de la modernisation de la diffusion audiovisuelle","Article 21 de la loi n° 86-1067 du 30 septembre 1986",,"0","Mme Isabelle Attard","Membre titulaire","2014-02-12"
"Commission de la modernisation de la diffusion audiovisuelle","Article 21 de la loi n° 86-1067 du 30 septembre 1986",,"0","M. Éric Bothorel","Membre titulaire","2024-09-24"
"Commission de la modernisation de la diffusion audiovisuelle","Article 21 de la loi n° 86-1067 du 30 septembre 1986",,"0","Mme Corinne Erhel","Membre titulaire","2014-02-12"
"Commission de la modernisation de la diffusion audiovisuelle","Article 21 de la loi n° 86-1067 du 30 septembre 1986",,"0","M. Anthony Cellier","Membre titulaire","2017-11-09"
"Commission de la modernisation de la diffusion audiovisuelle","Article 21 de la loi n° 86-1067 du 30 septembre 1986",,"0","Mme Brigitte Kuster","Membre titulaire","2017-11-09"
"Commission de la modernisation de la diffusion audiovisuelle","Article 21 de la loi n° 86-1067 du 30 septembre 1986",,"0","M. Emmanuel Pellerin","Membre titulaire","2022-09-28"
"Commission de la modernisation de la diffusion audiovisuelle","Article 21 de la loi n° 86-1067 du 30 septembre 1986",,"0","Mme Soumya Bourouaha","Membre titulaire","2024-10-02"
"Commission de la modernisation de la diffusion audiovisuelle","Article 21 de la loi n° 86-1067 du 30 septembre 1986",,"0","M. Patrick Bloche","Membre titulaire","2014-02-12"
"Commission de la modernisation de la diffusion audiovisuelle","Article 21 de la loi n° 86-1067 du 30 septembre 1986",,"0","Mme Sandrine Nosbé","Membre titulaire","2024-09-24"
"Commission de la modernisation de la diffusion audiovisuelle","Article 21 de la loi n° 86-1067 du 30 septembre 1986",,"0","Mme Laure de La Raudière","Membre titulaire","2014-02-12"
"Conseil scientifique sur les processus de radicalisation","Article L. 123-2 du code de la sécurité intérieure",,,"Mme Sandra Regol","Membre titulaire","2024-11-06"
"Conseil scientifique sur les processus de radicalisation","Article L. 123-2 du code de la sécurité intérieure",,,"M. Éric Poulliat","Membre titulaire","2022-10-21"
"Conseil scientifique sur les processus de radicalisation","Article L. 123-2 du code de la sécurité intérieure",,,"Mme Sandrine Mörch","Membre titulaire","2017-10-09"
"Comité de suivi chargé de veiller au suivi de la mise en œuvre et à l'évaluation des mesures de soutien financier aux entreprises confrontées à l'épidémie de covid-19 et aux perturbations économiques engendrées par les conséquences de l'agression de la Russie contre l'Ukraine","Article IX de l’article 6 de la loi n° 2020-289 du 23 mars 2020 de finances rectificative pour 2020",,,"M. David Amiel","Membre titulaire","2022-10-21"
"Comité de suivi chargé de veiller au suivi de la mise en œuvre et à l'évaluation des mesures de soutien financier aux entreprises confrontées à l'épidémie de covid-19 et aux perturbations économiques engendrées par les conséquences de l'agression de la Russie contre l'Ukraine","Article IX de l’article 6 de la loi n° 2020-289 du 23 mars 2020 de finances rectificative pour 2020",,,"Mme Isabelle Valentin","Membre titulaire","2022-10-21"
"Comité de suivi chargé de veiller au suivi de la mise en œuvre et à l'évaluation des mesures de soutien financier aux entreprises confrontées à l'épidémie de covid-19 et aux perturbations économiques engendrées par les conséquences de l'agression de la Russie contre l'Ukraine","Article IX de l’article 6 de la loi n° 2020-289 du 23 mars 2020 de finances rectificative pour 2020",,,"M. Emmanuel Maurel","Membre titulaire","2024-11-27"
"Comité de suivi chargé de veiller au suivi de la mise en œuvre et à l'évaluation des mesures de soutien financier aux entreprises confrontées à l'épidémie de covid-19 et aux perturbations économiques engendrées par les conséquences de l'agression de la Russie contre l'Ukraine","Article IX de l’article 6 de la loi n° 2020-289 du 23 mars 2020 de finances rectificative pour 2020",,,"Mme Anne-Cécile Violland","Membre titulaire","2024-11-27"
"Comité de suivi chargé de veiller au suivi de la mise en œuvre et à l'évaluation des mesures de soutien financier aux entreprises confrontées à l'épidémie de covid-19 et aux perturbations économiques engendrées par les conséquences de l'agression de la Russie contre l'Ukraine","Article IX de l’article 6 de la loi n° 2020-289 du 23 mars 2020 de finances rectificative pour 2020",,,"M. Arnaud Le Gall","Membre titulaire","2022-10-21"
"Comité de suivi chargé de veiller au suivi de la mise en œuvre et à l'évaluation des mesures de soutien financier aux entreprises confrontées à l'épidémie de covid-19 et aux perturbations économiques engendrées par les conséquences de l'agression de la Russie contre l'Ukraine","Article IX de l’article 6 de la loi n° 2020-289 du 23 mars 2020 de finances rectificative pour 2020",,,"M. David Amiel","Membre titulaire","2024-11-27"
"Haut Conseil à l'égalité entre les femmes et les hommes","Article 9-1 de la loi n° 2008-496 du 27 mai 2008","http://www.haut-conseil-egalite.gouv.fr/","54","M. Guénhaël Huet","Membre titulaire","2013-01-07"
"Haut Conseil à l'égalité entre les femmes et les hommes","Article 9-1 de la loi n° 2008-496 du 27 mai 2008","http://www.haut-conseil-egalite.gouv.fr/","54","M. Mickaël Nogal","Membre suppléant","2017-10-24"
"Haut Conseil à l'égalité entre les femmes et les hommes","Article 9-1 de la loi n° 2008-496 du 27 mai 2008","http://www.haut-conseil-egalite.gouv.fr/","54","Mme Bérangère Couillard","Membre titulaire","2021-09-15"
"Haut Conseil à l'égalité entre les femmes et les hommes","Article 9-1 de la loi n° 2008-496 du 27 mai 2008","http://www.haut-conseil-egalite.gouv.fr/","54","Mme Sarah Legrain","Membre titulaire","2024-11-06"
"Haut Conseil à l'égalité entre les femmes et les hommes","Article 9-1 de la loi n° 2008-496 du 27 mai 2008","http://www.haut-conseil-egalite.gouv.fr/","54","M. Hendrik Davi","Membre titulaire","2022-10-21"
"Haut Conseil à l'égalité entre les femmes et les hommes","Article 9-1 de la loi n° 2008-496 du 27 mai 2008","http://www.haut-conseil-egalite.gouv.fr/","54","Mme Huguette Bello","Membre suppléante","2013-02-08"
"Haut Conseil à l'égalité entre les femmes et les hommes","Article 9-1 de la loi n° 2008-496 du 27 mai 2008","http://www.haut-conseil-egalite.gouv.fr/","54","M. Maxime Minot","Membre titulaire","2017-10-24"
"Haut Conseil à l'égalité entre les femmes et les hommes","Article 9-1 de la loi n° 2008-496 du 27 mai 2008","http://www.haut-conseil-egalite.gouv.fr/","54","Mme Bénédicte Taurine","Membre suppléante","2017-10-24"
"Haut Conseil à l'égalité entre les femmes et les hommes","Article 9-1 de la loi n° 2008-496 du 27 mai 2008","http://www.haut-conseil-egalite.gouv.fr/","54","M. Gwendal Rouillard","Membre titulaire","2013-01-07"
"Haut Conseil à l'égalité entre les femmes et les hommes","Article 9-1 de la loi n° 2008-496 du 27 mai 2008","http://www.haut-conseil-egalite.gouv.fr/","54","M. Guillaume Gouffier Valente","Membre titulaire","2024-11-06"
"Haut Conseil à l'égalité entre les femmes et les hommes","Article 9-1 de la loi n° 2008-496 du 27 mai 2008","http://www.haut-conseil-egalite.gouv.fr/","54","M. Guy Geoffroy","Membre titulaire","2013-02-26"
"Haut Conseil à l'égalité entre les femmes et les hommes","Article 9-1 de la loi n° 2008-496 du 27 mai 2008","http://www.haut-conseil-egalite.gouv.fr/","54","Mme Marie-Pierre Rixain","Membre titulaire","2022-10-21"
"Haut Conseil à l'égalité entre les femmes et les hommes","Article 9-1 de la loi n° 2008-496 du 27 mai 2008","http://www.haut-conseil-egalite.gouv.fr/","54","Mme Sonia Lagarde","Membre suppléante","2013-02-08"
"Commission nationale consultative des gens du voyage","Article 10-1 de la loi n° 2000-614 du 5 juillet 2000","https://www.gouvernement.fr/commission-nationale-consultative-des-gens-du-voyage-4906","32","Mme Aude Luquet","Membre titulaire","2022-10-21"
"Commission nationale consultative des gens du voyage","Article 10-1 de la loi n° 2000-614 du 5 juillet 2000","https://www.gouvernement.fr/commission-nationale-consultative-des-gens-du-voyage-4906","32","M. Ludovic Mendes","Membre titulaire","2024-11-06"
"Commission nationale consultative des gens du voyage","Article 10-1 de la loi n° 2000-614 du 5 juillet 2000","https://www.gouvernement.fr/commission-nationale-consultative-des-gens-du-voyage-4906","32","M. Didier Paris","Membre titulaire","2017-09-22"
"Conseil de surveillance du Fonds de réserve pour les retraites","Article L. 135-8 du code de la sécurité sociale","http://www.fondsdereserve.fr/fr/organisation/conseil-de-surveillance",,"Mme Eva Sas","Membre titulaire","2024-11-27"
"Conseil de surveillance du Fonds de réserve pour les retraites","Article L. 135-8 du code de la sécurité sociale","http://www.fondsdereserve.fr/fr/organisation/conseil-de-surveillance",,"M. Denis Jacquat","Membre suppléant","2002-02-20"
"Conseil de surveillance du Fonds de réserve pour les retraites","Article L. 135-8 du code de la sécurité sociale","http://www.fondsdereserve.fr/fr/organisation/conseil-de-surveillance",,"Mme Bénédicte Auzanot","Membre titulaire","2022-10-21"
"Conseil de surveillance du Fonds de réserve pour les retraites","Article L. 135-8 du code de la sécurité sociale","http://www.fondsdereserve.fr/fr/organisation/conseil-de-surveillance",,"M. Marc Laffineur","Membre titulaire","2007-08-01"
"Conseil de surveillance du Fonds de réserve pour les retraites","Article L. 135-8 du code de la sécurité sociale","http://www.fondsdereserve.fr/fr/organisation/conseil-de-surveillance",,"M. Jérôme Cahuzac","Membre suppléant","2002-02-20"
"Conseil de surveillance du Fonds de réserve pour les retraites","Article L. 135-8 du code de la sécurité sociale","http://www.fondsdereserve.fr/fr/organisation/conseil-de-surveillance",,"M. Michel Issindou","Membre titulaire","2012-11-27"
"Conseil de surveillance du Fonds de réserve pour les retraites","Article L. 135-8 du code de la sécurité sociale","http://www.fondsdereserve.fr/fr/organisation/conseil-de-surveillance",,"M. Yves Bur","Membre titulaire","2007-08-01"
"Conseil de surveillance du Fonds de réserve pour les retraites","Article L. 135-8 du code de la sécurité sociale","http://www.fondsdereserve.fr/fr/organisation/conseil-de-surveillance",,"Mme Bérengère Poletti","Membre suppléante","2007-08-01"
"Conseil de surveillance du Fonds de réserve pour les retraites","Article L. 135-8 du code de la sécurité sociale","http://www.fondsdereserve.fr/fr/organisation/conseil-de-surveillance",,"M. Yves Bur","Membre titulaire","2002-08-01"
"Conseil de surveillance du Fonds de réserve pour les retraites","Article L. 135-8 du code de la sécurité sociale","http://www.fondsdereserve.fr/fr/organisation/conseil-de-surveillance",,"M. Charles de Courson","Membre suppléant","2012-11-27"
"Conseil de surveillance du Fonds de réserve pour les retraites","Article L. 135-8 du code de la sécurité sociale","http://www.fondsdereserve.fr/fr/organisation/conseil-de-surveillance",,"M. Pierre Hellier","Membre suppléant","2002-08-01"
"Conseil de surveillance du Fonds de réserve pour les retraites","Article L. 135-8 du code de la sécurité sociale","http://www.fondsdereserve.fr/fr/organisation/conseil-de-surveillance",,"Mme Gisèle Biémouret","Membre suppléante","2012-11-27"
"Conseil de surveillance du Fonds de réserve pour les retraites","Article L. 135-8 du code de la sécurité sociale","http://www.fondsdereserve.fr/fr/organisation/conseil-de-surveillance",,"M. Éric Woerth","Membre titulaire","2017-11-13"
"Conseil de surveillance du Fonds de réserve pour les retraites","Article L. 135-8 du code de la sécurité sociale","http://www.fondsdereserve.fr/fr/organisation/conseil-de-surveillance",,"M. Charles de Courson","Membre suppléant","2017-11-13"
"Conseil de surveillance du Fonds de réserve pour les retraites","Article L. 135-8 du code de la sécurité sociale","http://www.fondsdereserve.fr/fr/organisation/conseil-de-surveillance",,"M. Arnaud Simion","Membre titulaire","2024-11-27"
"Conseil de surveillance du Fonds de réserve pour les retraites","Article L. 135-8 du code de la sécurité sociale","http://www.fondsdereserve.fr/fr/organisation/conseil-de-surveillance",,"M. Alfred Recours","Membre titulaire","2002-02-20"
"Conseil de surveillance du Fonds de réserve pour les retraites","Article L. 135-8 du code de la sécurité sociale","http://www.fondsdereserve.fr/fr/organisation/conseil-de-surveillance",,"M. Belkhir Belhaddad","Membre titulaire","2022-10-21"
"Conseil de surveillance du Fonds de réserve pour les retraites","Article L. 135-8 du code de la sécurité sociale","http://www.fondsdereserve.fr/fr/organisation/conseil-de-surveillance",,"M. Maxime Gremetz","Membre titulaire","2002-02-20"
"Conseil de surveillance du Fonds de réserve pour les retraites","Article L. 135-8 du code de la sécurité sociale","http://www.fondsdereserve.fr/fr/organisation/conseil-de-surveillance",,"Mme Valérie Boyer","Membre suppléante","2007-08-01"
"Conseil de surveillance du Fonds de réserve pour les retraites","Article L. 135-8 du code de la sécurité sociale","http://www.fondsdereserve.fr/fr/organisation/conseil-de-surveillance",,"Mme Bérengère Poletti","Membre titulaire","2012-11-27"
"Conseil de surveillance du Fonds de réserve pour les retraites","Article L. 135-8 du code de la sécurité sociale","http://www.fondsdereserve.fr/fr/organisation/conseil-de-surveillance",,"M. Jean-Yves Chamard","Membre suppléant","2002-08-01"
"Conseil de surveillance du Fonds de réserve pour les retraites","Article L. 135-8 du code de la sécurité sociale","http://www.fondsdereserve.fr/fr/organisation/conseil-de-surveillance",,"M. Marc Laffineur","Membre titulaire","2002-08-01"
"Conseil de surveillance du Fonds de réserve pour les retraites","Article L. 135-8 du code de la sécurité sociale","http://www.fondsdereserve.fr/fr/organisation/conseil-de-surveillance",,"M. Belkhir Belhaddad","Membre titulaire","2017-11-13"
"Conseil de surveillance du Fonds de réserve pour les retraites","Article L. 135-8 du code de la sécurité sociale","http://www.fondsdereserve.fr/fr/organisation/conseil-de-surveillance",,"M. Laurent Pietraszewski","Membre suppléant","2017-11-13"
"Conseil d'administration du fonds d'expérimentation territoriale contre le chômage de longue durée","Article 3 de la loi n° 2016-231 du 29 février 2016","http://etcld.fr/#fonds",,"Mme Christelle Dubos","Membre titulaire","2017-10-24"
"Conseil d'administration du fonds d'expérimentation territoriale contre le chômage de longue durée","Article 3 de la loi n° 2016-231 du 29 février 2016","http://etcld.fr/#fonds",,"Mme Fadila Khattabi","Membre titulaire","2019-07-12"
"Conseil national de la transition écologique","Article L. 133-2 du code de l'environnement","https://www.ecologique-solidaire.gouv.fr/cnte","9","M. Philippe Plisson","Membre titulaire","2013-09-05"
"Conseil national de la transition écologique","Article L. 133-2 du code de l'environnement","https://www.ecologique-solidaire.gouv.fr/cnte","9","M. Patrice Carvalho","Membre suppléant","2013-09-12"
"Conseil national de la transition écologique","Article L. 133-2 du code de l'environnement","https://www.ecologique-solidaire.gouv.fr/cnte","9","Mme Bérangère Abba","Membre titulaire","2017-08-04"
"Conseil national de la transition écologique","Article L. 133-2 du code de l'environnement","https://www.ecologique-solidaire.gouv.fr/cnte","9","M. Julien Aubert","Membre titulaire","2013-09-05"
"Conseil national de la transition écologique","Article L. 133-2 du code de l'environnement","https://www.ecologique-solidaire.gouv.fr/cnte","9","M. Bertrand Pancher","Membre suppléant","2013-09-12"
"Conseil national de la transition écologique","Article L. 133-2 du code de l'environnement","https://www.ecologique-solidaire.gouv.fr/cnte","9","M. Jean-Luc Fugit","Membre titulaire","2020-10-21"
"Conseil national de la transition écologique","Article L. 133-2 du code de l'environnement","https://www.ecologique-solidaire.gouv.fr/cnte","9","M. Pierre Cazeneuve","Membre titulaire","2022-08-06"
"Conseil national de la transition écologique","Article L. 133-2 du code de l'environnement","https://www.ecologique-solidaire.gouv.fr/cnte","9","Mme Valérie Beauvais","Membre suppléante","2017-08-04"
"Conseil national de la transition écologique","Article L. 133-2 du code de l'environnement","https://www.ecologique-solidaire.gouv.fr/cnte","9","M. Pierre-Yves Cadalen","Membre titulaire","2024-11-06"
"Conseil national de la transition écologique","Article L. 133-2 du code de l'environnement","https://www.ecologique-solidaire.gouv.fr/cnte","9","M. Denis Baupin","Membre titulaire","2013-09-05"
"Conseil national de la transition écologique","Article L. 133-2 du code de l'environnement","https://www.ecologique-solidaire.gouv.fr/cnte","9","M. Jacques Krabal","Membre suppléant","2013-09-12"
"Conseil national de la transition écologique","Article L. 133-2 du code de l'environnement","https://www.ecologique-solidaire.gouv.fr/cnte","9","Mme Florence Lasserre","Membre titulaire","2017-08-04"
"Conseil national de la transition écologique","Article L. 133-2 du code de l'environnement","https://www.ecologique-solidaire.gouv.fr/cnte","9","M. Loïc Prud'homme","Membre suppléant","2017-08-04"
"Conseil national de la transition écologique","Article L. 133-2 du code de l'environnement","https://www.ecologique-solidaire.gouv.fr/cnte","9","Mme Julie Laernoes","Membre titulaire","2022-08-06"
"Conseil national de la transition écologique","Article L. 133-2 du code de l'environnement","https://www.ecologique-solidaire.gouv.fr/cnte","9","M. Hubert Wulfranc","Membre suppléant","2017-08-04"
"Conseil national de la transition écologique","Article L. 133-2 du code de l'environnement","https://www.ecologique-solidaire.gouv.fr/cnte","9","Mme Nathalie Bassire","Membre titulaire","2022-08-06"
"Conseil national de la transition écologique","Article L. 133-2 du code de l'environnement","https://www.ecologique-solidaire.gouv.fr/cnte","9","Mme Marjolaine Meynier-Millefert","Membre titulaire","2020-10-21"
"Conseil national de la transition écologique","Article L. 133-2 du code de l'environnement","https://www.ecologique-solidaire.gouv.fr/cnte","9","Mme Julie Laernoes","Membre titulaire","2024-11-06"
"Conseil national de la transition écologique","Article L. 133-2 du code de l'environnement","https://www.ecologique-solidaire.gouv.fr/cnte","9","M. Timothée Houssin","Membre titulaire","2024-11-06"
"Conseil national consultatif des personnes handicapées","Article L. 146-1 du code de l’action sociale et des familles","https://www.gouvernement.fr/conseil-national-consultatif-des-personnes-handicapees-cncph","53","Mme Valérie Rosso-Debord","Membre titulaire","2011-05-28"
"Conseil national consultatif des personnes handicapées","Article L. 146-1 du code de l’action sociale et des familles","https://www.gouvernement.fr/conseil-national-consultatif-des-personnes-handicapees-cncph","53","Mme Muriel Marland-Militello","Membre titulaire","2007-08-11"
"Conseil national consultatif des personnes handicapées","Article L. 146-1 du code de l’action sociale et des familles","https://www.gouvernement.fr/conseil-national-consultatif-des-personnes-handicapees-cncph","53","Mme Muriel Marland-Militello","Membre titulaire","2002-12-02"
"Conseil national consultatif des personnes handicapées","Article L. 146-1 du code de l’action sociale et des familles","https://www.gouvernement.fr/conseil-national-consultatif-des-personnes-handicapees-cncph","53","Mme Kheira Bouziane-Laroussi","Membre titulaire","2012-09-18"
"Conseil national consultatif des personnes handicapées","Article L. 146-1 du code de l’action sociale et des familles","https://www.gouvernement.fr/conseil-national-consultatif-des-personnes-handicapees-cncph","53","M. Jean-François Chossy","Membre titulaire","2008-04-30"
"Conseil national consultatif des personnes handicapées","Article L. 146-1 du code de l’action sociale et des familles","https://www.gouvernement.fr/conseil-national-consultatif-des-personnes-handicapees-cncph","53","M. Adrien Taquet","Membre titulaire","2017-10-19"
"Conseil national consultatif des personnes handicapées","Article L. 146-1 du code de l’action sociale et des familles","https://www.gouvernement.fr/conseil-national-consultatif-des-personnes-handicapees-cncph","53","Mme Laurence Cristol","Membre titulaire","2022-10-21"
"Conseil national consultatif des personnes handicapées","Article L. 146-1 du code de l’action sociale et des familles","https://www.gouvernement.fr/conseil-national-consultatif-des-personnes-handicapees-cncph","53","Mme Caroline Janvier","Membre titulaire","2018-04-13"
"Conseil d'administration de la Société en charge de l'audiovisuel extérieur de la France","Article 47-3  de la loi n° 86-1067 du 30 septembre 1986",,,"Mme Martine Martinel","Membre titulaire","2012-07-25"
"Conseil d'administration de la Société en charge de l'audiovisuel extérieur de la France","Article 47-3  de la loi n° 86-1067 du 30 septembre 1986",,,"M. Michel Herbillon","Membre titulaire","2009-06-10"
"Conseil d'administration de la Société en charge de l'audiovisuel extérieur de la France","Article 47-3  de la loi n° 86-1067 du 30 septembre 1986",,,"M. Pierre-Alain Raphan","Membre titulaire","2017-11-10"
"Conseil de l'immobilier de l'Etat ","Article L. 4211-1 du code général de la propriété des personnes publiques","https://www.economie.gouv.fr/cie","19","M. Yves Deniaud","Membre titulaire","2007-09-25"
"Conseil de l'immobilier de l'Etat ","Article L. 4211-1 du code général de la propriété des personnes publiques","https://www.economie.gouv.fr/cie","19","M. François Jolivet","Membre titulaire","2017-11-10"
"Conseil de l'immobilier de l'Etat ","Article L. 4211-1 du code général de la propriété des personnes publiques","https://www.economie.gouv.fr/cie","19","Mme Jacqueline Maquet","Membre titulaire","2012-11-14"
"Conseil de l'immobilier de l'Etat ","Article L. 4211-1 du code général de la propriété des personnes publiques","https://www.economie.gouv.fr/cie","19","Mme Pascale Fontenel-Personne","Membre titulaire","2020-11-06"
"Conseil de l'immobilier de l'Etat ","Article L. 4211-1 du code général de la propriété des personnes publiques","https://www.economie.gouv.fr/cie","19","Mme Anaïs Sabatini","Membre titulaire","2022-10-21"
"Conseil de l'immobilier de l'Etat ","Article L. 4211-1 du code général de la propriété des personnes publiques","https://www.economie.gouv.fr/cie","19","M. Jean-Louis Dumont","Membre titulaire","2008-02-20"
"Conseil de l'immobilier de l'Etat ","Article L. 4211-1 du code général de la propriété des personnes publiques","https://www.economie.gouv.fr/cie","19","M. Richard Mallié","Membre titulaire","2011-11-21"
"Conseil de l'immobilier de l'Etat ","Article L. 4211-1 du code général de la propriété des personnes publiques","https://www.economie.gouv.fr/cie","19","M. Richard Mallié","Membre titulaire","2010-10-05"
"Conseil de l'immobilier de l'Etat ","Article L. 4211-1 du code général de la propriété des personnes publiques","https://www.economie.gouv.fr/cie","19","Mme Sarah El Haïry","Membre titulaire","2017-11-10"
"Conseil de l'immobilier de l'Etat ","Article L. 4211-1 du code général de la propriété des personnes publiques","https://www.economie.gouv.fr/cie","19","M. François Jolivet","Membre titulaire","2022-10-21"
"Conseil de l'immobilier de l'Etat ","Article L. 4211-1 du code général de la propriété des personnes publiques","https://www.economie.gouv.fr/cie","19","M. Jean-Louis Dumont","Membre titulaire","2011-11-21"
"Conseil de l'immobilier de l'Etat ","Article L. 4211-1 du code général de la propriété des personnes publiques","https://www.economie.gouv.fr/cie","19","M. Jean-Louis Idiart","Membre titulaire","2007-08-11"
"Conseil de l'immobilier de l'Etat ","Article L. 4211-1 du code général de la propriété des personnes publiques","https://www.economie.gouv.fr/cie","19","M. Christophe Caresche","Membre titulaire","2012-09-03"
"Conseil d'orientation pour la prévention des risques naturels majeurs","Article  L. 565-3 du code de l'environnement","https://afpcn.org/animation-et-reseau-dacteurs/participation-aux-commissions/coprnm-2/","7","Mme Claude Darciaux","Membre titulaire","2002-08-01"
"Conseil d'orientation pour la prévention des risques naturels majeurs","Article  L. 565-3 du code de l'environnement","https://afpcn.org/animation-et-reseau-dacteurs/participation-aux-commissions/coprnm-2/","7","M. Michel Larive","Membre titulaire","2017-11-02"
"Conseil d'orientation pour la prévention des risques naturels majeurs","Article  L. 565-3 du code de l'environnement","https://afpcn.org/animation-et-reseau-dacteurs/participation-aux-commissions/coprnm-2/","7","M. Alain Venot","Membre titulaire","2002-08-01"
"Conseil d'orientation pour la prévention des risques naturels majeurs","Article  L. 565-3 du code de l'environnement","https://afpcn.org/animation-et-reseau-dacteurs/participation-aux-commissions/coprnm-2/","7","M. Philippe Bolo","Membre titulaire","2017-11-02"
"Conseil d'orientation pour la prévention des risques naturels majeurs","Article  L. 565-3 du code de l'environnement","https://afpcn.org/animation-et-reseau-dacteurs/participation-aux-commissions/coprnm-2/","7","M. Jacques Pélissard","Membre titulaire","2007-08-01"
"Conseil d'orientation pour la prévention des risques naturels majeurs","Article  L. 565-3 du code de l'environnement","https://afpcn.org/animation-et-reseau-dacteurs/participation-aux-commissions/coprnm-2/","7","Mme Claude Darciaux","Membre titulaire","2007-08-01"
"Conseil d'orientation pour la prévention des risques naturels majeurs","Article  L. 565-3 du code de l'environnement","https://afpcn.org/animation-et-reseau-dacteurs/participation-aux-commissions/coprnm-2/","7","Mme Anne-Laure Babault","Membre titulaire","2022-10-21"
"Conseil d'orientation pour la prévention des risques naturels majeurs","Article  L. 565-3 du code de l'environnement","https://afpcn.org/animation-et-reseau-dacteurs/participation-aux-commissions/coprnm-2/","7","Mme Julie Lechanteux","Membre titulaire","2022-10-21"
"Conseil d'orientation pour la prévention des risques naturels majeurs","Article  L. 565-3 du code de l'environnement","https://afpcn.org/animation-et-reseau-dacteurs/participation-aux-commissions/coprnm-2/","7","M. Julien Guibert","Membre titulaire","2024-11-06"
"Conseil d'orientation pour la prévention des risques naturels majeurs","Article  L. 565-3 du code de l'environnement","https://afpcn.org/animation-et-reseau-dacteurs/participation-aux-commissions/coprnm-2/","7","M. René Pilato","Membre titulaire","2024-11-06"
"Conseil d'orientation pour la prévention des risques naturels majeurs","Article  L. 565-3 du code de l'environnement","https://afpcn.org/animation-et-reseau-dacteurs/participation-aux-commissions/coprnm-2/","7","M. Éric Doligé","Membre titulaire","2001-04-04"
"Conseil d'orientation pour la prévention des risques naturels majeurs","Article  L. 565-3 du code de l'environnement","https://afpcn.org/animation-et-reseau-dacteurs/participation-aux-commissions/coprnm-2/","7","Mme Florence Delaunay","Membre titulaire","2012-09-28"
"Conseil d'orientation pour la prévention des risques naturels majeurs","Article  L. 565-3 du code de l'environnement","https://afpcn.org/animation-et-reseau-dacteurs/participation-aux-commissions/coprnm-2/","7","Mme Marie-Line Reynaud","Membre titulaire","2012-09-28"
"Conseil d'orientation pour la prévention des risques naturels majeurs","Article  L. 565-3 du code de l'environnement","https://afpcn.org/animation-et-reseau-dacteurs/participation-aux-commissions/coprnm-2/","7","M. Jacques Pélissard","Membre titulaire","2003-12-02"
"Conseil d'orientation pour la prévention des risques naturels majeurs","Article  L. 565-3 du code de l'environnement","https://afpcn.org/animation-et-reseau-dacteurs/participation-aux-commissions/coprnm-2/","7","M. Jacques Pélissard","Membre titulaire","2001-10-18"
"Conseil d'orientation pour la prévention des risques naturels majeurs","Article  L. 565-3 du code de l'environnement","https://afpcn.org/animation-et-reseau-dacteurs/participation-aux-commissions/coprnm-2/","7","M. Alain Merly","Membre titulaire","2002-08-01"
"Conseil d'orientation pour la prévention des risques naturels majeurs","Article  L. 565-3 du code de l'environnement","https://afpcn.org/animation-et-reseau-dacteurs/participation-aux-commissions/coprnm-2/","7","Mme Frédérique Tuffnell","Membre titulaire","2017-11-02"
"Conseil d'orientation pour la prévention des risques naturels majeurs","Article  L. 565-3 du code de l'environnement","https://afpcn.org/animation-et-reseau-dacteurs/participation-aux-commissions/coprnm-2/","7","M. Alain Gest","Membre titulaire","2007-08-01"
"Conseil d'orientation pour la prévention des risques naturels majeurs","Article  L. 565-3 du code de l'environnement","https://afpcn.org/animation-et-reseau-dacteurs/participation-aux-commissions/coprnm-2/","7","Mme Florence Delaunay","Membre titulaire","2012-10-03"
"Conseil d'orientation pour la prévention des risques naturels majeurs","Article  L. 565-3 du code de l'environnement","https://afpcn.org/animation-et-reseau-dacteurs/participation-aux-commissions/coprnm-2/","7","M. Frédéric Mathieu","Membre titulaire","2022-10-21"
"Conseil d'orientation pour la prévention des risques naturels majeurs","Article  L. 565-3 du code de l'environnement","https://afpcn.org/animation-et-reseau-dacteurs/participation-aux-commissions/coprnm-2/","7","M. Jean-Claude Bois","Membre titulaire","2001-04-04"
"Conseil d'orientation pour la prévention des risques naturels majeurs","Article  L. 565-3 du code de l'environnement","https://afpcn.org/animation-et-reseau-dacteurs/participation-aux-commissions/coprnm-2/","7","Mme Constance de Pélichy","Membre titulaire","2024-11-06"
"Conseil d'orientation pour la prévention des risques naturels majeurs","Article  L. 565-3 du code de l'environnement","https://afpcn.org/animation-et-reseau-dacteurs/participation-aux-commissions/coprnm-2/","7","M. Philippe Duron","Membre titulaire","2001-04-04"
"Conseil d'orientation pour la prévention des risques naturels majeurs","Article  L. 565-3 du code de l'environnement","https://afpcn.org/animation-et-reseau-dacteurs/participation-aux-commissions/coprnm-2/","7","M. Alain Gest","Membre titulaire","2012-09-28"
"Conseil d'orientation pour la prévention des risques naturels majeurs","Article  L. 565-3 du code de l'environnement","https://afpcn.org/animation-et-reseau-dacteurs/participation-aux-commissions/coprnm-2/","7","Mme Claude Darciaux","Membre titulaire","2003-12-02"
"Conseil d'orientation pour la prévention des risques naturels majeurs","Article  L. 565-3 du code de l'environnement","https://afpcn.org/animation-et-reseau-dacteurs/participation-aux-commissions/coprnm-2/","7","M. Alain Venot","Membre titulaire","2003-12-02"
"Comité national de l'initiative française pour les récifs coralliens","Article L. 213-20-1 du code de l'environnement ",,,"M. David Vergé","Membre titulaire","2012-10-11"
"Comité national de l'initiative française pour les récifs coralliens","Article L. 213-20-1 du code de l'environnement ",,,"M. Mansour Kamardine","Membre titulaire","2002-08-01"
"Comité national de l'initiative française pour les récifs coralliens","Article L. 213-20-1 du code de l'environnement ",,,"M. Pierre Frogier","Membre titulaire","2002-08-01"
"Comité national de l'initiative française pour les récifs coralliens","Article L. 213-20-1 du code de l'environnement ",,,"M. Élie Hoarau","Membre titulaire","2000-10-26"
"Comité national de l'initiative française pour les récifs coralliens","Article L. 213-20-1 du code de l'environnement ",,,"M. Philippe Dunoyer","Membre titulaire","2022-10-21"
"Comité national de l'initiative française pour les récifs coralliens","Article L. 213-20-1 du code de l'environnement ",,,"M. Philippe Chaulet","Membre titulaire","2000-10-26"
"Comité national de l'initiative française pour les récifs coralliens","Article L. 213-20-1 du code de l'environnement ",,,"M. Christian Baptiste","Membre titulaire","2022-10-21"
"Comité national de l'initiative française pour les récifs coralliens","Article L. 213-20-1 du code de l'environnement ",,,"Mme Sandrine Rousseau","Membre titulaire","2024-11-06"
"Comité national de l'initiative française pour les récifs coralliens","Article L. 213-20-1 du code de l'environnement ",,,"M. Alexandre Allegret-Pilot","Membre titulaire","2024-11-06"
"Comité national de l'initiative française pour les récifs coralliens","Article L. 213-20-1 du code de l'environnement ",,,"Mme Arlette Grosskost","Membre titulaire","2007-08-11"
"Comité national de l'initiative française pour les récifs coralliens","Article L. 213-20-1 du code de l'environnement ",,,"M. Pierre Frogier","Membre titulaire","2007-08-10"
"Comité national de l'initiative française pour les récifs coralliens","Article L. 213-20-1 du code de l'environnement ",,,"Mme Anne Genetet","Membre titulaire","2019-01-14"
"Comité national de l'initiative française pour les récifs coralliens","Article L. 213-20-1 du code de l'environnement ",,,"M. Philippe Gomès","Membre titulaire","2019-03-08"
"Comité national de l'initiative française pour les récifs coralliens","Article L. 213-20-1 du code de l'environnement ",,,"M. Daniel Gibbes","Membre titulaire","2012-10-11"
"Comité national de l'initiative française pour les récifs coralliens","Article L. 213-20-1 du code de l'environnement ",,,"M. Jérôme Bignon","Membre titulaire","2007-11-06"
"Comité national de l'initiative française pour les récifs coralliens","Article L. 213-20-1 du code de l'environnement ",,,"M. Thierry Mariani","Membre titulaire","2012-10-11"
"Comité national de l'initiative française pour les récifs coralliens","Article L. 213-20-1 du code de l'environnement ",,,"Mme Geneviève Gaillard","Membre titulaire","2002-08-01"
"Comité national de l'initiative française pour les récifs coralliens","Article L. 213-20-1 du code de l'environnement ",,,"Mme Arlette Grosskost","Membre titulaire","2002-08-01"
"Comité national de l'initiative française pour les récifs coralliens","Article L. 213-20-1 du code de l'environnement ",,,"M. Christian Bataille","Membre titulaire","2000-10-26"
"Comité national de l'initiative française pour les récifs coralliens","Article L. 213-20-1 du code de l'environnement ",,,"Mme Manon Meunier","Membre titulaire","2022-10-21"
"Comité national de l'initiative française pour les récifs coralliens","Article L. 213-20-1 du code de l'environnement ",,,"M. Jean-Yves Caullet","Membre titulaire","2000-10-26"
"Comité national de l'initiative française pour les récifs coralliens","Article L. 213-20-1 du code de l'environnement ",,,"Mme Estelle Youssouffa","Membre titulaire","2022-10-21"
"Comité national de l'initiative française pour les récifs coralliens","Article L. 213-20-1 du code de l'environnement ",,,"M. Hervé Berville","Membre titulaire","2024-11-06"
"Comité national de l'initiative française pour les récifs coralliens","Article L. 213-20-1 du code de l'environnement ",,,"Mme Béatrice Bellay","Membre titulaire","2024-11-06"
"Comité national de l'initiative française pour les récifs coralliens","Article L. 213-20-1 du code de l'environnement ",,,"Mme Geneviève Gaillard","Membre titulaire","2007-08-10"
"Comité national de l'initiative française pour les récifs coralliens","Article L. 213-20-1 du code de l'environnement ",,,"M. Jean-Christophe Lagarde","Membre titulaire","2007-08-10"
"Comité national de l'initiative française pour les récifs coralliens","Article L. 213-20-1 du code de l'environnement ",,,"M. Hubert Julien-Laferrière","Membre titulaire","2019-01-14"
"Comité national de l'initiative française pour les récifs coralliens","Article L. 213-20-1 du code de l'environnement ",,,"Mme Nathalie Bassire","Membre titulaire","2019-03-08"
"Comité national de l'initiative française pour les récifs coralliens","Article L. 213-20-1 du code de l'environnement ",,,"Mme Huguette Bello","Membre titulaire","2001-10-03"
"Comité national de l'initiative française pour les récifs coralliens","Article L. 213-20-1 du code de l'environnement ",,,"M. Philippe Gomès","Membre titulaire","2012-10-11"
"Comité national de l'initiative française pour les récifs coralliens","Article L. 213-20-1 du code de l'environnement ",,,"M. Philippe Boënnec","Membre titulaire","2011-12-13"
"Commission permanente pour la protection sociale des Français de l'étranger","Article 3 du décret n° 92-437 du 19 mai 1992",,"1","Mme Samantha Cazebonne","Membre titulaire","2018-06-11"
"Comité de massif des Alpes","Article 7 de la loi n° 85-30 du 9 janvier 1985","http://www.cget.gouv.fr/montagne/commissariats-de-massifs",,"Mme Émilie Bonnivard","Membre titulaire","2022-10-21"
"Comité de massif des Alpes","Article 7 de la loi n° 85-30 du 9 janvier 1985","http://www.cget.gouv.fr/montagne/commissariats-de-massifs",,"Mme Marjolaine Meynier-Millefert","Membre titulaire","2017-11-17"
"Comité de massif des Alpes","Article 7 de la loi n° 85-30 du 9 janvier 1985","http://www.cget.gouv.fr/montagne/commissariats-de-massifs",,"M. Martial Saddier","Membre suppléant","2017-11-21"
"Comité de massif des Alpes","Article 7 de la loi n° 85-30 du 9 janvier 1985","http://www.cget.gouv.fr/montagne/commissariats-de-massifs",,"Mme Sophie Ricourt Vaginay","Membre titulaire","2024-11-06"
"Comité de massif des Alpes","Article 7 de la loi n° 85-30 du 9 janvier 1985","http://www.cget.gouv.fr/montagne/commissariats-de-massifs",,"Mme Élodie Jacquier-Laforge","Membre suppléante","2017-11-21"
"Comité de massif des Alpes","Article 7 de la loi n° 85-30 du 9 janvier 1985","http://www.cget.gouv.fr/montagne/commissariats-de-massifs",,"M. Xavier Roseren","Membre titulaire","2017-11-17"
"Comité de massif des Alpes","Article 7 de la loi n° 85-30 du 9 janvier 1985","http://www.cget.gouv.fr/montagne/commissariats-de-massifs",,"M. Xavier Roseren","Membre titulaire","2022-10-21"
"Comité de massif des Alpes","Article 7 de la loi n° 85-30 du 9 janvier 1985","http://www.cget.gouv.fr/montagne/commissariats-de-massifs",,"M. Xavier Roseren","Membre titulaire","2024-11-06"
"Conseil national d'évaluation du système scolaire","Article L. 241-13 du code de l'éducation","http://www.cnesco.fr/fr/qui-sommes-nous/","3","M. Frédéric Reiss","Membre titulaire","2013-12-11"
"Conseil national d'évaluation du système scolaire","Article L. 241-13 du code de l'éducation","http://www.cnesco.fr/fr/qui-sommes-nous/","3","M. Maxime Minot","Membre titulaire","2017-11-09"
"Conseil national d'évaluation du système scolaire","Article L. 241-13 du code de l'éducation","http://www.cnesco.fr/fr/qui-sommes-nous/","3","Mme Valérie Corre","Membre titulaire","2013-12-11"
"Conseil national d'évaluation du système scolaire","Article L. 241-13 du code de l'éducation","http://www.cnesco.fr/fr/qui-sommes-nous/","3","Mme Sylvie Charrière","Membre titulaire","2017-11-09"
"Conseil national de la mer et des littoraux","Article 43 de la loi n° 86-2 du 3 janvier 1986",,"7","Mme Chantal Berthelot","Membre titulaire","2011-07-13"
"Conseil national de la mer et des littoraux","Article 43 de la loi n° 86-2 du 3 janvier 1986",,"7","M. Daniel Fasquelle","Membre suppléant","2011-12-13"
"Conseil national de la mer et des littoraux","Article 43 de la loi n° 86-2 du 3 janvier 1986",,"7","M. Christophe Priou","Membre titulaire","2011-07-13"
"Conseil national de la mer et des littoraux","Article 43 de la loi n° 86-2 du 3 janvier 1986",,"7","Mme Sophie Panonacle","Membre titulaire","2022-10-21"
"Conseil national de la mer et des littoraux","Article 43 de la loi n° 86-2 du 3 janvier 1986",,"7","M. Dominique Caillaud","Membre titulaire","2012-02-15"
"Conseil national de la mer et des littoraux","Article 43 de la loi n° 86-2 du 3 janvier 1986",,"7","Mme Sophie Panonacle","Membre titulaire","2017-11-21"
"Conseil national de la mer et des littoraux","Article 43 de la loi n° 86-2 du 3 janvier 1986",,"7","Mme Maina Sage","Membre suppléante","2017-11-21"
"Conseil national de la mer et des littoraux","Article 43 de la loi n° 86-2 du 3 janvier 1986",,"7","Mme Chantal Berthelot","Membre titulaire","2012-10-15"
"Conseil national de la mer et des littoraux","Article 43 de la loi n° 86-2 du 3 janvier 1986",,"7","M. Jean-Paul Tuaiva","Membre suppléant","2012-10-15"
"Conseil national de la mer et des littoraux","Article 43 de la loi n° 86-2 du 3 janvier 1986",,"7","Mme Sophie Panonacle","Membre titulaire","2024-11-06"
"Conseil national de la mer et des littoraux","Article 43 de la loi n° 86-2 du 3 janvier 1986",,"7","M. Yann Capet","Membre suppléant","2012-10-15"
"Conseil national de la mer et des littoraux","Article 43 de la loi n° 86-2 du 3 janvier 1986",,"7","M. Jacques Le Guen","Membre suppléant","2011-12-13"
"Conseil national de la mer et des littoraux","Article 43 de la loi n° 86-2 du 3 janvier 1986",,"7","M. Philippe Boënnec","Membre titulaire","2011-07-13"
"Conseil national de la mer et des littoraux","Article 43 de la loi n° 86-2 du 3 janvier 1986",,"7","M. Jean-Claude Guibal","Membre suppléant","2011-12-13"
"Conseil national de la mer et des littoraux","Article 43 de la loi n° 86-2 du 3 janvier 1986",,"7","M. Stéphane Lenormand","Membre titulaire","2022-10-21"
"Conseil national de la mer et des littoraux","Article 43 de la loi n° 86-2 du 3 janvier 1986",,"7","M. Gabriel Serville","Membre suppléant","2017-11-21"
"Conseil national de la mer et des littoraux","Article 43 de la loi n° 86-2 du 3 janvier 1986",,"7","Mme Sylviane Alaux","Membre titulaire","2012-10-15"
"Conseil national de la mer et des littoraux","Article 43 de la loi n° 86-2 du 3 janvier 1986",,"7","M. Daniel Fasquelle","Membre suppléant","2012-10-15"
"Conseil national de la mer et des littoraux","Article 43 de la loi n° 86-2 du 3 janvier 1986",,"7","M. Lénaïck Adam","Membre titulaire","2017-11-21"
"Conseil national de la mer et des littoraux","Article 43 de la loi n° 86-2 du 3 janvier 1986",,"7","M. Jean-Claude Guibal","Membre titulaire","2012-10-15"
"Conseil national de la mer et des littoraux","Article 43 de la loi n° 86-2 du 3 janvier 1986",,"7","M. Joseph Rivière","Membre titulaire","2024-11-06"
"Conseil national de la mer et des littoraux","Article 43 de la loi n° 86-2 du 3 janvier 1986",,"7","M. Lénaïck Adam","Membre titulaire","2018-03-20"
"Commission prévue à l’article 113 de la loi n° 2017-256 du 28 février 2017 de programmation relative à l’égalité réelle outre-mer et portant autres dispositions en matière sociale et économique","Article 113 de la loi n° 2017-256 du 28 février 2017",,,"Mme Nicole Sanquer","Membre titulaire","2017-12-20"
"Commission prévue à l’article 113 de la loi n° 2017-256 du 28 février 2017 de programmation relative à l’égalité réelle outre-mer et portant autres dispositions en matière sociale et économique","Article 113 de la loi n° 2017-256 du 28 février 2017",,,"Mme Annie Chapelier","Membre titulaire","2017-12-20"
"Commission prévue à l’article 113 de la loi n° 2017-256 du 28 février 2017 de programmation relative à l’égalité réelle outre-mer et portant autres dispositions en matière sociale et économique","Article 113 de la loi n° 2017-256 du 28 février 2017",,,"M. Moetai Brotherson","Membre titulaire","2017-12-20"
"Conseil national de la montagne","\"Article 6 de la loi n° 85-30 du 9 janvier 1985\"","http://www.cget.gouv.fr/montagne/conseil-national-de-montagne","3","M. Jean-Bernard Sempastous","Membre titulaire","2017-09-15"
"Conseil national de la montagne","\"Article 6 de la loi n° 85-30 du 9 janvier 1985\"","http://www.cget.gouv.fr/montagne/conseil-national-de-montagne","3","M. François Calvet","Membre titulaire","2007-08-01"
"Conseil national de la montagne","\"Article 6 de la loi n° 85-30 du 9 janvier 1985\"","http://www.cget.gouv.fr/montagne/conseil-national-de-montagne","3","M. Henri Nayrou","Membre titulaire","2000-10-11"
"Conseil national de la montagne","\"Article 6 de la loi n° 85-30 du 9 janvier 1985\"","http://www.cget.gouv.fr/montagne/conseil-national-de-montagne","3","M. Pierre Forgues","Membre titulaire","1988-12-02"
"Conseil national de la montagne","\"Article 6 de la loi n° 85-30 du 9 janvier 1985\"","http://www.cget.gouv.fr/montagne/conseil-national-de-montagne","3","M. Jean-Pierre Vigier","Membre titulaire","2024-09-24"
"Conseil national de la montagne","\"Article 6 de la loi n° 85-30 du 9 janvier 1985\"","http://www.cget.gouv.fr/montagne/conseil-national-de-montagne","3","Mme Chantal Robin-Rodrigo","Membre titulaire","2011-03-16"
"Conseil national de la montagne","\"Article 6 de la loi n° 85-30 du 9 janvier 1985\"","http://www.cget.gouv.fr/montagne/conseil-national-de-montagne","3","M. Michel Bouvard","Membre titulaire","2002-08-01"
"Conseil national de la montagne","\"Article 6 de la loi n° 85-30 du 9 janvier 1985\"","http://www.cget.gouv.fr/montagne/conseil-national-de-montagne","3","M. Joël Giraud","Membre titulaire","2017-10-17"
"Conseil national de la montagne","\"Article 6 de la loi n° 85-30 du 9 janvier 1985\"","http://www.cget.gouv.fr/montagne/conseil-national-de-montagne","3","Mme Véronique Riotton","Membre titulaire","2017-09-28"
"Conseil national de la montagne","\"Article 6 de la loi n° 85-30 du 9 janvier 1985\"","http://www.cget.gouv.fr/montagne/conseil-national-de-montagne","3","Mme Chantal Robin-Rodrigo","Membre titulaire","2007-08-01"
"Conseil national de la montagne","\"Article 6 de la loi n° 85-30 du 9 janvier 1985\"","http://www.cget.gouv.fr/montagne/conseil-national-de-montagne","3","M. Hervé Gaymard","Membre titulaire","1993-05-14"
"Conseil national de la montagne","\"Article 6 de la loi n° 85-30 du 9 janvier 1985\"","http://www.cget.gouv.fr/montagne/conseil-national-de-montagne","3","M. Stéphane Alaize","Membre titulaire","2000-10-11"
"Conseil national de la montagne","\"Article 6 de la loi n° 85-30 du 9 janvier 1985\"","http://www.cget.gouv.fr/montagne/conseil-national-de-montagne","3","M. Daniel Chevallier","Membre titulaire","1988-12-02"
"Conseil national de la montagne","\"Article 6 de la loi n° 85-30 du 9 janvier 1985\"","http://www.cget.gouv.fr/montagne/conseil-national-de-montagne","3","Mme Danielle Brulebois","Membre titulaire","2024-12-18"
"Conseil national de la montagne","\"Article 6 de la loi n° 85-30 du 9 janvier 1985\"","http://www.cget.gouv.fr/montagne/conseil-national-de-montagne","3","M. Vincent Descoeur","Membre titulaire","2022-11-21"
"Conseil national de la montagne","\"Article 6 de la loi n° 85-30 du 9 janvier 1985\"","http://www.cget.gouv.fr/montagne/conseil-national-de-montagne","3","M. François Brottes","Membre titulaire","2002-08-01"
"Conseil national de la montagne","\"Article 6 de la loi n° 85-30 du 9 janvier 1985\"","http://www.cget.gouv.fr/montagne/conseil-national-de-montagne","3","M. Maurice Janetti","Membre titulaire","1997-09-19"
"Conseil national de la montagne","\"Article 6 de la loi n° 85-30 du 9 janvier 1985\"","http://www.cget.gouv.fr/montagne/conseil-national-de-montagne","3","M. Stéphane Alaize","Membre titulaire","1997-09-19"
"Conseil national de la montagne","\"Article 6 de la loi n° 85-30 du 9 janvier 1985\"","http://www.cget.gouv.fr/montagne/conseil-national-de-montagne","3","M. Louis Besson","Membre titulaire","1988-12-02"
"Conseil national de la montagne","\"Article 6 de la loi n° 85-30 du 9 janvier 1985\"","http://www.cget.gouv.fr/montagne/conseil-national-de-montagne","3","M. Hubert Falco","Membre titulaire","1993-05-14"
"Conseil national de la montagne","\"Article 6 de la loi n° 85-30 du 9 janvier 1985\"","http://www.cget.gouv.fr/montagne/conseil-national-de-montagne","3","M. Jean Lassalle","Membre titulaire","2006-02-01"
"Conseil national de la montagne","\"Article 6 de la loi n° 85-30 du 9 janvier 1985\"","http://www.cget.gouv.fr/montagne/conseil-national-de-montagne","3","M. Henri Nayrou","Membre titulaire","1999-10-12"
"Conseil national de la montagne","\"Article 6 de la loi n° 85-30 du 9 janvier 1985\"","http://www.cget.gouv.fr/montagne/conseil-national-de-montagne","3","M. François Calvet","Membre titulaire","2011-01-14"
"Conseil national de la montagne","\"Article 6 de la loi n° 85-30 du 9 janvier 1985\"","http://www.cget.gouv.fr/montagne/conseil-national-de-montagne","3","M. François Brottes","Membre titulaire","2006-02-01"
"Conseil national de la montagne","\"Article 6 de la loi n° 85-30 du 9 janvier 1985\"","http://www.cget.gouv.fr/montagne/conseil-national-de-montagne","3","M. Daniel Chevallier","Membre titulaire","1986-06-06"
"Conseil national de la montagne","\"Article 6 de la loi n° 85-30 du 9 janvier 1985\"","http://www.cget.gouv.fr/montagne/conseil-national-de-montagne","3","M. Jean-Pierre Vigier","Membre titulaire","2012-11-08"
"Conseil national de la montagne","\"Article 6 de la loi n° 85-30 du 9 janvier 1985\"","http://www.cget.gouv.fr/montagne/conseil-national-de-montagne","3","M. Jean-Louis Idiart","Membre titulaire","2009-08-11"
"Conseil national de la montagne","\"Article 6 de la loi n° 85-30 du 9 janvier 1985\"","http://www.cget.gouv.fr/montagne/conseil-national-de-montagne","3","M. Xavier Roseren","Membre titulaire","2020-11-03"
"Conseil national de la montagne","\"Article 6 de la loi n° 85-30 du 9 janvier 1985\"","http://www.cget.gouv.fr/montagne/conseil-national-de-montagne","3","M. Adrien Durand","Membre titulaire","1986-06-06"
"Conseil national de la montagne","\"Article 6 de la loi n° 85-30 du 9 janvier 1985\"","http://www.cget.gouv.fr/montagne/conseil-national-de-montagne","3","M. Gratien Ferrari","Membre titulaire","1997-02-07"
"Conseil national de la montagne","\"Article 6 de la loi n° 85-30 du 9 janvier 1985\"","http://www.cget.gouv.fr/montagne/conseil-national-de-montagne","3","Mme Marie-Noëlle Battistel","Membre titulaire","2012-07-17"
"Conseil national de la montagne","\"Article 6 de la loi n° 85-30 du 9 janvier 1985\"","http://www.cget.gouv.fr/montagne/conseil-national-de-montagne","3","M. Martial Saddier","Membre titulaire","2012-07-17"
"Conseil national de la montagne","\"Article 6 de la loi n° 85-30 du 9 janvier 1985\"","http://www.cget.gouv.fr/montagne/conseil-national-de-montagne","3","M. Michel Bouvard","Membre titulaire","2007-08-01"
"Conseil national de la montagne","\"Article 6 de la loi n° 85-30 du 9 janvier 1985\"","http://www.cget.gouv.fr/montagne/conseil-national-de-montagne","3","Mme Marie-Noëlle Battistel","Membre titulaire","2024-09-24"
"Conseil national de la montagne","\"Article 6 de la loi n° 85-30 du 9 janvier 1985\"","http://www.cget.gouv.fr/montagne/conseil-national-de-montagne","3","M. Jean Proriol","Membre titulaire","2011-03-16"
"Conseil national de la montagne","\"Article 6 de la loi n° 85-30 du 9 janvier 1985\"","http://www.cget.gouv.fr/montagne/conseil-national-de-montagne","3","M. Jean-Pierre Vigier","Membre titulaire","2022-11-16"
"Conseil national de la montagne","\"Article 6 de la loi n° 85-30 du 9 janvier 1985\"","http://www.cget.gouv.fr/montagne/conseil-national-de-montagne","3","Mme Pascale Boyer","Membre titulaire","2017-09-28"
"Conseil national de la montagne","\"Article 6 de la loi n° 85-30 du 9 janvier 1985\"","http://www.cget.gouv.fr/montagne/conseil-national-de-montagne","3","M. Jean Proriol","Membre titulaire","2007-08-01"
"Conseil national de la montagne","\"Article 6 de la loi n° 85-30 du 9 janvier 1985\"","http://www.cget.gouv.fr/montagne/conseil-national-de-montagne","3","M. Michel Bouvard","Membre titulaire","2000-10-11"
"Conseil national de la montagne","\"Article 6 de la loi n° 85-30 du 9 janvier 1985\"","http://www.cget.gouv.fr/montagne/conseil-national-de-montagne","3","M. Vincent Descoeur","Membre titulaire","2024-12-18"
"Conseil national de la montagne","\"Article 6 de la loi n° 85-30 du 9 janvier 1985\"","http://www.cget.gouv.fr/montagne/conseil-national-de-montagne","3","Mme Danielle Brulebois","Membre titulaire","2022-11-21"
"Conseil national de la montagne","\"Article 6 de la loi n° 85-30 du 9 janvier 1985\"","http://www.cget.gouv.fr/montagne/conseil-national-de-montagne","3","M. Martial Saddier","Membre titulaire","2011-03-16"
"Conseil national de la montagne","\"Article 6 de la loi n° 85-30 du 9 janvier 1985\"","http://www.cget.gouv.fr/montagne/conseil-national-de-montagne","3","M. Gérard Cherpion","Membre titulaire","2002-08-01"
"Conseil national de la montagne","\"Article 6 de la loi n° 85-30 du 9 janvier 1985\"","http://www.cget.gouv.fr/montagne/conseil-national-de-montagne","3","M. Philippe Huppé","Membre titulaire","2017-09-15"
"Conseil national de la montagne","\"Article 6 de la loi n° 85-30 du 9 janvier 1985\"","http://www.cget.gouv.fr/montagne/conseil-national-de-montagne","3","M. Martial Saddier","Membre titulaire","2007-08-01"
"Conseil national de la montagne","\"Article 6 de la loi n° 85-30 du 9 janvier 1985\"","http://www.cget.gouv.fr/montagne/conseil-national-de-montagne","3","M. Patrick Ollier","Membre titulaire","2000-10-11"
"Conseil national de la montagne","\"Article 6 de la loi n° 85-30 du 9 janvier 1985\"","http://www.cget.gouv.fr/montagne/conseil-national-de-montagne","3","M. Michel Bouvard","Membre titulaire","1997-09-19"
"Conseil national de la montagne","\"Article 6 de la loi n° 85-30 du 9 janvier 1985\"","http://www.cget.gouv.fr/montagne/conseil-national-de-montagne","3","M. Daniel Spagnou","Membre titulaire","2002-08-01"
"Conseil national de la montagne","\"Article 6 de la loi n° 85-30 du 9 janvier 1985\"","http://www.cget.gouv.fr/montagne/conseil-national-de-montagne","3","Mme Pascale Boyer","Membre titulaire","2022-10-21"
"Conseil national de la montagne","\"Article 6 de la loi n° 85-30 du 9 janvier 1985\"","http://www.cget.gouv.fr/montagne/conseil-national-de-montagne","3","M. Michel Bouvard","Membre titulaire","2006-02-01"
"Conseil national de la montagne","\"Article 6 de la loi n° 85-30 du 9 janvier 1985\"","http://www.cget.gouv.fr/montagne/conseil-national-de-montagne","3","M. Michel Bouvard","Membre titulaire","2011-01-14"
"Conseil national de la montagne","\"Article 6 de la loi n° 85-30 du 9 janvier 1985\"","http://www.cget.gouv.fr/montagne/conseil-national-de-montagne","3","M. Jean-François Michel","Membre titulaire","1986-06-06"
"Conseil national de la montagne","\"Article 6 de la loi n° 85-30 du 9 janvier 1985\"","http://www.cget.gouv.fr/montagne/conseil-national-de-montagne","3","M. Jean-Marie Binetruy","Membre titulaire","2006-02-01"
"Conseil national de la montagne","\"Article 6 de la loi n° 85-30 du 9 janvier 1985\"","http://www.cget.gouv.fr/montagne/conseil-national-de-montagne","3","Mme Béatrice Santais","Membre titulaire","2012-11-08"
"Conseil national de la montagne","\"Article 6 de la loi n° 85-30 du 9 janvier 1985\"","http://www.cget.gouv.fr/montagne/conseil-national-de-montagne","3","M. Daniel Spagnou","Membre titulaire","2006-02-01"
"Conseil national de la montagne","\"Article 6 de la loi n° 85-30 du 9 janvier 1985\"","http://www.cget.gouv.fr/montagne/conseil-national-de-montagne","3","M. Patrick Ollier","Membre titulaire","1997-09-19"
"Conseil national de la montagne","\"Article 6 de la loi n° 85-30 du 9 janvier 1985\"","http://www.cget.gouv.fr/montagne/conseil-national-de-montagne","3","M. Iñaki Echaniz","Membre titulaire","2024-11-06"
"Conseil national de la montagne","\"Article 6 de la loi n° 85-30 du 9 janvier 1985\"","http://www.cget.gouv.fr/montagne/conseil-national-de-montagne","3","M. Gérard Tremege","Membre titulaire","1986-06-06"
"Conseil national de la montagne","\"Article 6 de la loi n° 85-30 du 9 janvier 1985\"","http://www.cget.gouv.fr/montagne/conseil-national-de-montagne","3","M. Yves Pillet","Membre titulaire","1989-05-26"
"Conseil national de la montagne","\"Article 6 de la loi n° 85-30 du 9 janvier 1985\"","http://www.cget.gouv.fr/montagne/conseil-national-de-montagne","3","M. Gérard Cherpion","Membre titulaire","2011-11-25"
"Conseil national de la montagne","\"Article 6 de la loi n° 85-30 du 9 janvier 1985\"","http://www.cget.gouv.fr/montagne/conseil-national-de-montagne","3","M. Francis Galizi","Membre titulaire","1997-02-07"
"Conseil national de la montagne","\"Article 6 de la loi n° 85-30 du 9 janvier 1985\"","http://www.cget.gouv.fr/montagne/conseil-national-de-montagne","3","M. Michel Bouvard","Membre titulaire","1997-02-07"
"Conseil national de la montagne","\"Article 6 de la loi n° 85-30 du 9 janvier 1985\"","http://www.cget.gouv.fr/montagne/conseil-national-de-montagne","3","Mme Marie-Noëlle Battistel","Membre titulaire","2022-11-16"
"Conseil national de la montagne","\"Article 6 de la loi n° 85-30 du 9 janvier 1985\"","http://www.cget.gouv.fr/montagne/conseil-national-de-montagne","3","M. Joël Giraud","Membre titulaire","2012-07-17"
"Conseil national de la montagne","\"Article 6 de la loi n° 85-30 du 9 janvier 1985\"","http://www.cget.gouv.fr/montagne/conseil-national-de-montagne","3","M. Patrick Ollier","Membre titulaire","1997-02-07"
"Conseil national de la montagne","\"Article 6 de la loi n° 85-30 du 9 janvier 1985\"","http://www.cget.gouv.fr/montagne/conseil-national-de-montagne","3","M. Patrick Ollier","Membre titulaire","1988-12-02"
"conseil d'administration de l'établissement public de sécurité ferroviaire","Article L. 2221-2 du code des transports","http://www.securite-ferroviaire.fr/organisation/statut-et-organisation",,"M. Matthieu Marchio","Membre titulaire","2024-11-06"
"conseil d'administration de l'établissement public de sécurité ferroviaire","Article L. 2221-2 du code des transports","http://www.securite-ferroviaire.fr/organisation/statut-et-organisation",,"Mme Bénédicte Taurine","Membre titulaire","2022-10-21"
"conseil d'administration de l'établissement public de sécurité ferroviaire","Article L. 2221-2 du code des transports","http://www.securite-ferroviaire.fr/organisation/statut-et-organisation",,"Mme Laurence Vanceunebrock","Membre titulaire","2017-10-25"
"conseil d'administration de l'établissement public de sécurité ferroviaire","Article L. 2221-2 du code des transports","http://www.securite-ferroviaire.fr/organisation/statut-et-organisation",,"M. Gilles Savary","Membre titulaire","2012-10-16"
"conseil d'administration de l'établissement public de sécurité ferroviaire","Article L. 2221-2 du code des transports","http://www.securite-ferroviaire.fr/organisation/statut-et-organisation",,"Mme Sylvie Ferrer","Membre titulaire","2023-05-25"
"Conseil d'administration du Fonds national des aides à la pierre ","Article L. 435-1 du code de la construction et de l'habitation","https://www.anil.org/documentation-experte/analyses-juridiques-jurisprudence/analyses-juridiques/analyses-juridiques-2016/fonds-national-des-aides-a-la-pierre/",,"M. Stéphane Peu","Membre titulaire","2022-10-21"
"Conseil d'administration du Fonds national des aides à la pierre ","Article L. 435-1 du code de la construction et de l'habitation","https://www.anil.org/documentation-experte/analyses-juridiques-jurisprudence/analyses-juridiques/analyses-juridiques-2016/fonds-national-des-aides-a-la-pierre/",,"M. François Jolivet","Membre titulaire","2019-08-29"
"Conseil d'administration du Fonds national des aides à la pierre ","Article L. 435-1 du code de la construction et de l'habitation","https://www.anil.org/documentation-experte/analyses-juridiques-jurisprudence/analyses-juridiques/analyses-juridiques-2016/fonds-national-des-aides-a-la-pierre/",,"M. François Jolivet","Membre titulaire","2017-09-18"
"Conseil d'administration du Fonds national des aides à la pierre ","Article L. 435-1 du code de la construction et de l'habitation","https://www.anil.org/documentation-experte/analyses-juridiques-jurisprudence/analyses-juridiques/analyses-juridiques-2016/fonds-national-des-aides-a-la-pierre/",,"Mme Sandrine Nosbé","Membre titulaire","2024-11-06"
"Comité scientifique du Haut Conseil des biotechnologies",,,,"M. Philippe Bolo","Membre titulaire","2020-03-06"
"Conseil supérieur de l'éducation routière ","Article D. 214-2 du code de la route",,"1","M. Pierre Vatin","Membre suppléant","2017-11-21"
"Conseil supérieur de l'éducation routière ","Article D. 214-2 du code de la route",,"1","Mme Jacqueline Dubois","Membre titulaire","2017-11-21"
"Conseil national de l'alimentation","Article L. 1 du code rural et de la pêche maritime","https://www.cna-alimentation.fr/cna/membres/",,"Mme Laurence Maillart-Méhaignerie","Membre titulaire","2019-07-12"
"Conseil national de l'alimentation","Article L. 1 du code rural et de la pêche maritime","https://www.cna-alimentation.fr/cna/membres/",,"Mme Laurence Maillart-Méhaignerie","Membre titulaire","2022-10-21"
"Conseil national de l'alimentation","Article L. 1 du code rural et de la pêche maritime","https://www.cna-alimentation.fr/cna/membres/",,"M. Richard Ramos","Membre titulaire","2024-11-06"
"Conseil de surveillance chargé du suivi et du contrôle de la recherche et de la mise en œuvre d’alternatives aux produits phytopharmaceutiques contenant une ou des substances actives de la famille des néonicotinoïdes ou présentant des modes d’action identiques à ceux de ces substances",,,,"Mme Chantal Jourdan","Membre titulaire","2024-11-06"
"Conseil de surveillance chargé du suivi et du contrôle de la recherche et de la mise en œuvre d’alternatives aux produits phytopharmaceutiques contenant une ou des substances actives de la famille des néonicotinoïdes ou présentant des modes d’action identiques à ceux de ces substances",,,,"M. Éric Bothorel","Membre titulaire","2024-11-06"
"Conseil de surveillance chargé du suivi et du contrôle de la recherche et de la mise en œuvre d’alternatives aux produits phytopharmaceutiques contenant une ou des substances actives de la famille des néonicotinoïdes ou présentant des modes d’action identiques à ceux de ces substances",,,,"M. Julien Dive","Membre titulaire","2022-10-21"
"Conseil de surveillance chargé du suivi et du contrôle de la recherche et de la mise en œuvre d’alternatives aux produits phytopharmaceutiques contenant une ou des substances actives de la famille des néonicotinoïdes ou présentant des modes d’action identiques à ceux de ces substances",,,,"Mme Nadia Essayan","Membre titulaire","2021-01-04"
"Conseil de surveillance chargé du suivi et du contrôle de la recherche et de la mise en œuvre d’alternatives aux produits phytopharmaceutiques contenant une ou des substances actives de la famille des néonicotinoïdes ou présentant des modes d’action identiques à ceux de ces substances",,,,"M. Grégory Besson-Moreau","Membre titulaire","2021-01-04"
"Conseil de surveillance chargé du suivi et du contrôle de la recherche et de la mise en œuvre d’alternatives aux produits phytopharmaceutiques contenant une ou des substances actives de la famille des néonicotinoïdes ou présentant des modes d’action identiques à ceux de ces substances",,,,"Mme Lise Magnier","Membre titulaire","2022-10-21"
"Conseil de surveillance chargé du suivi et du contrôle de la recherche et de la mise en œuvre d’alternatives aux produits phytopharmaceutiques contenant une ou des substances actives de la famille des néonicotinoïdes ou présentant des modes d’action identiques à ceux de ces substances",,,,"Mme Lise Magnier","Membre titulaire","2024-11-06"
"Conseil de surveillance chargé du suivi et du contrôle de la recherche et de la mise en œuvre d’alternatives aux produits phytopharmaceutiques contenant une ou des substances actives de la famille des néonicotinoïdes ou présentant des modes d’action identiques à ceux de ces substances",,,,"M. Pierre Henriet","Membre titulaire","2022-10-21"
"Conseil de surveillance chargé du suivi et du contrôle de la recherche et de la mise en œuvre d’alternatives aux produits phytopharmaceutiques contenant une ou des substances actives de la famille des néonicotinoïdes ou présentant des modes d’action identiques à ceux de ces substances",,,,"M. Julien Dive","Membre titulaire","2024-11-06"
"Conseil de surveillance chargé du suivi et du contrôle de la recherche et de la mise en œuvre d’alternatives aux produits phytopharmaceutiques contenant une ou des substances actives de la famille des néonicotinoïdes ou présentant des modes d’action identiques à ceux de ces substances",,,,"Mme Anne Genetet","Membre titulaire","2021-01-04"
"Conseil de surveillance chargé du suivi et du contrôle de la recherche et de la mise en œuvre d’alternatives aux produits phytopharmaceutiques contenant une ou des substances actives de la famille des néonicotinoïdes ou présentant des modes d’action identiques à ceux de ces substances",,,,"M. Julien Dive","Membre titulaire","2021-01-04"
"Conseil de surveillance chargé du suivi et du contrôle de la recherche et de la mise en œuvre d’alternatives aux produits phytopharmaceutiques contenant une ou des substances actives de la famille des néonicotinoïdes ou présentant des modes d’action identiques à ceux de ces substances",,,,"Mme Aude Luquet","Membre titulaire","2022-10-21"
"Observatoire de la récidive et de la désistance","Article 7 de la loi n° 2009-1436 du 24 novembre 2009",,"5","Mme Caroline Abadie","Membre titulaire","2017-10-05"
"Observatoire de la récidive et de la désistance","Article 7 de la loi n° 2009-1436 du 24 novembre 2009",,"5","M. Joaquim Pueyo","Membre suppléant","2017-10-05"
"Agence nationale de l'habitat","Article L. 321-1 du code de la construction et de l’habitation","http://www.anah.fr/qui-sommes-nous/organisation/le-conseil-dadministration/",,"M. Bastien Marchive","Membre titulaire","2022-10-21"
"Agence nationale de l'habitat","Article L. 321-1 du code de la construction et de l’habitation","http://www.anah.fr/qui-sommes-nous/organisation/le-conseil-dadministration/",,"Mme Jacqueline Maquet","Membre titulaire","2017-10-27"
"Agence nationale de l'habitat","Article L. 321-1 du code de la construction et de l’habitation","http://www.anah.fr/qui-sommes-nous/organisation/le-conseil-dadministration/",,"Mme Catherine Troallic","Membre titulaire","2012-09-28"
"Agence nationale de l'habitat","Article L. 321-1 du code de la construction et de l’habitation","http://www.anah.fr/qui-sommes-nous/organisation/le-conseil-dadministration/",,"M. Ian Boucard","Membre suppléant","2018-02-05"
"Agence nationale de l'habitat","Article L. 321-1 du code de la construction et de l’habitation","http://www.anah.fr/qui-sommes-nous/organisation/le-conseil-dadministration/",,"Mme Christelle Dubos","Membre titulaire","2020-11-03"
"Agence nationale de l'habitat","Article L. 321-1 du code de la construction et de l’habitation","http://www.anah.fr/qui-sommes-nous/organisation/le-conseil-dadministration/",,"M. François Scellier","Membre titulaire","2010-05-04"
"Agence nationale de l'habitat","Article L. 321-1 du code de la construction et de l’habitation","http://www.anah.fr/qui-sommes-nous/organisation/le-conseil-dadministration/",,"M. Marc-Philippe Daubresse","Membre titulaire","2010-01-25"
"Agence nationale de l'habitat","Article L. 321-1 du code de la construction et de l’habitation","http://www.anah.fr/qui-sommes-nous/organisation/le-conseil-dadministration/",,"Mme Nathalie Appéré","Membre titulaire","2015-06-03"
"Agence nationale de l'habitat","Article L. 321-1 du code de la construction et de l’habitation","http://www.anah.fr/qui-sommes-nous/organisation/le-conseil-dadministration/",,"Mme Annaïg Le Meur","Membre titulaire","2024-11-06"
"Agence nationale de l'habitat","Article L. 321-1 du code de la construction et de l’habitation","http://www.anah.fr/qui-sommes-nous/organisation/le-conseil-dadministration/",,"M. François Scellier","Membre suppléant","2012-09-28"
"Conseil supérieur de l'énergie","Articles  L. 142-41 du code de l'énergie",,"27","M. Anthony Cellier","Membre titulaire","2017-11-10"
"Conseil supérieur de l'énergie","Articles  L. 142-41 du code de l'énergie",,"27","M. Jean-Luc Fugit","Membre titulaire","2022-10-27"
"Conseil supérieur de l'énergie","Articles  L. 142-41 du code de l'énergie",,"27","M. Julien Aubert","Membre titulaire","2017-11-10"
"Conseil supérieur de l'énergie","Articles  L. 142-41 du code de l'énergie",,"27","Mme Sabrina Sebaihi","Membre titulaire","2022-10-27"
"Conseil supérieur de l'énergie","Articles  L. 142-41 du code de l'énergie",,"27","M. Franck Reynier","Membre titulaire","2011-11-25"
"Conseil supérieur de l'énergie","Articles  L. 142-41 du code de l'énergie",,"27","M. Loïc Prud'homme","Membre suppléant","2017-11-10"
"Conseil supérieur de l'énergie","Articles  L. 142-41 du code de l'énergie",,"27","Mme Frédérique Massat","Membre titulaire","2012-09-21"
"Conseil supérieur de l'énergie","Articles  L. 142-41 du code de l'énergie",,"27","M. André Chassaigne","Membre suppléant","2012-09-21"
"Conseil supérieur de l'énergie","Articles  L. 142-41 du code de l'énergie",,"27","M. Philippe Duron","Membre titulaire","1998-07-10"
"Conseil supérieur de l'énergie","Articles  L. 142-41 du code de l'énergie",,"27","Mme Laure de La Raudière","Membre suppléante","2012-09-21"
"Conseil supérieur de l'énergie","Articles  L. 142-41 du code de l'énergie",,"27","M. Martin Malvy","Membre titulaire","1988-10-22"
"Conseil supérieur de l'énergie","Articles  L. 142-41 du code de l'énergie",,"27","M. Yves Coussain","Membre suppléant","2002-08-01"
"Conseil supérieur de l'énergie","Articles  L. 142-41 du code de l'énergie",,"27","M. Gérard Revol","Membre titulaire","1999-11-03"
"Conseil supérieur de l'énergie","Articles  L. 142-41 du code de l'énergie",,"27","M. Yves Deniaud","Membre titulaire","2007-08-10"
"Conseil supérieur de l'énergie","Articles  L. 142-41 du code de l'énergie",,"27","M. Hervé Novelli","Membre titulaire","2004-04-29"
"Conseil supérieur de l'énergie","Articles  L. 142-41 du code de l'énergie",,"27","M. Jean-Claude Lenoir","Membre titulaire","2002-08-01"
"Conseil supérieur de l'énergie","Articles  L. 142-41 du code de l'énergie",,"27","M. Jean-Luc Fugit","Membre titulaire","2024-11-06"
"Conseil supérieur de l'énergie","Articles  L. 142-41 du code de l'énergie",,"27","M. Jean-Pierre Nicolas","Membre titulaire","2007-08-10"
"Conseil supérieur de l'énergie","Articles  L. 142-41 du code de l'énergie",,"27","M. Jean-Pierre Nicolas","Membre titulaire","2002-08-01"
"Conseil supérieur de l'énergie","Articles  L. 142-41 du code de l'énergie",,"27","M. Jean-Philippe Tanguy","Membre titulaire","2024-11-06"
"Conseil supérieur de l'énergie","Articles  L. 142-41 du code de l'énergie",,"27","M. Patrice Martin-Lalande","Membre suppléant","2007-08-10"
"Conseil supérieur de l'énergie","Articles  L. 142-41 du code de l'énergie",,"27","M. Yvon Montané","Membre titulaire","1997-07-23"
"Conseil supérieur de l'énergie","Articles  L. 142-41 du code de l'énergie",,"27","M. Gaston Rimareix","Membre titulaire","1992-06-04"
"Conseil supérieur de l'énergie","Articles  L. 142-41 du code de l'énergie",,"27","M. André Jarrot","Membre titulaire","1986-05-16"
"Conseil supérieur de l'énergie","Articles  L. 142-41 du code de l'énergie",,"27","Mme Bérangère Couillard","Membre titulaire","2017-11-10"
"Conseil supérieur de l'énergie","Articles  L. 142-41 du code de l'énergie",,"27","Mme Anne-Cécile Violland","Membre titulaire","2022-10-27"
"Conseil supérieur de l'énergie","Articles  L. 142-41 du code de l'énergie",,"27","Mme Célia de Lavergne","Membre suppléante","2017-11-10"
"Conseil supérieur de l'énergie","Articles  L. 142-41 du code de l'énergie",,"27","Mme Marie-Hélène Fabre","Membre titulaire","2015-11-18"
"Conseil supérieur de l'énergie","Articles  L. 142-41 du code de l'énergie",,"27","Mme Marie-Noëlle Battistel","Membre suppléante","2017-11-10"
"Conseil supérieur de l'énergie","Articles  L. 142-41 du code de l'énergie",,"27","M. Stéphane Travert","Membre titulaire","2012-09-21"
"Conseil supérieur de l'énergie","Articles  L. 142-41 du code de l'énergie",,"27","Mme Anne-France Brunet","Membre suppléante","2018-06-05"
"Conseil supérieur de l'énergie","Articles  L. 142-41 du code de l'énergie",,"27","M. Grégoire Carneiro","Membre titulaire","1993-05-23"
"Conseil supérieur de l'énergie","Articles  L. 142-41 du code de l'énergie",,"27","M. Denis Baupin","Membre titulaire","2012-09-21"
"Conseil supérieur de l'énergie","Articles  L. 142-41 du code de l'énergie",,"27","M. Daniel Fasquelle","Membre suppléant","2012-09-21"
"Conseil supérieur de l'énergie","Articles  L. 142-41 du code de l'énergie",,"27","M. Pierre Micaux","Membre titulaire","1988-10-22"
"Conseil supérieur de l'énergie","Articles  L. 142-41 du code de l'énergie",,"27","M. Michel Cartelet","Membre titulaire","1988-10-22"
"Conseil supérieur de l'énergie","Articles  L. 142-41 du code de l'énergie",,"27","M. Jean de Gaulle","Membre titulaire","2002-08-01"
"Conseil supérieur de l'énergie","Articles  L. 142-41 du code de l'énergie",,"27","M. Jean-Claude Lenoir","Membre titulaire","2007-08-10"
"Conseil supérieur de l'énergie","Articles  L. 142-41 du code de l'énergie",,"27","M. Patrice Martin-Lalande","Membre suppléant","2004-04-29"
"Conseil supérieur de l'énergie","Articles  L. 142-41 du code de l'énergie",,"27","M. Pierre Micaux","Membre suppléant","2002-08-01"
"Conseil supérieur de l'énergie","Articles  L. 142-41 du code de l'énergie",,"27","Mme Alma Dufour","Membre titulaire","2024-11-06"
"Conseil supérieur de l'énergie","Articles  L. 142-41 du code de l'énergie",,"27","M. Michel Lejeune","Membre suppléant","2007-08-10"
"Conseil supérieur de l'énergie","Articles  L. 142-41 du code de l'énergie",,"27","M. René Garrec","Membre titulaire","1993-05-23"
"Conseil supérieur de l'énergie","Articles  L. 142-41 du code de l'énergie",,"27","M. Hervé Novelli","Membre suppléant","2002-08-01"
"Conseil supérieur de l'énergie","Articles  L. 142-41 du code de l'énergie",,"27","M. Michel Delebarre","Membre titulaire","1997-07-23"
"Conseil supérieur de l'énergie","Articles  L. 142-41 du code de l'énergie",,"27","M. Franck Borotra","Membre titulaire","1986-10-17"
"Conseil supérieur de l'énergie","Articles  L. 142-41 du code de l'énergie",,"27","M. Christophe Priou","Membre suppléant","2007-08-10"
"Conseil supérieur de l'énergie","Articles  L. 142-41 du code de l'énergie",,"27","M. Jean-Pierre Kucheida","Membre titulaire","1997-10-01"
"Conseil supérieur de l'énergie","Articles  L. 142-41 du code de l'énergie",,"27","M. Pierre Micaux","Membre titulaire","1986-05-16"
"Conseil supérieur de l'énergie","Articles  L. 142-41 du code de l'énergie",,"27","M. Jean Proriol","Membre titulaire","1986-05-16"
"Conseil supérieur de l'énergie","Articles  L. 142-41 du code de l'énergie",,"27","M. René Massat","Membre titulaire","1992-10-08"
"Conseil supérieur de l'énergie","Articles  L. 142-41 du code de l'énergie",,"27","M. Pierre Micaux","Membre titulaire","1993-05-23"
"Conseil supérieur des programmes","Article L. 231-14 du code de l'éducation","http://www.education.gouv.fr/pid31771/le-conseil-superieur-des-programmes.html","23","Mme Anne-Laure Blin","Membre titulaire","2024-10-02"
"Conseil supérieur des programmes","Article L. 231-14 du code de l'éducation","http://www.education.gouv.fr/pid31771/le-conseil-superieur-des-programmes.html","23","M. Paul Vannier","Membre titulaire","2024-10-02"
"Conseil supérieur des programmes","Article L. 231-14 du code de l'éducation","http://www.education.gouv.fr/pid31771/le-conseil-superieur-des-programmes.html","23","Mme Sandrine Doucet","Membre titulaire","2013-09-25"
"Conseil supérieur des programmes","Article L. 231-14 du code de l'éducation","http://www.education.gouv.fr/pid31771/le-conseil-superieur-des-programmes.html","23","M. Pierre-Yves Bournazel","Membre titulaire","2018-02-14"
"Conseil supérieur des programmes","Article L. 231-14 du code de l'éducation","http://www.education.gouv.fr/pid31771/le-conseil-superieur-des-programmes.html","23","M. Christophe Marion","Membre titulaire","2022-09-28"
"Conseil supérieur des programmes","Article L. 231-14 du code de l'éducation","http://www.education.gouv.fr/pid31771/le-conseil-superieur-des-programmes.html","23","Mme Cécile Rilhac","Membre titulaire","2017-11-08"
"Conseil supérieur des programmes","Article L. 231-14 du code de l'éducation","http://www.education.gouv.fr/pid31771/le-conseil-superieur-des-programmes.html","23","M. Xavier Breton","Membre titulaire","2015-12-18"
"Conseil supérieur des programmes","Article L. 231-14 du code de l'éducation","http://www.education.gouv.fr/pid31771/le-conseil-superieur-des-programmes.html","23","M. Luc Belot","Membre titulaire","2013-09-25"
"Conseil supérieur des programmes","Article L. 231-14 du code de l'éducation","http://www.education.gouv.fr/pid31771/le-conseil-superieur-des-programmes.html","23","Mme Anne Sicard","Membre titulaire","2025-02-12"
"Conseil supérieur des programmes","Article L. 231-14 du code de l'éducation","http://www.education.gouv.fr/pid31771/le-conseil-superieur-des-programmes.html","23","Mme Annie Genevard","Membre titulaire","2013-09-25"
"Conseil supérieur des programmes","Article L. 231-14 du code de l'éducation","http://www.education.gouv.fr/pid31771/le-conseil-superieur-des-programmes.html","23","Mme Fatiha Keloua Hachi","Membre titulaire","2022-09-28"
"Conseil supérieur des programmes","Article L. 231-14 du code de l'éducation","http://www.education.gouv.fr/pid31771/le-conseil-superieur-des-programmes.html","23","M. Alexandre Portier","Membre titulaire","2022-09-28"
"Conseil supérieur des programmes","Article L. 231-14 du code de l'éducation","http://www.education.gouv.fr/pid31771/le-conseil-superieur-des-programmes.html","23","Mme Agnès Thill","Membre titulaire","2017-11-08"
"Conseil supérieur des programmes","Article L. 231-14 du code de l'éducation","http://www.education.gouv.fr/pid31771/le-conseil-superieur-des-programmes.html","23","M. Thierry Solère","Membre titulaire","2017-11-08"
"Conseil supérieur des programmes","Article L. 231-14 du code de l'éducation","http://www.education.gouv.fr/pid31771/le-conseil-superieur-des-programmes.html","23","Mme Martine Martinel","Membre titulaire","2015-12-18"
"Comité de massif du Massif jurassien","Article 7 de la loi n° 85-30 du 9 janvier 1985","http://www.cget.gouv.fr/montagne/commissariats-de-massifs",,"M. Damien Abad","Membre suppléant","2017-11-17"
"Comité de massif du Massif jurassien","Article 7 de la loi n° 85-30 du 9 janvier 1985","http://www.cget.gouv.fr/montagne/commissariats-de-massifs",,"Mme Marie-Christine Dalloz","Membre titulaire","2022-10-21"
"Comité de massif du Massif jurassien","Article 7 de la loi n° 85-30 du 9 janvier 1985","http://www.cget.gouv.fr/montagne/commissariats-de-massifs",,"Mme Danielle Brulebois","Membre titulaire","2024-11-21"
"Comité de massif du Massif jurassien","Article 7 de la loi n° 85-30 du 9 janvier 1985","http://www.cget.gouv.fr/montagne/commissariats-de-massifs",,"Mme Annie Genevard","Membre suppléante","2017-11-17"
"Comité de massif du Massif jurassien","Article 7 de la loi n° 85-30 du 9 janvier 1985","http://www.cget.gouv.fr/montagne/commissariats-de-massifs",,"Mme Danielle Brulebois","Membre titulaire","2017-11-17"
"Comité de massif du Massif jurassien","Article 7 de la loi n° 85-30 du 9 janvier 1985","http://www.cget.gouv.fr/montagne/commissariats-de-massifs",,"M. Florian Chauche","Membre titulaire","2022-10-21"
"Comité de massif du Massif jurassien","Article 7 de la loi n° 85-30 du 9 janvier 1985","http://www.cget.gouv.fr/montagne/commissariats-de-massifs",,"M. Gabriel Amard","Membre titulaire","2024-11-21"
"Comité de massif du Massif jurassien","Article 7 de la loi n° 85-30 du 9 janvier 1985","http://www.cget.gouv.fr/montagne/commissariats-de-massifs",,"M. Frédéric Barbier","Membre titulaire","2017-11-17"
"Conseil d'administration de l'établissement d'hospitalisation public de Fresnes spécifiquement destiné à l'accueil des personnes incarcérées","Article R. 6147-73 du code de la santé publique",,,"M. Patrick Sève","Membre titulaire","1989-06-29"
"Conseil d'administration de l'établissement d'hospitalisation public de Fresnes spécifiquement destiné à l'accueil des personnes incarcérées","Article R. 6147-73 du code de la santé publique",,,"M. Jacques Alain Bénisti","Membre suppléant","2012-10-04"
"Conseil d'administration de l'établissement d'hospitalisation public de Fresnes spécifiquement destiné à l'accueil des personnes incarcérées","Article R. 6147-73 du code de la santé publique",,,"M. Patrick Sève","Membre suppléant","1997-09-19"
"Conseil d'administration de l'établissement d'hospitalisation public de Fresnes spécifiquement destiné à l'accueil des personnes incarcérées","Article R. 6147-73 du code de la santé publique",,,"Mme Christiane Papon","Membre suppléante","1988-12-09"
"Conseil d'administration de l'établissement d'hospitalisation public de Fresnes spécifiquement destiné à l'accueil des personnes incarcérées","Article R. 6147-73 du code de la santé publique",,,"M. Didier Gonzales","Membre titulaire","2007-07-31"
"Conseil d'administration de l'établissement d'hospitalisation public de Fresnes spécifiquement destiné à l'accueil des personnes incarcérées","Article R. 6147-73 du code de la santé publique",,,"M. Laurent Cathala","Membre suppléant","1993-05-13"
"Conseil d'administration de l'établissement d'hospitalisation public de Fresnes spécifiquement destiné à l'accueil des personnes incarcérées","Article R. 6147-73 du code de la santé publique",,,"M. Jean Bardet","Membre titulaire","1993-05-13"
"Conseil d'administration de l'établissement d'hospitalisation public de Fresnes spécifiquement destiné à l'accueil des personnes incarcérées","Article R. 6147-73 du code de la santé publique",,,"M. Laurent Cathala","Membre suppléant","1986-05-29"
"Conseil d'administration de l'établissement d'hospitalisation public de Fresnes spécifiquement destiné à l'accueil des personnes incarcérées","Article R. 6147-73 du code de la santé publique",,,"M. Jacques Roux","Membre titulaire","1986-05-29"
"Conseil d'administration de l'établissement d'hospitalisation public de Fresnes spécifiquement destiné à l'accueil des personnes incarcérées","Article R. 6147-73 du code de la santé publique",,,"M. Jean-Yves Le Bouillonnec","Membre titulaire","2012-10-04"
"Conseil d'administration de l'établissement d'hospitalisation public de Fresnes spécifiquement destiné à l'accueil des personnes incarcérées","Article R. 6147-73 du code de la santé publique",,,"Mme Jacqueline Fraysse","Membre suppléante","2007-07-31"
"Conseil d'administration de l'établissement d'hospitalisation public de Fresnes spécifiquement destiné à l'accueil des personnes incarcérées","Article R. 6147-73 du code de la santé publique",,,"M. Adrien Taquet","Membre titulaire","2017-10-09"
"Conseil d'administration de l'établissement d'hospitalisation public de Fresnes spécifiquement destiné à l'accueil des personnes incarcérées","Article R. 6147-73 du code de la santé publique",,,"Mme Christine Boutin","Membre titulaire","1997-09-19"
"Conseil d'administration de l'établissement d'hospitalisation public de Fresnes spécifiquement destiné à l'accueil des personnes incarcérées","Article R. 6147-73 du code de la santé publique",,,"Mme Maud Petit","Membre suppléante","2017-10-10"
"Conseil d'administration de l'établissement d'hospitalisation public de Fresnes spécifiquement destiné à l'accueil des personnes incarcérées","Article R. 6147-73 du code de la santé publique",,,"M. Pierre Tabanou","Membre titulaire","1988-12-08"
"Conseil d'orientation pour l'emploi","Article 34 de la loi n° 2018-699 du 3 août 2018","http://www.coe.gouv.fr/Presentation7597.html?id_article=320","30","M. Gérard Cherpion","Membre titulaire","2017-10-09"
"Conseil d'orientation pour l'emploi","Article 34 de la loi n° 2018-699 du 3 août 2018","http://www.coe.gouv.fr/Presentation7597.html?id_article=320","30","M. Alain Joyandet","Membre titulaire","2007-08-01"
"Conseil d'orientation pour l'emploi","Article 34 de la loi n° 2018-699 du 3 août 2018","http://www.coe.gouv.fr/Presentation7597.html?id_article=320","30","M. Alain Joyandet","Membre titulaire","2005-05-19"
"Conseil d'orientation pour l'emploi","Article 34 de la loi n° 2018-699 du 3 août 2018","http://www.coe.gouv.fr/Presentation7597.html?id_article=320","30","Mme Océane Godard","Membre titulaire","2024-11-27"
"Conseil d'orientation pour l'emploi","Article 34 de la loi n° 2018-699 du 3 août 2018","http://www.coe.gouv.fr/Presentation7597.html?id_article=320","30","Mme Alma Dufour","Membre titulaire","2022-10-21"
"Conseil d'orientation pour l'emploi","Article 34 de la loi n° 2018-699 du 3 août 2018","http://www.coe.gouv.fr/Presentation7597.html?id_article=320","30","M. Jean-Patrick Gille","Membre titulaire","2012-09-28"
"Conseil d'orientation pour l'emploi","Article 34 de la loi n° 2018-699 du 3 août 2018","http://www.coe.gouv.fr/Presentation7597.html?id_article=320","30","Mme Carole Grandjean","Membre titulaire","2017-10-09"
"Conseil d'orientation pour l'emploi","Article 34 de la loi n° 2018-699 du 3 août 2018","http://www.coe.gouv.fr/Presentation7597.html?id_article=320","30","M. Gaëtan Gorce","Membre titulaire","2011-01-14"
"Conseil d'orientation pour l'emploi","Article 34 de la loi n° 2018-699 du 3 août 2018","http://www.coe.gouv.fr/Presentation7597.html?id_article=320","30","Mme Danièle Hoffman-Rispal","Membre titulaire","2011-12-05"
"Conseil d'orientation pour l'emploi","Article 34 de la loi n° 2018-699 du 3 août 2018","http://www.coe.gouv.fr/Presentation7597.html?id_article=320","30","M. Gérard Cherpion","Membre titulaire","2011-09-12"
"Conseil d'orientation pour l'emploi","Article 34 de la loi n° 2018-699 du 3 août 2018","http://www.coe.gouv.fr/Presentation7597.html?id_article=320","30","M. Gaëtan Gorce","Membre titulaire","2007-08-01"
"Conseil d'orientation pour l'emploi","Article 34 de la loi n° 2018-699 du 3 août 2018","http://www.coe.gouv.fr/Presentation7597.html?id_article=320","30","M. Jean Le Garrec","Membre titulaire","2005-05-19"
"Conseil d'orientation pour l'emploi","Article 34 de la loi n° 2018-699 du 3 août 2018","http://www.coe.gouv.fr/Presentation7597.html?id_article=320","30","M. Stéphane Viry","Membre titulaire","2022-10-21"
"Conseil d'orientation pour l'emploi","Article 34 de la loi n° 2018-699 du 3 août 2018","http://www.coe.gouv.fr/Presentation7597.html?id_article=320","30","M. Gérard Cherpion","Membre titulaire","2012-09-28"
"Instance nationale du supportérisme","Article L. 224-2 du code du sport","http://www.sports.gouv.fr/accueil-du-site/a-la-une/article/Instance-nationale-du-supporterisme",,"M. Stéphane Testé","Membre titulaire","2017-10-09"
"Instance nationale du supportérisme","Article L. 224-2 du code du sport","http://www.sports.gouv.fr/accueil-du-site/a-la-une/article/Instance-nationale-du-supporterisme",,"M. David Habib","Membre titulaire","2022-10-21"
"Instance nationale du supportérisme","Article L. 224-2 du code du sport","http://www.sports.gouv.fr/accueil-du-site/a-la-une/article/Instance-nationale-du-supporterisme",,"Mme Claudia Rouaux","Membre titulaire","2024-11-06"
"Conférence nationale des services d'incendie et de secours","Article 44 de la loi n° 2004-811 du 13 août 2004","https://www.interieur.gouv.fr/Le-ministere/Securite-civile/Documentation-technique/Les-sapeurs-pompiers/Les-services-departementaux-d-incendie-et-de-secours/Conference-nationale-des-services-d-incendie-et-de-secours-CNIS","5","M. Bernard Derosier","Membre suppléant","2004-11-15"
"Conférence nationale des services d'incendie et de secours","Article 44 de la loi n° 2004-811 du 13 août 2004","https://www.interieur.gouv.fr/Le-ministere/Securite-civile/Documentation-technique/Les-sapeurs-pompiers/Les-services-departementaux-d-incendie-et-de-secours/Conference-nationale-des-services-d-incendie-et-de-secours-CNIS","5","M. Thierry Mariani","Membre titulaire","2005-05-13"
"Conférence nationale des services d'incendie et de secours","Article 44 de la loi n° 2004-811 du 13 août 2004","https://www.interieur.gouv.fr/Le-ministere/Securite-civile/Documentation-technique/Les-sapeurs-pompiers/Les-services-departementaux-d-incendie-et-de-secours/Conference-nationale-des-services-d-incendie-et-de-secours-CNIS","5","M. Jordi Ginesta","Membre suppléant","2012-08-29"
"Conférence nationale des services d'incendie et de secours","Article 44 de la loi n° 2004-811 du 13 août 2004","https://www.interieur.gouv.fr/Le-ministere/Securite-civile/Documentation-technique/Les-sapeurs-pompiers/Les-services-departementaux-d-incendie-et-de-secours/Conference-nationale-des-services-d-incendie-et-de-secours-CNIS","5","Mme Stéphanie Galzy","Membre titulaire","2024-11-06"
"Conférence nationale des services d'incendie et de secours","Article 44 de la loi n° 2004-811 du 13 août 2004","https://www.interieur.gouv.fr/Le-ministere/Securite-civile/Documentation-technique/Les-sapeurs-pompiers/Les-services-departementaux-d-incendie-et-de-secours/Conference-nationale-des-services-d-incendie-et-de-secours-CNIS","5","M. Jean-Marie Fiévet","Membre titulaire","2024-03-07"
"Conférence nationale des services d'incendie et de secours","Article 44 de la loi n° 2004-811 du 13 août 2004","https://www.interieur.gouv.fr/Le-ministere/Securite-civile/Documentation-technique/Les-sapeurs-pompiers/Les-services-departementaux-d-incendie-et-de-secours/Conference-nationale-des-services-d-incendie-et-de-secours-CNIS","5","M. Freddy Sertin","Membre titulaire","2022-10-21"
"Conférence nationale des services d'incendie et de secours","Article 44 de la loi n° 2004-811 du 13 août 2004","https://www.interieur.gouv.fr/Le-ministere/Securite-civile/Documentation-technique/Les-sapeurs-pompiers/Les-services-departementaux-d-incendie-et-de-secours/Conference-nationale-des-services-d-incendie-et-de-secours-CNIS","5","M. Jordi Ginesta","Membre titulaire","2011-06-09"
"Conférence nationale des services d'incendie et de secours","Article 44 de la loi n° 2004-811 du 13 août 2004","https://www.interieur.gouv.fr/Le-ministere/Securite-civile/Documentation-technique/Les-sapeurs-pompiers/Les-services-departementaux-d-incendie-et-de-secours/Conference-nationale-des-services-d-incendie-et-de-secours-CNIS","5","M. Fabien Matras","Membre titulaire","2021-10-14"
"Conférence nationale des services d'incendie et de secours","Article 44 de la loi n° 2004-811 du 13 août 2004","https://www.interieur.gouv.fr/Le-ministere/Securite-civile/Documentation-technique/Les-sapeurs-pompiers/Les-services-departementaux-d-incendie-et-de-secours/Conference-nationale-des-services-d-incendie-et-de-secours-CNIS","5","M. Jean-Pierre Dufau","Membre suppléant","2005-05-13"
"Conférence nationale des services d'incendie et de secours","Article 44 de la loi n° 2004-811 du 13 août 2004","https://www.interieur.gouv.fr/Le-ministere/Securite-civile/Documentation-technique/Les-sapeurs-pompiers/Les-services-departementaux-d-incendie-et-de-secours/Conference-nationale-des-services-d-incendie-et-de-secours-CNIS","5","Mme Josy Poueyto","Membre suppléante","2017-11-02"
"Conférence nationale des services d'incendie et de secours","Article 44 de la loi n° 2004-811 du 13 août 2004","https://www.interieur.gouv.fr/Le-ministere/Securite-civile/Documentation-technique/Les-sapeurs-pompiers/Les-services-departementaux-d-incendie-et-de-secours/Conference-nationale-des-services-d-incendie-et-de-secours-CNIS","5","M. Thierry Mariani","Membre titulaire","2004-11-15"
"Conférence nationale des services d'incendie et de secours","Article 44 de la loi n° 2004-811 du 13 août 2004","https://www.interieur.gouv.fr/Le-ministere/Securite-civile/Documentation-technique/Les-sapeurs-pompiers/Les-services-departementaux-d-incendie-et-de-secours/Conference-nationale-des-services-d-incendie-et-de-secours-CNIS","5","M. Jean-Pierre Dufau","Membre suppléant","2007-08-02"
"Conférence nationale des services d'incendie et de secours","Article 44 de la loi n° 2004-811 du 13 août 2004","https://www.interieur.gouv.fr/Le-ministere/Securite-civile/Documentation-technique/Les-sapeurs-pompiers/Les-services-departementaux-d-incendie-et-de-secours/Conference-nationale-des-services-d-incendie-et-de-secours-CNIS","5","M. Bernard Derosier","Membre suppléant","2011-06-28"
"Conférence nationale des services d'incendie et de secours","Article 44 de la loi n° 2004-811 du 13 août 2004","https://www.interieur.gouv.fr/Le-ministere/Securite-civile/Documentation-technique/Les-sapeurs-pompiers/Les-services-departementaux-d-incendie-et-de-secours/Conference-nationale-des-services-d-incendie-et-de-secours-CNIS","5","M. Sébastien Denaja","Membre titulaire","2012-08-29"
"Conseil d'orientation de la participation, de l'intéressement, de l'épargne salariale et de l'actionnariat salarié","Article L. 3346-1 du code du travail","http://travail-emploi.gouv.fr/ministere/acteurs/instances-rattachees/article/copiesas-conseil-d-orientation-de-la-participation-de-l-interessement-de-l","0","M. Hervé Novelli","Membre titulaire","2002-09-03"
"Conseil d'orientation de la participation, de l'intéressement, de l'épargne salariale et de l'actionnariat salarié","Article L. 3346-1 du code du travail","http://travail-emploi.gouv.fr/ministere/acteurs/instances-rattachees/article/copiesas-conseil-d-orientation-de-la-participation-de-l-interessement-de-l","0","M. Christophe Castaner","Membre titulaire","2012-09-03"
"Conseil d'orientation de la participation, de l'intéressement, de l'épargne salariale et de l'actionnariat salarié","Article L. 3346-1 du code du travail","http://travail-emploi.gouv.fr/ministere/acteurs/instances-rattachees/article/copiesas-conseil-d-orientation-de-la-participation-de-l-interessement-de-l","0","M. François Cornut-Gentille","Membre titulaire","2007-08-01"
"Conseil d'orientation de la participation, de l'intéressement, de l'épargne salariale et de l'actionnariat salarié","Article L. 3346-1 du code du travail","http://travail-emploi.gouv.fr/ministere/acteurs/instances-rattachees/article/copiesas-conseil-d-orientation-de-la-participation-de-l-interessement-de-l","0","M. Jacques Godfrain","Membre titulaire","1997-11-07"
"Conseil d'orientation de la participation, de l'intéressement, de l'épargne salariale et de l'actionnariat salarié","Article L. 3346-1 du code du travail","http://travail-emploi.gouv.fr/ministere/acteurs/instances-rattachees/article/copiesas-conseil-d-orientation-de-la-participation-de-l-interessement-de-l","0","Mme Bérengère Poletti","Membre titulaire","2017-11-02"
"Conseil d'orientation de la participation, de l'intéressement, de l'épargne salariale et de l'actionnariat salarié","Article L. 3346-1 du code du travail","http://travail-emploi.gouv.fr/ministere/acteurs/instances-rattachees/article/copiesas-conseil-d-orientation-de-la-participation-de-l-interessement-de-l","0","M. Marcel Roques","Membre titulaire","1995-07-14"
"Conseil d'orientation de la participation, de l'intéressement, de l'épargne salariale et de l'actionnariat salarié","Article L. 3346-1 du code du travail","http://travail-emploi.gouv.fr/ministere/acteurs/instances-rattachees/article/copiesas-conseil-d-orientation-de-la-participation-de-l-interessement-de-l","0","M. Jacques Godfrain","Membre titulaire","2002-09-03"
"Conseil d'orientation de la participation, de l'intéressement, de l'épargne salariale et de l'actionnariat salarié","Article L. 3346-1 du code du travail","http://travail-emploi.gouv.fr/ministere/acteurs/instances-rattachees/article/copiesas-conseil-d-orientation-de-la-participation-de-l-interessement-de-l","0","M. François Cornut-Gentille","Membre titulaire","2012-09-03"
"Conseil d'orientation de la participation, de l'intéressement, de l'épargne salariale et de l'actionnariat salarié","Article L. 3346-1 du code du travail","http://travail-emploi.gouv.fr/ministere/acteurs/instances-rattachees/article/copiesas-conseil-d-orientation-de-la-participation-de-l-interessement-de-l","0","M. Nicolas Forissier","Membre titulaire","2007-08-01"
"Conseil d'orientation de la participation, de l'intéressement, de l'épargne salariale et de l'actionnariat salarié","Article L. 3346-1 du code du travail","http://travail-emploi.gouv.fr/ministere/acteurs/instances-rattachees/article/copiesas-conseil-d-orientation-de-la-participation-de-l-interessement-de-l","0","M. Franck Marlin","Membre titulaire","1997-11-07"
"Conseil d'orientation de la participation, de l'intéressement, de l'épargne salariale et de l'actionnariat salarié","Article L. 3346-1 du code du travail","http://travail-emploi.gouv.fr/ministere/acteurs/instances-rattachees/article/copiesas-conseil-d-orientation-de-la-participation-de-l-interessement-de-l","0","M. Jean-Paul Charié","Membre titulaire","1995-07-14"
"Conseil d'orientation de la participation, de l'intéressement, de l'épargne salariale et de l'actionnariat salarié","Article L. 3346-1 du code du travail","http://travail-emploi.gouv.fr/ministere/acteurs/instances-rattachees/article/copiesas-conseil-d-orientation-de-la-participation-de-l-interessement-de-l","0","M. Aurélien Taché","Membre titulaire","2017-11-02"
"Conseil national de l'aménagement et du développement du territoire","Articles 3 de la loi 95-115 du 4 février 1995 et 1 du décret n° 2000-907 du 19 septembre 2000",,"0","M. Maurice Leroy","Membre titulaire","2002-08-01"
"Conseil national de l'aménagement et du développement du territoire","Articles 3 de la loi 95-115 du 4 février 1995 et 1 du décret n° 2000-907 du 19 septembre 2000",,"0","M. Christian Paul","Membre titulaire","1997-07-23"
"Conseil national de l'aménagement et du développement du territoire","Articles 3 de la loi 95-115 du 4 février 1995 et 1 du décret n° 2000-907 du 19 septembre 2000",,"0","M. Yves Deniaud","Membre titulaire","1997-07-23"
"Conseil national de l'aménagement et du développement du territoire","Articles 3 de la loi 95-115 du 4 février 1995 et 1 du décret n° 2000-907 du 19 septembre 2000",,"0","Mme Béatrice Marre","Membre titulaire","2000-10-26"
"Conseil national de l'aménagement et du développement du territoire","Articles 3 de la loi 95-115 du 4 février 1995 et 1 du décret n° 2000-907 du 19 septembre 2000",,"0","M. Patrick Ollier","Membre titulaire","1996-02-02"
"Conseil national de l'aménagement et du développement du territoire","Articles 3 de la loi 95-115 du 4 février 1995 et 1 du décret n° 2000-907 du 19 septembre 2000",,"0","Mme Marie-Françoise Perol-Dumont","Membre titulaire","2000-10-26"
"Conseil national de l'aménagement et du développement du territoire","Articles 3 de la loi 95-115 du 4 février 1995 et 1 du décret n° 2000-907 du 19 septembre 2000",,"0","M. Arnaud Cazin d'Honincthun","Membre titulaire","1996-02-02"
"Conseil national de l'aménagement et du développement du territoire","Articles 3 de la loi 95-115 du 4 février 1995 et 1 du décret n° 2000-907 du 19 septembre 2000",,"0","M. Olivier Dussopt","Membre titulaire","2012-09-28"
"Conseil national de l'aménagement et du développement du territoire","Articles 3 de la loi 95-115 du 4 février 1995 et 1 du décret n° 2000-907 du 19 septembre 2000",,"0","M. Jean-Pierre Dufau","Membre titulaire","2000-10-26"
"Conseil national de l'aménagement et du développement du territoire","Articles 3 de la loi 95-115 du 4 février 1995 et 1 du décret n° 2000-907 du 19 septembre 2000",,"0","Mme Sylvia Bassot","Membre titulaire","2007-08-01"
"Conseil national de l'aménagement et du développement du territoire","Articles 3 de la loi 95-115 du 4 février 1995 et 1 du décret n° 2000-907 du 19 septembre 2000",,"0","Mme Yolaine de Courson","Membre titulaire","2017-11-10"
"Conseil national de l'aménagement et du développement du territoire","Articles 3 de la loi 95-115 du 4 février 1995 et 1 du décret n° 2000-907 du 19 septembre 2000",,"0","M. Philippe Noguès","Membre titulaire","2012-09-28"
"Conseil national de l'aménagement et du développement du territoire","Articles 3 de la loi 95-115 du 4 février 1995 et 1 du décret n° 2000-907 du 19 septembre 2000",,"0","M. Louis Giscard d'Estaing","Membre titulaire","2007-08-01"
"Conseil national de l'aménagement et du développement du territoire","Articles 3 de la loi 95-115 du 4 février 1995 et 1 du décret n° 2000-907 du 19 septembre 2000",,"0","M. Marc Fesneau","Membre titulaire","2017-11-10"
"Conseil national de l'aménagement et du développement du territoire","Articles 3 de la loi 95-115 du 4 février 1995 et 1 du décret n° 2000-907 du 19 septembre 2000",,"0","M. Jean-Luc Warsmann","Membre titulaire","2007-08-01"
"Conseil national de l'aménagement et du développement du territoire","Articles 3 de la loi 95-115 du 4 février 1995 et 1 du décret n° 2000-907 du 19 septembre 2000",,"0","M. Jean-François Cesarini","Membre titulaire","2017-11-10"
"Conseil national de l'aménagement et du développement du territoire","Articles 3 de la loi 95-115 du 4 février 1995 et 1 du décret n° 2000-907 du 19 septembre 2000",,"0","M. Jean-Claude Lemoine","Membre titulaire","2002-08-01"
"Conseil national de l'aménagement et du développement du territoire","Articles 3 de la loi 95-115 du 4 février 1995 et 1 du décret n° 2000-907 du 19 septembre 2000",,"0","M. Philippe Folliot","Membre titulaire","2010-12-22"
"Conseil national de l'aménagement et du développement du territoire","Articles 3 de la loi 95-115 du 4 février 1995 et 1 du décret n° 2000-907 du 19 septembre 2000",,"0","Mme Sylvia Bassot","Membre titulaire","2002-08-01"
"Conseil national de l'aménagement et du développement du territoire","Articles 3 de la loi 95-115 du 4 février 1995 et 1 du décret n° 2000-907 du 19 septembre 2000",,"0","M. Jean-Luc Warsmann","Membre titulaire","2002-08-01"
"Conseil national de l'aménagement et du développement du territoire","Articles 3 de la loi 95-115 du 4 février 1995 et 1 du décret n° 2000-907 du 19 septembre 2000",,"0","M. Yves Deniaud","Membre titulaire","2000-10-26"
"Conseil national de l'aménagement et du développement du territoire","Articles 3 de la loi 95-115 du 4 février 1995 et 1 du décret n° 2000-907 du 19 septembre 2000",,"0","M. Arsène Lux","Membre titulaire","1996-02-02"
"Conseil national de l'aménagement et du développement du territoire","Articles 3 de la loi 95-115 du 4 février 1995 et 1 du décret n° 2000-907 du 19 septembre 2000",,"0","M. Jean-Pierre Balligand","Membre titulaire","1996-02-02"
"Conseil national de l'aménagement et du développement du territoire","Articles 3 de la loi 95-115 du 4 février 1995 et 1 du décret n° 2000-907 du 19 septembre 2000",,"0","M. Alain Calmette","Membre titulaire","2012-09-28"
"Conseil national de l'aménagement et du développement du territoire","Articles 3 de la loi 95-115 du 4 février 1995 et 1 du décret n° 2000-907 du 19 septembre 2000",,"0","M. Philippe Duron","Membre titulaire","2000-10-26"
"Conseil national de l'aménagement et du développement du territoire","Articles 3 de la loi 95-115 du 4 février 1995 et 1 du décret n° 2000-907 du 19 septembre 2000",,"0","Mme Annick Girardin","Membre titulaire","2012-09-28"
"Conseil national de l'aménagement et du développement du territoire","Articles 3 de la loi 95-115 du 4 février 1995 et 1 du décret n° 2000-907 du 19 septembre 2000",,"0","M. Émile Blessig","Membre titulaire","2007-08-01"
"Conseil national de l'aménagement et du développement du territoire","Articles 3 de la loi 95-115 du 4 février 1995 et 1 du décret n° 2000-907 du 19 septembre 2000",,"0","Mme Frédérique Meunier","Membre titulaire","2017-11-10"
"Conseil national de l'aménagement et du développement du territoire","Articles 3 de la loi 95-115 du 4 février 1995 et 1 du décret n° 2000-907 du 19 septembre 2000",,"0","M. Martial Saddier","Membre titulaire","2012-09-28"
"Conseil national de l'aménagement et du développement du territoire","Articles 3 de la loi 95-115 du 4 février 1995 et 1 du décret n° 2000-907 du 19 septembre 2000",,"0","M. Maurice Leroy","Membre titulaire","2007-08-01"
"Conseil national de l'aménagement et du développement du territoire","Articles 3 de la loi 95-115 du 4 février 1995 et 1 du décret n° 2000-907 du 19 septembre 2000",,"0","M. François Pupponi","Membre titulaire","2017-11-10"
"Conseil national de l'aménagement et du développement du territoire","Articles 3 de la loi 95-115 du 4 février 1995 et 1 du décret n° 2000-907 du 19 septembre 2000",,"0","M. Pierre Bourguignon","Membre titulaire","1997-07-23"
"Conseil national de l'aménagement et du développement du territoire","Articles 3 de la loi 95-115 du 4 février 1995 et 1 du décret n° 2000-907 du 19 septembre 2000",,"0","Mme Béatrice Marre","Membre titulaire","1997-07-23"
"Conseil national de l'aménagement et du développement du territoire","Articles 3 de la loi 95-115 du 4 février 1995 et 1 du décret n° 2000-907 du 19 septembre 2000",,"0","M. Louis Giscard d'Estaing","Membre titulaire","2002-08-01"
"Conseil national de l'emploi, de la formation et de l'orientation professionnelles","Articles L. 6123-2 et R. 6123-1-8 et R. 6123-1-11 du code du travail","http://www.cnefop.gouv.fr/","68","M. Jean-Patrick Gille","Membre titulaire","2014-10-14"
"Conseil national de l'emploi, de la formation et de l'orientation professionnelles","Articles L. 6123-2 et R. 6123-1-8 et R. 6123-1-11 du code du travail","http://www.cnefop.gouv.fr/","68","M. Sylvain Maillard","Membre titulaire","2017-11-02"
"Conseil national de l'emploi, de la formation et de l'orientation professionnelles","Articles L. 6123-2 et R. 6123-1-8 et R. 6123-1-11 du code du travail","http://www.cnefop.gouv.fr/","68","Mme Monique Iborra","Membre suppléante","2014-10-14"
"Conseil national de l'emploi, de la formation et de l'orientation professionnelles","Articles L. 6123-2 et R. 6123-1-8 et R. 6123-1-11 du code du travail","http://www.cnefop.gouv.fr/","68","Mme Isabelle Valentin","Membre suppléante","2017-11-02"
"Commission d'accès aux documents administratifs","Article L. 341 du code des relations entre le public et l'administration","http://www.cada.fr/composition,6076.html",,"M. Pierre Albertini","Membre suppléant","2002-09-03"
"Commission d'accès aux documents administratifs","Article L. 341 du code des relations entre le public et l'administration","http://www.cada.fr/composition,6076.html",,"Mme Nicole Feidt","Membre titulaire","2000-07-21"
"Commission d'accès aux documents administratifs","Article L. 341 du code des relations entre le public et l'administration","http://www.cada.fr/composition,6076.html",,"M. Raoul Béteille","Membre titulaire","1996-06-17"
"Commission d'accès aux documents administratifs","Article L. 341 du code des relations entre le public et l'administration","http://www.cada.fr/composition,6076.html",,"M. Claude Gaits","Membre titulaire","1991-07-19"
"Commission d'accès aux documents administratifs","Article L. 341 du code des relations entre le public et l'administration","http://www.cada.fr/composition,6076.html",,"M. Michel Hunault","Membre suppléant","2007-08-01"
"Commission d'accès aux documents administratifs","Article L. 341 du code des relations entre le public et l'administration","http://www.cada.fr/composition,6076.html",,"Mme Cécile Untermaier","Membre suppléante","2018-06-11"
"Commission d'accès aux documents administratifs","Article L. 341 du code des relations entre le public et l'administration","http://www.cada.fr/composition,6076.html",,"Mme Emmanuelle Anthoine","Membre suppléante","2017-10-05"
"Commission d'accès aux documents administratifs","Article L. 341 du code des relations entre le public et l'administration","http://www.cada.fr/composition,6076.html",,"M. François Massot","Membre titulaire","1988-07-10"
"Commission d'accès aux documents administratifs","Article L. 341 du code des relations entre le public et l'administration","http://www.cada.fr/composition,6076.html",,"M. Rémy Rebeyrotte","Membre titulaire","2019-09-11"
"Commission d'accès aux documents administratifs","Article L. 341 du code des relations entre le public et l'administration","http://www.cada.fr/composition,6076.html",,"M. Dimitri Houbron","Membre titulaire","2017-10-05"
"Commission d'accès aux documents administratifs","Article L. 341 du code des relations entre le public et l'administration","http://www.cada.fr/composition,6076.html",,"Mme Marie-José Allemand","Membre titulaire","2024-11-06"
"Commission d'accès aux documents administratifs","Article L. 341 du code des relations entre le public et l'administration","http://www.cada.fr/composition,6076.html",,"M. René Dosière","Membre titulaire","2012-09-05"
"Commission d'accès aux documents administratifs","Article L. 341 du code des relations entre le public et l'administration","http://www.cada.fr/composition,6076.html",,"Mme Nicole Feidt","Membre titulaire","1997-06-26"
"Commission d'accès aux documents administratifs","Article L. 341 du code des relations entre le public et l'administration","http://www.cada.fr/composition,6076.html",,"Mme Michèle Martinez","Membre suppléante","2022-08-06"
"Commission d'accès aux documents administratifs","Article L. 341 du code des relations entre le public et l'administration","http://www.cada.fr/composition,6076.html",,"M. Émile Blessig","Membre titulaire","2005-12-21"
"Commission d'accès aux documents administratifs","Article L. 341 du code des relations entre le public et l'administration","http://www.cada.fr/composition,6076.html",,"M. Émile Blessig","Membre titulaire","2002-09-03"
"Commission d'accès aux documents administratifs","Article L. 341 du code des relations entre le public et l'administration","http://www.cada.fr/composition,6076.html",,"M. Christian Franqueville","Membre suppléant","2000-07-21"
"Commission d'accès aux documents administratifs","Article L. 341 du code des relations entre le public et l'administration","http://www.cada.fr/composition,6076.html",,"M. Jacques Floch","Membre suppléant","1996-06-17"
"Commission d'accès aux documents administratifs","Article L. 341 du code des relations entre le public et l'administration","http://www.cada.fr/composition,6076.html",,"M. François Massot","Membre suppléant","1991-07-19"
"Commission d'accès aux documents administratifs","Article L. 341 du code des relations entre le public et l'administration","http://www.cada.fr/composition,6076.html",,"M. Robert Savy","Membre suppléant","1988-07-10"
"Commission d'accès aux documents administratifs","Article L. 341 du code des relations entre le public et l'administration","http://www.cada.fr/composition,6076.html",,"M. Émile Blessig","Membre titulaire","2007-08-02"
"Commission d'accès aux documents administratifs","Article L. 341 du code des relations entre le public et l'administration","http://www.cada.fr/composition,6076.html",,"M. François Vannson","Membre titulaire","2008-02-06"
"Commission d'accès aux documents administratifs","Article L. 341 du code des relations entre le public et l'administration","http://www.cada.fr/composition,6076.html",,"M. Gérard Léonard","Membre titulaire","1986-05-22"
"Commission d'accès aux documents administratifs","Article L. 341 du code des relations entre le public et l'administration","http://www.cada.fr/composition,6076.html",,"M. Arnaud Bonnet","Membre suppléant","2024-11-06"
"Commission d'accès aux documents administratifs","Article L. 341 du code des relations entre le public et l'administration","http://www.cada.fr/composition,6076.html",,"M. Dominique Bussereau","Membre suppléant","1986-05-22"
"Commission d'accès aux documents administratifs","Article L. 341 du code des relations entre le public et l'administration","http://www.cada.fr/composition,6076.html",,"Mme Eva Sas","Membre suppléante","2012-09-05"
"Commission d'accès aux documents administratifs","Article L. 341 du code des relations entre le public et l'administration","http://www.cada.fr/composition,6076.html",,"M. Patrice Perrot","Membre titulaire","2022-08-06"
"Commission d'accès aux documents administratifs","Article L. 341 du code des relations entre le public et l'administration","http://www.cada.fr/composition,6076.html",,"M. Christian Franqueville","Membre suppléant","1997-06-26"
"Commission d'accès aux documents administratifs","Article L. 341 du code des relations entre le public et l'administration","http://www.cada.fr/composition,6076.html",,"M. Pierre Albertini","Membre suppléant","2005-12-21"
"Comité de massif du Massif vosgiens","Article 7 de la loi n° 85-30 du 9 janvier 1985","http://www.cget.gouv.fr/montagne/commissariats-de-massifs",,"Mme Bérangère Abba","Membre titulaire","2017-11-17"
"Comité de massif du Massif vosgiens","Article 7 de la loi n° 85-30 du 9 janvier 1985","http://www.cget.gouv.fr/montagne/commissariats-de-massifs",,"M. Christophe Naegelen","Membre titulaire","2017-11-17"
"Comité de massif du Massif vosgiens","Article 7 de la loi n° 85-30 du 9 janvier 1985","http://www.cget.gouv.fr/montagne/commissariats-de-massifs",,"Mme Laurence Robert-Dehault","Membre titulaire","2022-10-21"
"Comité de massif du Massif vosgiens","Article 7 de la loi n° 85-30 du 9 janvier 1985","http://www.cget.gouv.fr/montagne/commissariats-de-massifs",,"Mme Barbara Bessot Ballot","Membre titulaire","2017-11-17"
"Comité de massif du Massif vosgiens","Article 7 de la loi n° 85-30 du 9 janvier 1985","http://www.cget.gouv.fr/montagne/commissariats-de-massifs",,"M. Laurent Furst","Membre suppléant","2017-11-17"
"Comité de massif du Massif vosgiens","Article 7 de la loi n° 85-30 du 9 janvier 1985","http://www.cget.gouv.fr/montagne/commissariats-de-massifs",,"M. Christophe Naegelen","Membre titulaire","2022-10-21"
"Comité de massif du Massif vosgiens","Article 7 de la loi n° 85-30 du 9 janvier 1985","http://www.cget.gouv.fr/montagne/commissariats-de-massifs",,"M. Hubert Ott","Membre titulaire","2024-11-27"
"Comité de massif du Massif vosgiens","Article 7 de la loi n° 85-30 du 9 janvier 1985","http://www.cget.gouv.fr/montagne/commissariats-de-massifs",,"Mme Carole Grandjean","Membre titulaire","2020-12-08"
"Haut Conseil à la vie associative","Article 63 de la loi n° 2014-856 du 31 juillet 2014","https://www.associations.gouv.fr/la-composition-du-hcva.html","35","M. Philippe Pradal","Membre titulaire","2022-10-21"
"Haut Conseil à la vie associative","Article 63 de la loi n° 2014-856 du 31 juillet 2014","https://www.associations.gouv.fr/la-composition-du-hcva.html","35","M. Alexandre Freschi","Membre titulaire","2017-12-21"
"Haut Conseil à la vie associative","Article 63 de la loi n° 2014-856 du 31 juillet 2014","https://www.associations.gouv.fr/la-composition-du-hcva.html","35","Mme Muriel Marland-Militello","Membre titulaire","2011-07-18"
"Haut Conseil à la vie associative","Article 63 de la loi n° 2014-856 du 31 juillet 2014","https://www.associations.gouv.fr/la-composition-du-hcva.html","35","M. Malek Boutih","Membre titulaire","2012-09-03"
"Haut Conseil à la vie associative","Article 63 de la loi n° 2014-856 du 31 juillet 2014","https://www.associations.gouv.fr/la-composition-du-hcva.html","35","Mme Béatrice Bellamy","Membre titulaire","2024-11-06"
"Haut Conseil à la vie associative","Article 63 de la loi n° 2014-856 du 31 juillet 2014","https://www.associations.gouv.fr/la-composition-du-hcva.html","35","Mme Valérie Bazin-Malgras","Membre suppléante","2017-12-22"
"Comité local d'information et de suivi du laboratoire souterrain de Bure","Article L. 542-13 du code de l’environnement","http://www.clis-bure.com/cadres/c_role.html",,"M. Raphaël Schellenberger","Membre titulaire","2022-10-21"
"Comité local d'information et de suivi du laboratoire souterrain de Bure","Article L. 542-13 du code de l’environnement","http://www.clis-bure.com/cadres/c_role.html",,"M. Christophe Bex","Membre titulaire","2024-11-06"
"Comité local d'information et de suivi du laboratoire souterrain de Bure","Article L. 542-13 du code de l’environnement","http://www.clis-bure.com/cadres/c_role.html",,"M. Jean-Louis Dumont","Membre titulaire","2012-10-04"
"Comité local d'information et de suivi du laboratoire souterrain de Bure","Article L. 542-13 du code de l’environnement","http://www.clis-bure.com/cadres/c_role.html",,"M. François Dosé","Membre titulaire","1999-10-12"
"Comité local d'information et de suivi du laboratoire souterrain de Bure","Article L. 542-13 du code de l’environnement","http://www.clis-bure.com/cadres/c_role.html",,"M. Jean-Louis Dumont","Membre titulaire","2007-08-10"
"Comité local d'information et de suivi du laboratoire souterrain de Bure","Article L. 542-13 du code de l’environnement","http://www.clis-bure.com/cadres/c_role.html",,"M. François Dosé","Membre titulaire","2002-08-01"
"Comité local d'information et de suivi du laboratoire souterrain de Bure","Article L. 542-13 du code de l’environnement","http://www.clis-bure.com/cadres/c_role.html",,"Mme Émilie Cariou","Membre titulaire","2017-11-21"
"Comité local d'information et de suivi du laboratoire souterrain de Bure","Article L. 542-13 du code de l’environnement","http://www.clis-bure.com/cadres/c_role.html",,"Mme Charlotte Leduc","Membre titulaire","2022-10-21"
"Comité local d'information et de suivi du laboratoire souterrain de Bure","Article L. 542-13 du code de l’environnement","http://www.clis-bure.com/cadres/c_role.html",,"Mme Florence Goulet","Membre titulaire","2024-11-06"
"Comité local d'information et de suivi du laboratoire souterrain de Bure","Article L. 542-13 du code de l’environnement","http://www.clis-bure.com/cadres/c_role.html",,"M. François Cornut-Gentille","Membre titulaire","2012-10-04"
"Comité local d'information et de suivi du laboratoire souterrain de Bure","Article L. 542-13 du code de l’environnement","http://www.clis-bure.com/cadres/c_role.html",,"M. Jean-Louis Dumont","Membre titulaire","1999-10-12"
"Comité local d'information et de suivi du laboratoire souterrain de Bure","Article L. 542-13 du code de l’environnement","http://www.clis-bure.com/cadres/c_role.html",,"M. Bertrand Pancher","Membre titulaire","2007-08-10"
"Comité local d'information et de suivi du laboratoire souterrain de Bure","Article L. 542-13 du code de l’environnement","http://www.clis-bure.com/cadres/c_role.html",,"M. Jean-Claude Lenoir","Membre titulaire","2002-08-01"
"Comité local d'information et de suivi du laboratoire souterrain de Bure","Article L. 542-13 du code de l’environnement","http://www.clis-bure.com/cadres/c_role.html",,"M. Julien Aubert","Membre titulaire","2017-11-21"
"Conseil d'administration de la société Radio-France","Article 47-2 de la loi n° 86-1067 du 30 septembre 1986","http://www.radiofrance.fr/l-entreprise/conseil-d-administration","0","M. Jean-Pierre Bequet","Membre titulaire","1988-11-18"
"Conseil d'administration de la société Radio-France","Article 47-2 de la loi n° 86-1067 du 30 septembre 1986","http://www.radiofrance.fr/l-entreprise/conseil-d-administration","0","M. Michel Françaix","Membre titulaire","2012-07-25"
"Conseil d'administration de la société Radio-France","Article 47-2 de la loi n° 86-1067 du 30 septembre 1986","http://www.radiofrance.fr/l-entreprise/conseil-d-administration","0","M. Rudy Salles","Membre titulaire","1995-10-26"
"Conseil d'administration de la société Radio-France","Article 47-2 de la loi n° 86-1067 du 30 septembre 1986","http://www.radiofrance.fr/l-entreprise/conseil-d-administration","0","Mme Christine Boutin","Membre titulaire","1986-12-12"
"Conseil d'administration de la société Radio-France","Article 47-2 de la loi n° 86-1067 du 30 septembre 1986","http://www.radiofrance.fr/l-entreprise/conseil-d-administration","0","M. Jérémie Patrier-Leitus","Membre titulaire","2023-01-18"
"Conseil d'administration de la société Radio-France","Article 47-2 de la loi n° 86-1067 du 30 septembre 1986","http://www.radiofrance.fr/l-entreprise/conseil-d-administration","0","M. Christian Kert","Membre titulaire","2000-10-11"
"Conseil d'administration de la société Radio-France","Article 47-2 de la loi n° 86-1067 du 30 septembre 1986","http://www.radiofrance.fr/l-entreprise/conseil-d-administration","0","M. Jean-Pierre Bequet","Membre titulaire","1992-12-20"
"Conseil d'administration de la société Radio-France","Article 47-2 de la loi n° 86-1067 du 30 septembre 1986","http://www.radiofrance.fr/l-entreprise/conseil-d-administration","0","M. Bernard Brochand","Membre titulaire","2007-08-01"
"Conseil d'administration de la société Radio-France","Article 47-2 de la loi n° 86-1067 du 30 septembre 1986","http://www.radiofrance.fr/l-entreprise/conseil-d-administration","0","Mme Prisca Thevenot","Membre titulaire","2024-10-02"
"Conseil d'administration de la société Radio-France","Article 47-2 de la loi n° 86-1067 du 30 septembre 1986","http://www.radiofrance.fr/l-entreprise/conseil-d-administration","0","Mme Céline Calvez","Membre titulaire","2017-11-10"
"Conseil d'administration de la société Radio-France","Article 47-2 de la loi n° 86-1067 du 30 septembre 1986","http://www.radiofrance.fr/l-entreprise/conseil-d-administration","0","M. Michel Pelchat","Membre titulaire","1993-05-14"
"Conseil d'administration de la société Radio-France","Article 47-2 de la loi n° 86-1067 du 30 septembre 1986","http://www.radiofrance.fr/l-entreprise/conseil-d-administration","0","M. Bernard Brochand","Membre titulaire","2002-08-01"
"Conseil d'administration de la société Radio-France","Article 47-2 de la loi n° 86-1067 du 30 septembre 1986","http://www.radiofrance.fr/l-entreprise/conseil-d-administration","0","M. Jean-Pierre Bequet","Membre titulaire","1989-12-14"
"Conseil d'administration de la société Radio-France","Article 47-2 de la loi n° 86-1067 du 30 septembre 1986","http://www.radiofrance.fr/l-entreprise/conseil-d-administration","0","M. Rudy Salles","Membre titulaire","1997-09-19"
"Commission des comptes de la sécurité sociale","Article L. 114-1 du code de la sécurité sociale","http://www.securite-sociale.fr/Membres-de-la-CCSS,259","2","M. Étienne Pinte","Membre titulaire","1987-09-09"
"Commission des comptes de la sécurité sociale","Article L. 114-1 du code de la sécurité sociale","http://www.securite-sociale.fr/Membres-de-la-CCSS,259","2","Mme Stéphanie Rist","Membre titulaire","2022-08-06"
"Commission des comptes de la sécurité sociale","Article L. 114-1 du code de la sécurité sociale","http://www.securite-sociale.fr/Membres-de-la-CCSS,259","2","M. Claude Evin","Membre titulaire","2002-07-09"
"Commission des comptes de la sécurité sociale","Article L. 114-1 du code de la sécurité sociale","http://www.securite-sociale.fr/Membres-de-la-CCSS,259","2","M. Jean-Pierre Sueur","Membre titulaire","1988-07-20"
"Commission des comptes de la sécurité sociale","Article L. 114-1 du code de la sécurité sociale","http://www.securite-sociale.fr/Membres-de-la-CCSS,259","2","M. Yves Bur","Membre titulaire","2002-07-09"
"Commission des comptes de la sécurité sociale","Article L. 114-1 du code de la sécurité sociale","http://www.securite-sociale.fr/Membres-de-la-CCSS,259","2","M. Michel Coffineau","Membre titulaire","1988-07-20"
"Commission des comptes de la sécurité sociale","Article L. 114-1 du code de la sécurité sociale","http://www.securite-sociale.fr/Membres-de-la-CCSS,259","2","M. Pierre Morange","Membre titulaire","2004-06-07"
"Commission des comptes de la sécurité sociale","Article L. 114-1 du code de la sécurité sociale","http://www.securite-sociale.fr/Membres-de-la-CCSS,259","2","M. Jacques Barrot","Membre titulaire","1987-07-09"
"Commission des comptes de la sécurité sociale","Article L. 114-1 du code de la sécurité sociale","http://www.securite-sociale.fr/Membres-de-la-CCSS,259","2","M. Yannick Neuder","Membre titulaire","2024-11-06"
"Commission des comptes de la sécurité sociale","Article L. 114-1 du code de la sécurité sociale","http://www.securite-sociale.fr/Membres-de-la-CCSS,259","2","M. Alain Claeys","Membre titulaire","2007-08-01"
"Commission des comptes de la sécurité sociale","Article L. 114-1 du code de la sécurité sociale","http://www.securite-sociale.fr/Membres-de-la-CCSS,259","2","M. Stéphane Viry","Membre titulaire","2024-11-06"
"Commission des comptes de la sécurité sociale","Article L. 114-1 du code de la sécurité sociale","http://www.securite-sociale.fr/Membres-de-la-CCSS,259","2","M. Bernard Perrut","Membre titulaire","2007-08-01"
"Commission des comptes de la sécurité sociale","Article L. 114-1 du code de la sécurité sociale","http://www.securite-sociale.fr/Membres-de-la-CCSS,259","2","Mme Muguette Jacquaint","Membre titulaire","1997-10-02"
"Commission des comptes de la sécurité sociale","Article L. 114-1 du code de la sécurité sociale","http://www.securite-sociale.fr/Membres-de-la-CCSS,259","2","M. Joël Aviragnet","Membre titulaire","2018-11-27"
"Commission des comptes de la sécurité sociale","Article L. 114-1 du code de la sécurité sociale","http://www.securite-sociale.fr/Membres-de-la-CCSS,259","2","M. Jean-Yves Chamard","Membre titulaire","1993-05-27"
"Commission des comptes de la sécurité sociale","Article L. 114-1 du code de la sécurité sociale","http://www.securite-sociale.fr/Membres-de-la-CCSS,259","2","M. Jacques Barrot","Membre titulaire","1986-06-18"
"Commission des comptes de la sécurité sociale","Article L. 114-1 du code de la sécurité sociale","http://www.securite-sociale.fr/Membres-de-la-CCSS,259","2","Mme Audrey Dufeu","Membre titulaire","2017-07-21"
"Commission des comptes de la sécurité sociale","Article L. 114-1 du code de la sécurité sociale","http://www.securite-sociale.fr/Membres-de-la-CCSS,259","2","M. Claude Bartolone","Membre titulaire","1993-05-27"
"Commission des comptes de la sécurité sociale","Article L. 114-1 du code de la sécurité sociale","http://www.securite-sociale.fr/Membres-de-la-CCSS,259","2","Mme Agnès Firmin Le Bodo","Membre titulaire","2017-07-21"
"Commission des comptes de la sécurité sociale","Article L. 114-1 du code de la sécurité sociale","http://www.securite-sociale.fr/Membres-de-la-CCSS,259","2","M. Alain Claeys","Membre titulaire","2004-11-08"
"Commission des comptes de la sécurité sociale","Article L. 114-1 du code de la sécurité sociale","http://www.securite-sociale.fr/Membres-de-la-CCSS,259","2","M. Gérard Bapt","Membre titulaire","2012-07-05"
"Commission des comptes de la sécurité sociale","Article L. 114-1 du code de la sécurité sociale","http://www.securite-sociale.fr/Membres-de-la-CCSS,259","2","M. Jean-Luc Préel","Membre titulaire","1993-05-27"
"Commission des comptes de la sécurité sociale","Article L. 114-1 du code de la sécurité sociale","http://www.securite-sociale.fr/Membres-de-la-CCSS,259","2","M. Pierre Morange","Membre titulaire","2012-07-05"
"Commission des comptes de la sécurité sociale","Article L. 114-1 du code de la sécurité sociale","http://www.securite-sociale.fr/Membres-de-la-CCSS,259","2","M. Bernard Accoyer","Membre titulaire","1997-10-02"
"Commission des comptes de la sécurité sociale","Article L. 114-1 du code de la sécurité sociale","http://www.securite-sociale.fr/Membres-de-la-CCSS,259","2","M. Bernard Accoyer","Membre titulaire","1995-07-08"
"Commission des comptes de la sécurité sociale","Article L. 114-1 du code de la sécurité sociale","http://www.securite-sociale.fr/Membres-de-la-CCSS,259","2","M. Cyrille Isaac-Sibille","Membre titulaire","2022-08-06"
"Commission des comptes de la sécurité sociale","Article L. 114-1 du code de la sécurité sociale","http://www.securite-sociale.fr/Membres-de-la-CCSS,259","2","M. Stéphane Viry","Membre titulaire","2022-08-06"
"Commission des comptes de la sécurité sociale","Article L. 114-1 du code de la sécurité sociale","http://www.securite-sociale.fr/Membres-de-la-CCSS,259","2","M. Bernard Accoyer","Membre titulaire","2002-07-09"
"Commission des comptes de la sécurité sociale","Article L. 114-1 du code de la sécurité sociale","http://www.securite-sociale.fr/Membres-de-la-CCSS,259","2","Mme Élisabeth Hubert","Membre titulaire","1993-05-27"
"Commission des comptes de la sécurité sociale","Article L. 114-1 du code de la sécurité sociale","http://www.securite-sociale.fr/Membres-de-la-CCSS,259","2","M. Jacques Barrot","Membre titulaire","1988-07-20"
"Commission des comptes de la sécurité sociale","Article L. 114-1 du code de la sécurité sociale","http://www.securite-sociale.fr/Membres-de-la-CCSS,259","2","M. Philippe Auberger","Membre titulaire","1987-07-09"
"Commission des comptes de la sécurité sociale","Article L. 114-1 du code de la sécurité sociale","http://www.securite-sociale.fr/Membres-de-la-CCSS,259","2","Mme Joëlle Mélin","Membre titulaire","2024-11-06"
"Commission des comptes de la sécurité sociale","Article L. 114-1 du code de la sécurité sociale","http://www.securite-sociale.fr/Membres-de-la-CCSS,259","2","M. François Goulard","Membre titulaire","2002-07-09"
"Commission des comptes de la sécurité sociale","Article L. 114-1 du code de la sécurité sociale","http://www.securite-sociale.fr/Membres-de-la-CCSS,259","2","M. Jean-Paul Bacquet","Membre titulaire","1997-10-02"
"Commission des comptes de la sécurité sociale","Article L. 114-1 du code de la sécurité sociale","http://www.securite-sociale.fr/Membres-de-la-CCSS,259","2","M. Robert Loidi","Membre titulaire","1988-07-20"
"Commission des comptes de la sécurité sociale","Article L. 114-1 du code de la sécurité sociale","http://www.securite-sociale.fr/Membres-de-la-CCSS,259","2","M. Bernard Perrut","Membre titulaire","2004-06-07"
"Commission des comptes de la sécurité sociale","Article L. 114-1 du code de la sécurité sociale","http://www.securite-sociale.fr/Membres-de-la-CCSS,259","2","M. Yves Bur","Membre titulaire","2007-08-01"
"Commission des comptes de la sécurité sociale","Article L. 114-1 du code de la sécurité sociale","http://www.securite-sociale.fr/Membres-de-la-CCSS,259","2","M. Michel Coffineau","Membre titulaire","1987-07-09"
"Commission des comptes de la sécurité sociale","Article L. 114-1 du code de la sécurité sociale","http://www.securite-sociale.fr/Membres-de-la-CCSS,259","2","Mme Élise Leboucher","Membre titulaire","2024-11-06"
"Commission des comptes de la sécurité sociale","Article L. 114-1 du code de la sécurité sociale","http://www.securite-sociale.fr/Membres-de-la-CCSS,259","2","Mme Marisol Touraine","Membre titulaire","1997-10-02"
"Commission des comptes de la sécurité sociale","Article L. 114-1 du code de la sécurité sociale","http://www.securite-sociale.fr/Membres-de-la-CCSS,259","2","M. Pierre Morange","Membre titulaire","2007-08-01"
"Commission des comptes de la sécurité sociale","Article L. 114-1 du code de la sécurité sociale","http://www.securite-sociale.fr/Membres-de-la-CCSS,259","2","M. Étienne Pinte","Membre titulaire","1986-06-18"
"Commission des comptes de la sécurité sociale","Article L. 114-1 du code de la sécurité sociale","http://www.securite-sociale.fr/Membres-de-la-CCSS,259","2","M. Gérard Bapt","Membre titulaire","2009-01-28"
"Commission des comptes de la sécurité sociale","Article L. 114-1 du code de la sécurité sociale","http://www.securite-sociale.fr/Membres-de-la-CCSS,259","2","M. Olivier Véran","Membre titulaire","2017-07-21"
"Commission des comptes de la sécurité sociale","Article L. 114-1 du code de la sécurité sociale","http://www.securite-sociale.fr/Membres-de-la-CCSS,259","2","M. Thomas Mesnier","Membre titulaire","2020-10-21"
"Commission des comptes de la sécurité sociale","Article L. 114-1 du code de la sécurité sociale","http://www.securite-sociale.fr/Membres-de-la-CCSS,259","2","M. Stéphane Le Foll","Membre titulaire","2017-07-21"
"Commission des comptes de la sécurité sociale","Article L. 114-1 du code de la sécurité sociale","http://www.securite-sociale.fr/Membres-de-la-CCSS,259","2","M. Christian Paul","Membre titulaire","2012-07-05"
"Commission des comptes de la sécurité sociale","Article L. 114-1 du code de la sécurité sociale","http://www.securite-sociale.fr/Membres-de-la-CCSS,259","2","Mme Linda Gourjade","Membre titulaire","2012-07-05"
"Commission des comptes de la sécurité sociale","Article L. 114-1 du code de la sécurité sociale","http://www.securite-sociale.fr/Membres-de-la-CCSS,259","2","M. Bernard Poignant","Membre titulaire","1991-06-26"
"Commission des comptes de la sécurité sociale","Article L. 114-1 du code de la sécurité sociale","http://www.securite-sociale.fr/Membres-de-la-CCSS,259","2","Mme Farida Amrani","Membre titulaire","2022-08-06"
"Conseil d’administration de la société France Télévisions","article 47-1 de la loi n° 86-1067 du 30 septembre 1986",,,"Mme Aurore Bergé","Membre titulaire","2022-09-28"
"Comité de suivi de la loi d'orientation et de programmation pour la refondation de l'école de la République ","Article 88 de la loi n° 2013-595 du 8 juillet 2013",,,"M. Jean-Noël Carpentier","Membre titulaire","2014-04-16"
"Comité de suivi de la loi d'orientation et de programmation pour la refondation de l'école de la République ","Article 88 de la loi n° 2013-595 du 8 juillet 2013",,,"Mme Fabienne Colboc","Membre titulaire","2017-11-17"
"Comité de suivi de la loi d'orientation et de programmation pour la refondation de l'école de la République ","Article 88 de la loi n° 2013-595 du 8 juillet 2013",,,"Mme Martine Faure","Membre titulaire","2014-04-16"
"Comité de suivi de la loi d'orientation et de programmation pour la refondation de l'école de la République ","Article 88 de la loi n° 2013-595 du 8 juillet 2013",,,"Mme Anne Brugnera","Membre titulaire","2017-11-16"
"Comité de suivi de la loi d'orientation et de programmation pour la refondation de l'école de la République ","Article 88 de la loi n° 2013-595 du 8 juillet 2013",,,"M. Yves Durand","Président","2014-04-16"
"Comité de suivi de la loi d'orientation et de programmation pour la refondation de l'école de la République ","Article 88 de la loi n° 2013-595 du 8 juillet 2013",,,"M. Yannick Kerlogot","Membre titulaire","2017-11-17"
"Comité de suivi de la loi d'orientation et de programmation pour la refondation de l'école de la République ","Article 88 de la loi n° 2013-595 du 8 juillet 2013",,,"M. Yves Durand","Membre titulaire","2014-04-16"
"Comité de suivi de la loi d'orientation et de programmation pour la refondation de l'école de la République ","Article 88 de la loi n° 2013-595 du 8 juillet 2013",,,"M. Régis Juanico","Membre titulaire","2017-11-16"
"Comité de suivi de la loi d'orientation et de programmation pour la refondation de l'école de la République ","Article 88 de la loi n° 2013-595 du 8 juillet 2013",,,"Mme Dominique Nachury","Membre titulaire","2014-04-16"
"Conseil d'administration du Conservatoire de l'espace littoral et des rivages lacustres","Article L. 322-11 du code de l’environnement","http://www.conservatoire-du-littoral.fr/57-gouvernance-de-l-etablissement.htm",,"M. René Couveinhes","Membre titulaire","1986-05-16"
"Conseil d'administration du Conservatoire de l'espace littoral et des rivages lacustres","Article L. 322-11 du code de l’environnement","http://www.conservatoire-du-littoral.fr/57-gouvernance-de-l-etablissement.htm",,"M. Christophe Priou","Membre suppléant","2005-07-28"
"Conseil d'administration du Conservatoire de l'espace littoral et des rivages lacustres","Article L. 322-11 du code de l’environnement","http://www.conservatoire-du-littoral.fr/57-gouvernance-de-l-etablissement.htm",,"Mme Nicole Ameline","Membre suppléante","1993-05-14"
"Conseil d'administration du Conservatoire de l'espace littoral et des rivages lacustres","Article L. 322-11 du code de l’environnement","http://www.conservatoire-du-littoral.fr/57-gouvernance-de-l-etablissement.htm",,"M. Henry Jean-Baptiste","Membre suppléant","1986-05-16"
"Conseil d'administration du Conservatoire de l'espace littoral et des rivages lacustres","Article L. 322-11 du code de l’environnement","http://www.conservatoire-du-littoral.fr/57-gouvernance-de-l-etablissement.htm",,"M. Emmanuel Aubert","Membre titulaire","1993-05-14"
"Conseil d'administration du Conservatoire de l'espace littoral et des rivages lacustres","Article L. 322-11 du code de l’environnement","http://www.conservatoire-du-littoral.fr/57-gouvernance-de-l-etablissement.htm",,"M. Alain Lamassoure","Membre suppléant","1988-11-18"
"Conseil d'administration du Conservatoire de l'espace littoral et des rivages lacustres","Article L. 322-11 du code de l’environnement","http://www.conservatoire-du-littoral.fr/57-gouvernance-de-l-etablissement.htm",,"M. Alain Vidalies","Membre suppléant","1997-09-10"
"Conseil d'administration du Conservatoire de l'espace littoral et des rivages lacustres","Article L. 322-11 du code de l’environnement","http://www.conservatoire-du-littoral.fr/57-gouvernance-de-l-etablissement.htm",,"M. Maurice Briand","Membre suppléant","1988-11-18"
"Conseil d'administration du Conservatoire de l'espace littoral et des rivages lacustres","Article L. 322-11 du code de l’environnement","http://www.conservatoire-du-littoral.fr/57-gouvernance-de-l-etablissement.htm",,"Mme Murielle Lepvraud","Membre suppléante","2023-07-19"
"Conseil d'administration du Conservatoire de l'espace littoral et des rivages lacustres","Article L. 322-11 du code de l’environnement","http://www.conservatoire-du-littoral.fr/57-gouvernance-de-l-etablissement.htm",,"M. Ambroise Guellec","Membre titulaire","1993-05-14"
"Conseil d'administration du Conservatoire de l'espace littoral et des rivages lacustres","Article L. 322-11 du code de l’environnement","http://www.conservatoire-du-littoral.fr/57-gouvernance-de-l-etablissement.htm",,"M. Olivier Falorni","Membre titulaire","2012-09-03"
"Conseil d'administration du Conservatoire de l'espace littoral et des rivages lacustres","Article L. 322-11 du code de l’environnement","http://www.conservatoire-du-littoral.fr/57-gouvernance-de-l-etablissement.htm",,"M. Ary Chalus","Membre suppléant","2012-09-03"
"Conseil d'administration du Conservatoire de l'espace littoral et des rivages lacustres","Article L. 322-11 du code de l’environnement","http://www.conservatoire-du-littoral.fr/57-gouvernance-de-l-etablissement.htm",,"M. Dominique Bussereau","Membre suppléant","1986-05-16"
"Conseil d'administration du Conservatoire de l'espace littoral et des rivages lacustres","Article L. 322-11 du code de l’environnement","http://www.conservatoire-du-littoral.fr/57-gouvernance-de-l-etablissement.htm",,"M. Didier Quentin","Membre titulaire","2007-08-01"
"Conseil d'administration du Conservatoire de l'espace littoral et des rivages lacustres","Article L. 322-11 du code de l’environnement","http://www.conservatoire-du-littoral.fr/57-gouvernance-de-l-etablissement.htm",,"M. Jimmy Pahun","Membre titulaire","2017-09-29"
"Conseil d'administration du Conservatoire de l'espace littoral et des rivages lacustres","Article L. 322-11 du code de l’environnement","http://www.conservatoire-du-littoral.fr/57-gouvernance-de-l-etablissement.htm",,"Mme Suzanne Tallard","Membre titulaire","2012-09-03"
"Conseil d'administration du Conservatoire de l'espace littoral et des rivages lacustres","Article L. 322-11 du code de l’environnement","http://www.conservatoire-du-littoral.fr/57-gouvernance-de-l-etablissement.htm",,"M. Christian Decocq","Membre suppléant","2002-08-01"
"Conseil d'administration du Conservatoire de l'espace littoral et des rivages lacustres","Article L. 322-11 du code de l’environnement","http://www.conservatoire-du-littoral.fr/57-gouvernance-de-l-etablissement.htm",,"M. Lionel Tardy","Membre suppléant","2012-09-03"
"Conseil d'administration du Conservatoire de l'espace littoral et des rivages lacustres","Article L. 322-11 du code de l’environnement","http://www.conservatoire-du-littoral.fr/57-gouvernance-de-l-etablissement.htm",,"M. Jérôme Bignon","Membre titulaire","2007-08-01"
"Conseil d'administration du Conservatoire de l'espace littoral et des rivages lacustres","Article L. 322-11 du code de l’environnement","http://www.conservatoire-du-littoral.fr/57-gouvernance-de-l-etablissement.htm",,"M. Christophe Priou","Membre suppléant","2007-08-01"
"Conseil d'administration du Conservatoire de l'espace littoral et des rivages lacustres","Article L. 322-11 du code de l’environnement","http://www.conservatoire-du-littoral.fr/57-gouvernance-de-l-etablissement.htm",,"Mme Émeline K/Bidi","Membre titulaire","2024-11-06"
"Conseil d'administration du Conservatoire de l'espace littoral et des rivages lacustres","Article L. 322-11 du code de l’environnement","http://www.conservatoire-du-littoral.fr/57-gouvernance-de-l-etablissement.htm",,"Mme Murielle Lepvraud","Membre suppléante","2024-11-06"
"Conseil d'administration du Conservatoire de l'espace littoral et des rivages lacustres","Article L. 322-11 du code de l’environnement","http://www.conservatoire-du-littoral.fr/57-gouvernance-de-l-etablissement.htm",,"M. Arnaud Cazin d'Honincthun","Membre suppléant","1995-06-30"
"Conseil d'administration du Conservatoire de l'espace littoral et des rivages lacustres","Article L. 322-11 du code de l’environnement","http://www.conservatoire-du-littoral.fr/57-gouvernance-de-l-etablissement.htm",,"Mme Annaïg Le Meur","Membre titulaire","2017-09-29"
"Conseil d'administration du Conservatoire de l'espace littoral et des rivages lacustres","Article L. 322-11 du code de l’environnement","http://www.conservatoire-du-littoral.fr/57-gouvernance-de-l-etablissement.htm",,"M. Pierre Dharréville","Membre suppléant","2017-09-29"
"Conseil d'administration du Conservatoire de l'espace littoral et des rivages lacustres","Article L. 322-11 du code de l’environnement","http://www.conservatoire-du-littoral.fr/57-gouvernance-de-l-etablissement.htm",,"Mme Annaïg Le Meur","Membre titulaire","2022-10-21"
"Conseil d'administration du Conservatoire de l'espace littoral et des rivages lacustres","Article L. 322-11 du code de l’environnement","http://www.conservatoire-du-littoral.fr/57-gouvernance-de-l-etablissement.htm",,"M. Jean-Pierre Giran","Membre titulaire","2002-08-01"
"Conseil d'administration du Conservatoire de l'espace littoral et des rivages lacustres","Article L. 322-11 du code de l’environnement","http://www.conservatoire-du-littoral.fr/57-gouvernance-de-l-etablissement.htm",,"M. Olivier Fayssat","Membre suppléant","2024-11-06"
"Conseil d'administration du Conservatoire de l'espace littoral et des rivages lacustres","Article L. 322-11 du code de l’environnement","http://www.conservatoire-du-littoral.fr/57-gouvernance-de-l-etablissement.htm",,"M. Jean-Louis Léonard","Membre titulaire","1995-06-30"
"Conseil d'administration du Conservatoire de l'espace littoral et des rivages lacustres","Article L. 322-11 du code de l’environnement","http://www.conservatoire-du-littoral.fr/57-gouvernance-de-l-etablissement.htm",,"M. Paul Christophe","Membre suppléant","2017-09-29"
"Conseil d'administration du Conservatoire de l'espace littoral et des rivages lacustres","Article L. 322-11 du code de l’environnement","http://www.conservatoire-du-littoral.fr/57-gouvernance-de-l-etablissement.htm",,"Mme Émeline K/Bidi","Membre titulaire","2022-10-21"
"Conseil d'administration du Conservatoire de l'espace littoral et des rivages lacustres","Article L. 322-11 du code de l’environnement","http://www.conservatoire-du-littoral.fr/57-gouvernance-de-l-etablissement.htm",,"M. Didier Quentin","Membre titulaire","2002-08-01"
"Conseil d'administration du Conservatoire de l'espace littoral et des rivages lacustres","Article L. 322-11 du code de l’environnement","http://www.conservatoire-du-littoral.fr/57-gouvernance-de-l-etablissement.htm",,"M. Frédéric Falcon","Membre suppléant","2022-10-21"
"Conseil d'administration du Conservatoire de l'espace littoral et des rivages lacustres","Article L. 322-11 du code de l’environnement","http://www.conservatoire-du-littoral.fr/57-gouvernance-de-l-etablissement.htm",,"M. Jean Roussel","Membre suppléant","1986-05-16"
"Conseil d'administration du Conservatoire de l'espace littoral et des rivages lacustres","Article L. 322-11 du code de l’environnement","http://www.conservatoire-du-littoral.fr/57-gouvernance-de-l-etablissement.htm",,"Mme Christine Lazerges","Membre titulaire","1997-07-10"
"Conseil d'administration du Conservatoire de l'espace littoral et des rivages lacustres","Article L. 322-11 du code de l’environnement","http://www.conservatoire-du-littoral.fr/57-gouvernance-de-l-etablissement.htm",,"M. Emmanuel Aubert","Membre titulaire","1988-11-18"
"Conseil d'administration du Conservatoire de l'espace littoral et des rivages lacustres","Article L. 322-11 du code de l’environnement","http://www.conservatoire-du-littoral.fr/57-gouvernance-de-l-etablissement.htm",,"M. Jérôme Bignon","Membre suppléant","1993-05-14"
"Conseil d'administration du Conservatoire de l'espace littoral et des rivages lacustres","Article L. 322-11 du code de l’environnement","http://www.conservatoire-du-littoral.fr/57-gouvernance-de-l-etablissement.htm",,"M. François Cuillandre","Membre titulaire","1997-07-10"
"Conseil d'administration du Conservatoire de l'espace littoral et des rivages lacustres","Article L. 322-11 du code de l’environnement","http://www.conservatoire-du-littoral.fr/57-gouvernance-de-l-etablissement.htm",,"M. François Deluga","Membre suppléant","1997-07-10"
"Conseil d'administration du Conservatoire de l'espace littoral et des rivages lacustres","Article L. 322-11 du code de l’environnement","http://www.conservatoire-du-littoral.fr/57-gouvernance-de-l-etablissement.htm",,"M. Gilbert Le Bris","Membre titulaire","1988-11-18"
"Conseil d'administration du Conservatoire de l'espace littoral et des rivages lacustres","Article L. 322-11 du code de l’environnement","http://www.conservatoire-du-littoral.fr/57-gouvernance-de-l-etablissement.htm",,"M. Dominique Bussereau","Membre titulaire","1993-05-14"
"Conseil d'administration du Conservatoire de l'espace littoral et des rivages lacustres","Article L. 322-11 du code de l’environnement","http://www.conservatoire-du-littoral.fr/57-gouvernance-de-l-etablissement.htm",,"M. Emmanuel Aubert","Membre titulaire","1986-05-16"
"Conseil d'administration du Conservatoire de l'espace littoral et des rivages lacustres","Article L. 322-11 du code de l’environnement","http://www.conservatoire-du-littoral.fr/57-gouvernance-de-l-etablissement.htm",,"M. René Couveinhes","Membre suppléant","1993-05-14"
"Conseil d'administration du Conservatoire de l'espace littoral et des rivages lacustres","Article L. 322-11 du code de l’environnement","http://www.conservatoire-du-littoral.fr/57-gouvernance-de-l-etablissement.htm",,"M. Paul Lombard","Membre suppléant","1988-11-18"
"Conseil d'administration du Conservatoire de l'espace littoral et des rivages lacustres","Article L. 322-11 du code de l’environnement","http://www.conservatoire-du-littoral.fr/57-gouvernance-de-l-etablissement.htm",,"M. Vincent Peillon","Membre suppléant","1997-07-10"
"Conseil d'administration du Conservatoire de l'espace littoral et des rivages lacustres","Article L. 322-11 du code de l’environnement","http://www.conservatoire-du-littoral.fr/57-gouvernance-de-l-etablissement.htm",,"Mme Viviane Le Dissez","Membre titulaire","2012-09-03"
"Conseil d'administration du Conservatoire de l'espace littoral et des rivages lacustres","Article L. 322-11 du code de l’environnement","http://www.conservatoire-du-littoral.fr/57-gouvernance-de-l-etablissement.htm",,"M. Guy Lengagne","Membre titulaire","1988-11-18"
"Conseil d'administration du Conservatoire de l'espace littoral et des rivages lacustres","Article L. 322-11 du code de l’environnement","http://www.conservatoire-du-littoral.fr/57-gouvernance-de-l-etablissement.htm",,"M. Jérôme Bignon","Membre titulaire","2002-08-01"
"Conseil d'administration du Conservatoire de l'espace littoral et des rivages lacustres","Article L. 322-11 du code de l’environnement","http://www.conservatoire-du-littoral.fr/57-gouvernance-de-l-etablissement.htm",,"M. Didier Quentin","Membre suppléant","2012-09-03"
"Conseil d'administration du Conservatoire de l'espace littoral et des rivages lacustres","Article L. 322-11 du code de l’environnement","http://www.conservatoire-du-littoral.fr/57-gouvernance-de-l-etablissement.htm",,"M. Jacques Le Guen","Membre suppléant","2007-08-01"
"Conseil d'administration du Conservatoire de l'espace littoral et des rivages lacustres","Article L. 322-11 du code de l’environnement","http://www.conservatoire-du-littoral.fr/57-gouvernance-de-l-etablissement.htm",,"M. Michel Vaxès","Membre titulaire","1997-07-10"
"Conseil d'administration du Conservatoire de l'espace littoral et des rivages lacustres","Article L. 322-11 du code de l’environnement","http://www.conservatoire-du-littoral.fr/57-gouvernance-de-l-etablissement.htm",,"M. Jean-Michel Brard","Membre titulaire","2024-11-06"
"Conseil d'administration du Conservatoire de l'espace littoral et des rivages lacustres","Article L. 322-11 du code de l’environnement","http://www.conservatoire-du-littoral.fr/57-gouvernance-de-l-etablissement.htm",,"M. Emmanuel Taché","Membre suppléant","2024-11-06"
"Conseil d'administration du Conservatoire de l'espace littoral et des rivages lacustres","Article L. 322-11 du code de l’environnement","http://www.conservatoire-du-littoral.fr/57-gouvernance-de-l-etablissement.htm",,"M. Christian Estrosi","Membre suppléant","2002-08-01"
"Conseil d'administration du Conservatoire de l'espace littoral et des rivages lacustres","Article L. 322-11 du code de l’environnement","http://www.conservatoire-du-littoral.fr/57-gouvernance-de-l-etablissement.htm",,"M. Jean-Pierre Giran","Membre titulaire","2007-08-01"
"Conseil d'administration du Conservatoire de l'espace littoral et des rivages lacustres","Article L. 322-11 du code de l’environnement","http://www.conservatoire-du-littoral.fr/57-gouvernance-de-l-etablissement.htm",,"M. Lionel Tardy","Membre suppléant","2007-08-01"
"Conseil d'administration du Conservatoire de l'espace littoral et des rivages lacustres","Article L. 322-11 du code de l’environnement","http://www.conservatoire-du-littoral.fr/57-gouvernance-de-l-etablissement.htm",,"M. Frantz Gumbs","Membre titulaire","2024-11-06"
"Conseil d'administration du Conservatoire de l'espace littoral et des rivages lacustres","Article L. 322-11 du code de l’environnement","http://www.conservatoire-du-littoral.fr/57-gouvernance-de-l-etablissement.htm",,"M. Louis Le Pensec","Membre titulaire","1986-05-16"
"Conseil d'administration du Conservatoire de l'espace littoral et des rivages lacustres","Article L. 322-11 du code de l’environnement","http://www.conservatoire-du-littoral.fr/57-gouvernance-de-l-etablissement.htm",,"M. Lionel Causse","Membre titulaire","2017-09-29"
"Conseil d'administration du Conservatoire de l'espace littoral et des rivages lacustres","Article L. 322-11 du code de l’environnement","http://www.conservatoire-du-littoral.fr/57-gouvernance-de-l-etablissement.htm",,"M. Didier Quentin","Membre suppléant","2017-09-29"
"Conseil d'administration du Conservatoire de l'espace littoral et des rivages lacustres","Article L. 322-11 du code de l’environnement","http://www.conservatoire-du-littoral.fr/57-gouvernance-de-l-etablissement.htm",,"M. Pierre Morel-À-L'Huissier","Membre titulaire","2022-10-21"
"Conseil d'administration du Conservatoire de l'espace littoral et des rivages lacustres","Article L. 322-11 du code de l’environnement","http://www.conservatoire-du-littoral.fr/57-gouvernance-de-l-etablissement.htm",,"Mme Mélanie Thomin","Membre suppléante","2022-10-21"
"Conseil d'administration du Conservatoire de l'espace littoral et des rivages lacustres","Article L. 322-11 du code de l’environnement","http://www.conservatoire-du-littoral.fr/57-gouvernance-de-l-etablissement.htm",,"M. Jacques Le Guen","Membre suppléant","2002-08-01"
"Conseil d'administration du Conservatoire de l'espace littoral et des rivages lacustres","Article L. 322-11 du code de l’environnement","http://www.conservatoire-du-littoral.fr/57-gouvernance-de-l-etablissement.htm",,"Mme Bénédicte Taurine","Membre suppléante","2022-10-21"
"Conseil national de l'industrie","Article 32 de la loi n° 2018-699 du 3 août 2018","https://www.entreprises.gouv.fr/conseil-national-industrie",,"M. Damien Adam","Membre titulaire","2018-11-02"
"Conseil national de l'industrie","Article 32 de la loi n° 2018-699 du 3 août 2018","https://www.entreprises.gouv.fr/conseil-national-industrie",,"Mme Danielle Brulebois","Membre titulaire","2022-10-21"
"Conseil national de l'industrie","Article 32 de la loi n° 2018-699 du 3 août 2018","https://www.entreprises.gouv.fr/conseil-national-industrie",,"M. Jean Grellier","Membre titulaire","2012-09-03"
"Conseil national de l'industrie","Article 32 de la loi n° 2018-699 du 3 août 2018","https://www.entreprises.gouv.fr/conseil-national-industrie",,"M. Bernard Carayon","Membre titulaire","2010-06-24"
"Conseil national de l'industrie","Article 32 de la loi n° 2018-699 du 3 août 2018","https://www.entreprises.gouv.fr/conseil-national-industrie",,"M. Alexandre Loubet","Membre titulaire","2024-11-06"
"Conseil national de l'industrie","Article 32 de la loi n° 2018-699 du 3 août 2018","https://www.entreprises.gouv.fr/conseil-national-industrie",,"M. Damien Adam","Membre titulaire","2017-10-24"
"Conseil d'administration de l'Office français de protection des réfugiés et apatrides","Article L. 722-1 du code de l’entrée et du séjour des étrangers et du droit d’asile","https://www.ofpra.gouv.fr/fr/l-ofpra/organisation/le-conseil-d-administration",,"M. Éric Ciotti","Membre titulaire","2017-11-10"
"Conseil d'administration de l'Office français de protection des réfugiés et apatrides","Article L. 722-1 du code de l’entrée et du séjour des étrangers et du droit d’asile","https://www.ofpra.gouv.fr/fr/l-ofpra/organisation/le-conseil-d-administration",,"M. Yoann Gillet","Membre titulaire","2024-11-06"
"Conseil d'administration de l'Office français de protection des réfugiés et apatrides","Article L. 722-1 du code de l’entrée et du séjour des étrangers et du droit d’asile","https://www.ofpra.gouv.fr/fr/l-ofpra/organisation/le-conseil-d-administration",,"Mme Seybah Dagoma","Membre titulaire","2012-09-03"
"Conseil d'administration de l'Office français de protection des réfugiés et apatrides","Article L. 722-1 du code de l’entrée et du séjour des étrangers et du droit d’asile","https://www.ofpra.gouv.fr/fr/l-ofpra/organisation/le-conseil-d-administration",,"M. Ludovic Mendes","Membre titulaire","2022-10-21"
"Conseil d'administration de l'Office français de protection des réfugiés et apatrides","Article L. 722-1 du code de l’entrée et du séjour des étrangers et du droit d’asile","https://www.ofpra.gouv.fr/fr/l-ofpra/organisation/le-conseil-d-administration",,"Mme Alice Thourot","Membre titulaire","2017-11-10"
"Conseil d'administration de l'Office français de protection des réfugiés et apatrides","Article L. 722-1 du code de l’entrée et du séjour des étrangers et du droit d’asile","https://www.ofpra.gouv.fr/fr/l-ofpra/organisation/le-conseil-d-administration",,"Mme Elsa Faucillon","Membre titulaire","2024-11-06"
"Conseil d'administration de l'Office français de protection des réfugiés et apatrides","Article L. 722-1 du code de l’entrée et du séjour des étrangers et du droit d’asile","https://www.ofpra.gouv.fr/fr/l-ofpra/organisation/le-conseil-d-administration",,"M. Étienne Pinte","Membre titulaire","2007-08-01"
"Conseil d'administration de l'Office français de protection des réfugiés et apatrides","Article L. 722-1 du code de l’entrée et du séjour des étrangers et du droit d’asile","https://www.ofpra.gouv.fr/fr/l-ofpra/organisation/le-conseil-d-administration",,"Mme Anne-Laure Blin","Membre titulaire","2022-10-21"
"Commission nationale indépendante de reconnaissance et de réparation des préjudices subis par les harkis, les autres personnes rapatriées d'Algérie anciennement de statut civil de droit local et les membres de leurs famille",,,,"M. Jean-Marie Fiévet","Membre titulaire","2022-10-21"
"Commission nationale indépendante de reconnaissance et de réparation des préjudices subis par les harkis, les autres personnes rapatriées d'Algérie anciennement de statut civil de droit local et les membres de leurs famille",,,,"Mme Michèle Martinez","Membre titulaire","2024-11-06"
"Commission nationale de l'aménagement, de l'urbanisme et du foncier","Articles L. 3211-7 et R. 3211-17-6 du code général de la propriété des personnes publiques",,"1","Mme Audrey Linkenheld","Membre titulaire","2014-07-23"
"Commission nationale de l'aménagement, de l'urbanisme et du foncier","Articles L. 3211-7 et R. 3211-17-6 du code général de la propriété des personnes publiques",,"1","M. Jean-Louis Bricout","Membre suppléant","2013-11-21"
"Commission nationale de l'aménagement, de l'urbanisme et du foncier","Articles L. 3211-7 et R. 3211-17-6 du code général de la propriété des personnes publiques",,"1","Mme Fanny Dombre Coste","Membre titulaire","2013-11-21"
"Commission nationale de l'aménagement, de l'urbanisme et du foncier","Articles L. 3211-7 et R. 3211-17-6 du code général de la propriété des personnes publiques",,"1","M. Lionel Causse","Membre suppléant","2017-11-02"
"Commission nationale de l'aménagement, de l'urbanisme et du foncier","Articles L. 3211-7 et R. 3211-17-6 du code général de la propriété des personnes publiques",,"1","M. Alain Perea","Membre titulaire","2017-11-02"
"Commission nationale de l'aménagement, de l'urbanisme et du foncier","Articles L. 3211-7 et R. 3211-17-6 du code général de la propriété des personnes publiques",,"1","M. Guillaume Chevrollier","Membre suppléant","2013-11-21"
"Commission nationale de l'aménagement, de l'urbanisme et du foncier","Articles L. 3211-7 et R. 3211-17-6 du code général de la propriété des personnes publiques",,"1","M. Jean-Marie Tétart","Membre titulaire","2013-11-21"
"Commission nationale de l'aménagement, de l'urbanisme et du foncier","Articles L. 3211-7 et R. 3211-17-6 du code général de la propriété des personnes publiques",,"1","Mme Valérie Beauvais","Membre titulaire","2017-11-02"
"Commission nationale de l'aménagement, de l'urbanisme et du foncier","Articles L. 3211-7 et R. 3211-17-6 du code général de la propriété des personnes publiques",,"1","Mme Christine Pirès Beaune","Membre suppléante","2017-11-02"
"Conseil d'administration de l'Agence nationale du sport","Article L. 112-17 du code du sport",,,"Mme Nadège Abomangoli","Membre titulaire","2022-10-21"
"Conseil d'administration de l'Agence nationale du sport","Article L. 112-17 du code du sport",,,"M. Julien Odoul","Membre titulaire","2024-11-06"
"Conseil d'administration de l'Agence nationale du sport","Article L. 112-17 du code du sport",,,"Mme Maud Petit","Membre titulaire","2024-11-06"
"Conseil d'administration de l'Agence nationale du sport","Article L. 112-17 du code du sport",,,"M. Régis Juanico","Membre titulaire","2019-12-20"
"Conseil d'administration de l'Agence nationale du sport","Article L. 112-17 du code du sport",,,"M. Bertrand Sorre","Membre titulaire","2022-10-21"
"Conseil d'administration de l'Agence nationale du sport","Article L. 112-17 du code du sport",,,"Mme Fannette Charvier","Membre titulaire","2019-12-20"
"Conseil d'administration de l'Agence nationale de la cohésion des territoires",,,,"Mme Véronique Louwagie","Membre titulaire","2024-11-06"
"Conseil d'administration de l'Agence nationale de la cohésion des territoires",,,,"M. Jérôme Nury","Membre titulaire","2019-12-03"
"Conseil d'administration de l'Agence nationale de la cohésion des territoires",,,,"M. Jean-Pierre Cubertafon","Membre titulaire","2022-10-21"
"Conseil d'administration de l'Agence nationale de la cohésion des territoires",,,,"M. Jean-Luc Warsmann","Membre titulaire","2024-11-06"
"Conseil d'administration de l'Agence nationale de la cohésion des territoires",,,,"Mme Yolaine de Courson","Membre titulaire","2019-12-03"
"Conseil d'administration de l'Agence nationale de la cohésion des territoires",,,,"Mme Annie Genevard","Membre titulaire","2022-10-21"
"Commission nationale de contrôle des techniques de renseignement","Article L. 831-1 du code de la sécurité intérieure","https://www.cnctr.fr/",,"M. Christophe Naegelen","Membre titulaire","2024-11-06"
"Commission nationale de contrôle des techniques de renseignement","Article L. 831-1 du code de la sécurité intérieure","https://www.cnctr.fr/",,"M. Pascal Popelin","Membre titulaire","2015-09-30"
"Commission nationale de contrôle des techniques de renseignement","Article L. 831-1 du code de la sécurité intérieure","https://www.cnctr.fr/",,"M. Jean-Michel Clément","Membre titulaire","2017-07-17"
"Commission nationale de contrôle des techniques de renseignement","Article L. 831-1 du code de la sécurité intérieure","https://www.cnctr.fr/",,"M. Yannick Chenevard","Membre titulaire","2022-08-06"
"Commission nationale de contrôle des techniques de renseignement","Article L. 831-1 du code de la sécurité intérieure","https://www.cnctr.fr/",,"Mme Émilie Bonnivard","Membre titulaire","2024-11-06"
"Commission nationale de contrôle des techniques de renseignement","Article L. 831-1 du code de la sécurité intérieure","https://www.cnctr.fr/",,"Mme Constance Le Grip","Membre titulaire","2017-07-17"
"Commission nationale de contrôle des techniques de renseignement","Article L. 831-1 du code de la sécurité intérieure","https://www.cnctr.fr/",,"Mme Catherine Vautrin","Membre titulaire","2015-09-30"
"Commission nationale de contrôle des techniques de renseignement","Article L. 831-1 du code de la sécurité intérieure","https://www.cnctr.fr/",,"Mme Michèle Tabarot","Membre titulaire","2022-08-06"
"Conseil d'administration du Centre national des oeuvres universitaires et scolaires","Article L. 822-2 du code de l’éducation","http://www.etudiant.gouv.fr/cid97588/le-centre-national-des-oelig-uvres-universitaires-scolaires-cnous.html",,"M. Mathieu Hanotin","Membre titulaire","2012-09-03"
"Conseil d'administration du Centre national des oeuvres universitaires et scolaires","Article L. 822-2 du code de l’éducation","http://www.etudiant.gouv.fr/cid97588/le-centre-national-des-oelig-uvres-universitaires-scolaires-cnous.html",,"M. Marc Pena","Membre titulaire","2024-11-06"
"Conseil d'administration du Centre national des oeuvres universitaires et scolaires","Article L. 822-2 du code de l’éducation","http://www.etudiant.gouv.fr/cid97588/le-centre-national-des-oelig-uvres-universitaires-scolaires-cnous.html",,"Mme Béatrice Descamps","Membre titulaire","2022-10-21"
"Conseil d'administration du Centre national des oeuvres universitaires et scolaires","Article L. 822-2 du code de l’éducation","http://www.etudiant.gouv.fr/cid97588/le-centre-national-des-oelig-uvres-universitaires-scolaires-cnous.html",,"M. Arnaud Robinet","Membre titulaire","2009-12-21"
"Conseil d'administration du Centre national des oeuvres universitaires et scolaires","Article L. 822-2 du code de l’éducation","http://www.etudiant.gouv.fr/cid97588/le-centre-national-des-oelig-uvres-universitaires-scolaires-cnous.html",,"Mme Anne-Christine Lang","Membre titulaire","2017-11-21"
"Conseil d'administration du Centre national des oeuvres universitaires et scolaires","Article L. 822-2 du code de l’éducation","http://www.etudiant.gouv.fr/cid97588/le-centre-national-des-oelig-uvres-universitaires-scolaires-cnous.html",,"Mme Irène Tharin","Membre titulaire","2006-02-08"
"Conseil d'administration du Centre national des oeuvres universitaires et scolaires","Article L. 822-2 du code de l’éducation","http://www.etudiant.gouv.fr/cid97588/le-centre-national-des-oelig-uvres-universitaires-scolaires-cnous.html",,"M. Benoist Apparu","Membre titulaire","2007-08-01"
"Conseil d'administration de la société en charge de l'audiovisuel extérieur de la France","article 47-3  de la loi n° 86-1067 du 30 septembre 1986",,,"Mme Béatrice Piron","Membre titulaire","2022-09-28"
"Conseil d'administration de la société en charge de l'audiovisuel extérieur de la France","article 47-3  de la loi n° 86-1067 du 30 septembre 1986",,,"M. Jérémie Patrier-Leitus","Membre titulaire","2024-10-02"
"Commission nationale d'agrément des associations représentant les usagers dans les instances hospitalières ou de santé publique","Article L. 1114-5 du code de la santé publique","http://solidarites-sante.gouv.fr/ministere/acteurs/partenaires/article/cnaarusp-commission-nationale-d-agrement","10","Mme Bérengère Poletti","Membre suppléante","2012-09-18"
"Commission nationale d'agrément des associations représentant les usagers dans les instances hospitalières ou de santé publique","Article L. 1114-5 du code de la santé publique","http://solidarites-sante.gouv.fr/ministere/acteurs/partenaires/article/cnaarusp-commission-nationale-d-agrement","10","Mme Bérengère Poletti","Membre titulaire","2008-02-22"
"Commission nationale d'agrément des associations représentant les usagers dans les instances hospitalières ou de santé publique","Article L. 1114-5 du code de la santé publique","http://solidarites-sante.gouv.fr/ministere/acteurs/partenaires/article/cnaarusp-commission-nationale-d-agrement","10","Mme Maryvonne Briot","Membre titulaire","2005-06-01"
"Commission nationale d'agrément des associations représentant les usagers dans les instances hospitalières ou de santé publique","Article L. 1114-5 du code de la santé publique","http://solidarites-sante.gouv.fr/ministere/acteurs/partenaires/article/cnaarusp-commission-nationale-d-agrement","10","Mme Sandrine Dogor-Such","Membre suppléante","2024-11-06"
"Commission nationale d'agrément des associations représentant les usagers dans les instances hospitalières ou de santé publique","Article L. 1114-5 du code de la santé publique","http://solidarites-sante.gouv.fr/ministere/acteurs/partenaires/article/cnaarusp-commission-nationale-d-agrement","10","M. Sébastien Peytavie","Membre suppléant","2022-10-21"
"Commission nationale d'agrément des associations représentant les usagers dans les instances hospitalières ou de santé publique","Article L. 1114-5 du code de la santé publique","http://solidarites-sante.gouv.fr/ministere/acteurs/partenaires/article/cnaarusp-commission-nationale-d-agrement","10","Mme Bernadette Laclais","Membre titulaire","2012-09-18"
"Commission nationale d'agrément des associations représentant les usagers dans les instances hospitalières ou de santé publique","Article L. 1114-5 du code de la santé publique","http://solidarites-sante.gouv.fr/ministere/acteurs/partenaires/article/cnaarusp-commission-nationale-d-agrement","10","M. Jean-Louis Touraine","Membre suppléant","2008-02-22"
"Commission nationale d'agrément des associations représentant les usagers dans les instances hospitalières ou de santé publique","Article L. 1114-5 du code de la santé publique","http://solidarites-sante.gouv.fr/ministere/acteurs/partenaires/article/cnaarusp-commission-nationale-d-agrement","10","M. Jean-Pierre Barbier","Membre suppléant","2014-11-01"
"Commission nationale d'agrément des associations représentant les usagers dans les instances hospitalières ou de santé publique","Article L. 1114-5 du code de la santé publique","http://solidarites-sante.gouv.fr/ministere/acteurs/partenaires/article/cnaarusp-commission-nationale-d-agrement","10","M. Serge Blisko","Membre suppléant","2010-10-22"
"Commission nationale d'agrément des associations représentant les usagers dans les instances hospitalières ou de santé publique","Article L. 1114-5 du code de la santé publique","http://solidarites-sante.gouv.fr/ministere/acteurs/partenaires/article/cnaarusp-commission-nationale-d-agrement","10","M. Yves Boisseau","Membre suppléant","2005-06-01"
"Commission nationale d'agrément des associations représentant les usagers dans les instances hospitalières ou de santé publique","Article L. 1114-5 du code de la santé publique","http://solidarites-sante.gouv.fr/ministere/acteurs/partenaires/article/cnaarusp-commission-nationale-d-agrement","10","Mme Joséphine Missoffe","Membre titulaire","2024-11-06"
"Commission nationale d'agrément des associations représentant les usagers dans les instances hospitalières ou de santé publique","Article L. 1114-5 du code de la santé publique","http://solidarites-sante.gouv.fr/ministere/acteurs/partenaires/article/cnaarusp-commission-nationale-d-agrement","10","M. Serge Muller","Membre titulaire","2022-10-21"
"Commission nationale d'agrément des associations représentant les usagers dans les instances hospitalières ou de santé publique","Article L. 1114-5 du code de la santé publique","http://solidarites-sante.gouv.fr/ministere/acteurs/partenaires/article/cnaarusp-commission-nationale-d-agrement","10","M. Thierry Michels","Membre titulaire","2017-10-19"
"Commission nationale d'agrément des associations représentant les usagers dans les instances hospitalières ou de santé publique","Article L. 1114-5 du code de la santé publique","http://solidarites-sante.gouv.fr/ministere/acteurs/partenaires/article/cnaarusp-commission-nationale-d-agrement","10","Mme Caroline Fiat","Membre suppléante","2017-10-19"
"Commission régionale du fonds pour le développement de la vie associative","l’article 27 de la loi n° 2018-699 du 3 août 2018 visant à garantir la présence des parlementaires dans certains organismes extérieurs au Parlement et à simplifier les modalités de leur nomination",,"0","M. Roger Chudeau","Membre titulaire","2024-12-06"
"Commission régionale du fonds pour le développement de la vie associative","l’article 27 de la loi n° 2018-699 du 3 août 2018 visant à garantir la présence des parlementaires dans certains organismes extérieurs au Parlement et à simplifier les modalités de leur nomination",,"0","M. Jérôme Nury","Membre suppléant","2024-12-06"
"Commission régionale du fonds pour le développement de la vie associative","l’article 27 de la loi n° 2018-699 du 3 août 2018 visant à garantir la présence des parlementaires dans certains organismes extérieurs au Parlement et à simplifier les modalités de leur nomination",,"0","Mme Julie Laernoes","Membre titulaire","2024-12-06"
"Commission régionale du fonds pour le développement de la vie associative","l’article 27 de la loi n° 2018-699 du 3 août 2018 visant à garantir la présence des parlementaires dans certains organismes extérieurs au Parlement et à simplifier les modalités de leur nomination",,"0","Mme Louise Morel","Membre suppléante","2024-12-06"
"Commission régionale du fonds pour le développement de la vie associative","l’article 27 de la loi n° 2018-699 du 3 août 2018 visant à garantir la présence des parlementaires dans certains organismes extérieurs au Parlement et à simplifier les modalités de leur nomination",,"0","Mme Hanane Mansouri","Membre suppléante","2024-12-06"
"Commission régionale du fonds pour le développement de la vie associative","l’article 27 de la loi n° 2018-699 du 3 août 2018 visant à garantir la présence des parlementaires dans certains organismes extérieurs au Parlement et à simplifier les modalités de leur nomination",,"0","M. Raphaël Arnault","Membre titulaire","2024-12-06"
"Commission régionale du fonds pour le développement de la vie associative","l’article 27 de la loi n° 2018-699 du 3 août 2018 visant à garantir la présence des parlementaires dans certains organismes extérieurs au Parlement et à simplifier les modalités de leur nomination",,"0","M. Alexis Corbière","Membre titulaire","2024-12-06"
"Commission régionale du fonds pour le développement de la vie associative","l’article 27 de la loi n° 2018-699 du 3 août 2018 visant à garantir la présence des parlementaires dans certains organismes extérieurs au Parlement et à simplifier les modalités de leur nomination",,"0","M. David Habib","Membre titulaire","2024-12-06"
"Commission régionale du fonds pour le développement de la vie associative","l’article 27 de la loi n° 2018-699 du 3 août 2018 visant à garantir la présence des parlementaires dans certains organismes extérieurs au Parlement et à simplifier les modalités de leur nomination",,"0","Mme Marie-France Lorho","Membre suppléante","2024-12-06"
"Commission régionale du fonds pour le développement de la vie associative","l’article 27 de la loi n° 2018-699 du 3 août 2018 visant à garantir la présence des parlementaires dans certains organismes extérieurs au Parlement et à simplifier les modalités de leur nomination",,"0","Mme Marietta Karamanli","Membre titulaire","2024-12-06"
"Commission régionale du fonds pour le développement de la vie associative","l’article 27 de la loi n° 2018-699 du 3 août 2018 visant à garantir la présence des parlementaires dans certains organismes extérieurs au Parlement et à simplifier les modalités de leur nomination",,"0","M. Jiovanny William","Membre suppléant","2024-12-06"
"Commission régionale du fonds pour le développement de la vie associative","l’article 27 de la loi n° 2018-699 du 3 août 2018 visant à garantir la présence des parlementaires dans certains organismes extérieurs au Parlement et à simplifier les modalités de leur nomination",,"0","M. Thibaut Monnier","Membre titulaire","2024-12-06"
"Commission régionale du fonds pour le développement de la vie associative","l’article 27 de la loi n° 2018-699 du 3 août 2018 visant à garantir la présence des parlementaires dans certains organismes extérieurs au Parlement et à simplifier les modalités de leur nomination",,"0","M. Jordan Guitton","Membre titulaire","2024-12-06"
"Commission régionale du fonds pour le développement de la vie associative","l’article 27 de la loi n° 2018-699 du 3 août 2018 visant à garantir la présence des parlementaires dans certains organismes extérieurs au Parlement et à simplifier les modalités de leur nomination",,"0","M. Christophe Blanchet","Membre suppléant","2024-12-06"
"Commission régionale du fonds pour le développement de la vie associative","l’article 27 de la loi n° 2018-699 du 3 août 2018 visant à garantir la présence des parlementaires dans certains organismes extérieurs au Parlement et à simplifier les modalités de leur nomination",,"0","Mme Laure Lavalette","Membre titulaire","2024-12-06"
"Commission régionale du fonds pour le développement de la vie associative","l’article 27 de la loi n° 2018-699 du 3 août 2018 visant à garantir la présence des parlementaires dans certains organismes extérieurs au Parlement et à simplifier les modalités de leur nomination",,"0","M. Jean-François Rousset","Membre suppléant","2024-12-06"
"Commission régionale du fonds pour le développement de la vie associative","l’article 27 de la loi n° 2018-699 du 3 août 2018 visant à garantir la présence des parlementaires dans certains organismes extérieurs au Parlement et à simplifier les modalités de leur nomination",,"0","Mme Colette Capdevielle","Membre suppléante","2024-12-06"
"Commission régionale du fonds pour le développement de la vie associative","l’article 27 de la loi n° 2018-699 du 3 août 2018 visant à garantir la présence des parlementaires dans certains organismes extérieurs au Parlement et à simplifier les modalités de leur nomination",,"0","Mme Stéphanie Rist","Membre titulaire","2024-12-06"
"Commission régionale du fonds pour le développement de la vie associative","l’article 27 de la loi n° 2018-699 du 3 août 2018 visant à garantir la présence des parlementaires dans certains organismes extérieurs au Parlement et à simplifier les modalités de leur nomination",,"0","M. Bruno Fuchs","Membre suppléant","2024-12-06"
"Commission régionale du fonds pour le développement de la vie associative","l’article 27 de la loi n° 2018-699 du 3 août 2018 visant à garantir la présence des parlementaires dans certains organismes extérieurs au Parlement et à simplifier les modalités de leur nomination",,"0","M. Tristan Lahais","Membre suppléant","2024-12-06"
"Commission régionale du fonds pour le développement de la vie associative","l’article 27 de la loi n° 2018-699 du 3 août 2018 visant à garantir la présence des parlementaires dans certains organismes extérieurs au Parlement et à simplifier les modalités de leur nomination",,"0","M. Jean-Philippe Nilor","Membre titulaire","2024-12-06"
"Commission régionale du fonds pour le développement de la vie associative","l’article 27 de la loi n° 2018-699 du 3 août 2018 visant à garantir la présence des parlementaires dans certains organismes extérieurs au Parlement et à simplifier les modalités de leur nomination",,"0","Mme Josiane Corneloup","Membre titulaire","2024-12-06"
"Commission régionale du fonds pour le développement de la vie associative","l’article 27 de la loi n° 2018-699 du 3 août 2018 visant à garantir la présence des parlementaires dans certains organismes extérieurs au Parlement et à simplifier les modalités de leur nomination",,"0","Mme Fatiha Keloua Hachi","Membre suppléante","2024-12-06"
"Commission régionale du fonds pour le développement de la vie associative","l’article 27 de la loi n° 2018-699 du 3 août 2018 visant à garantir la présence des parlementaires dans certains organismes extérieurs au Parlement et à simplifier les modalités de leur nomination",,"0","Mme Émilie Bonnivard","Membre titulaire","2024-12-06"
"Commission régionale du fonds pour le développement de la vie associative","l’article 27 de la loi n° 2018-699 du 3 août 2018 visant à garantir la présence des parlementaires dans certains organismes extérieurs au Parlement et à simplifier les modalités de leur nomination",,"0","M. Philippe Naillet","Membre suppléant","2024-12-06"
"Commission régionale du fonds pour le développement de la vie associative","l’article 27 de la loi n° 2018-699 du 3 août 2018 visant à garantir la présence des parlementaires dans certains organismes extérieurs au Parlement et à simplifier les modalités de leur nomination",,"0","M. Philippe Brun","Membre titulaire","2024-12-06"
"Commission régionale du fonds pour le développement de la vie associative","l’article 27 de la loi n° 2018-699 du 3 août 2018 visant à garantir la présence des parlementaires dans certains organismes extérieurs au Parlement et à simplifier les modalités de leur nomination",,"0","Mme Murielle Lepvraud","Membre titulaire","2024-12-06"
"Commission régionale du fonds pour le développement de la vie associative","l’article 27 de la loi n° 2018-699 du 3 août 2018 visant à garantir la présence des parlementaires dans certains organismes extérieurs au Parlement et à simplifier les modalités de leur nomination",,"0","Mme Nicole Dubré-Chirat","Membre suppléante","2024-12-06"
"Commission régionale du fonds pour le développement de la vie associative","l’article 27 de la loi n° 2018-699 du 3 août 2018 visant à garantir la présence des parlementaires dans certains organismes extérieurs au Parlement et à simplifier les modalités de leur nomination",,"0","M. Julien Odoul","Membre titulaire","2024-12-06"
"Commission régionale du fonds pour le développement de la vie associative","l’article 27 de la loi n° 2018-699 du 3 août 2018 visant à garantir la présence des parlementaires dans certains organismes extérieurs au Parlement et à simplifier les modalités de leur nomination",,"0","M. Fabrice Barusseau","Membre suppléant","2024-12-06"
"Commission régionale du fonds pour le développement de la vie associative","l’article 27 de la loi n° 2018-699 du 3 août 2018 visant à garantir la présence des parlementaires dans certains organismes extérieurs au Parlement et à simplifier les modalités de leur nomination",,"0","Mme Hélène Laporte","Membre titulaire","2024-12-06"
"Commission régionale du fonds pour le développement de la vie associative","l’article 27 de la loi n° 2018-699 du 3 août 2018 visant à garantir la présence des parlementaires dans certains organismes extérieurs au Parlement et à simplifier les modalités de leur nomination",,"0","M. Emmanuel Fernandes","Membre suppléant","2024-12-06"
"Commission régionale du fonds pour le développement de la vie associative","l’article 27 de la loi n° 2018-699 du 3 août 2018 visant à garantir la présence des parlementaires dans certains organismes extérieurs au Parlement et à simplifier les modalités de leur nomination",,"0","M. Maxime Michelet","Membre titulaire","2024-12-06"
"Commission régionale du fonds pour le développement de la vie associative","l’article 27 de la loi n° 2018-699 du 3 août 2018 visant à garantir la présence des parlementaires dans certains organismes extérieurs au Parlement et à simplifier les modalités de leur nomination",,"0","M. Denis Masséglia","Membre suppléant","2024-12-06"
"Commission régionale du fonds pour le développement de la vie associative","l’article 27 de la loi n° 2018-699 du 3 août 2018 visant à garantir la présence des parlementaires dans certains organismes extérieurs au Parlement et à simplifier les modalités de leur nomination",,"0","M. Joseph Rivière","Membre titulaire","2024-12-06"
"Commission régionale du fonds pour le développement de la vie associative","l’article 27 de la loi n° 2018-699 du 3 août 2018 visant à garantir la présence des parlementaires dans certains organismes extérieurs au Parlement et à simplifier les modalités de leur nomination",,"0","Mme Anne Sicard","Membre titulaire","2024-12-06"
"Commission régionale du fonds pour le développement de la vie associative","l’article 27 de la loi n° 2018-699 du 3 août 2018 visant à garantir la présence des parlementaires dans certains organismes extérieurs au Parlement et à simplifier les modalités de leur nomination",,"0","Mme Anne-Cécile Violland","Membre titulaire","2024-12-06"
"Commission régionale du fonds pour le développement de la vie associative","l’article 27 de la loi n° 2018-699 du 3 août 2018 visant à garantir la présence des parlementaires dans certains organismes extérieurs au Parlement et à simplifier les modalités de leur nomination",,"0","M. Olivier Serva","Membre suppléant","2024-12-06"
"Commission régionale du fonds pour le développement de la vie associative","l’article 27 de la loi n° 2018-699 du 3 août 2018 visant à garantir la présence des parlementaires dans certains organismes extérieurs au Parlement et à simplifier les modalités de leur nomination",,"0","M. René Lioret","Membre titulaire","2024-12-06"
"Commission régionale du fonds pour le développement de la vie associative","l’article 27 de la loi n° 2018-699 du 3 août 2018 visant à garantir la présence des parlementaires dans certains organismes extérieurs au Parlement et à simplifier les modalités de leur nomination",,"0","Mme Caroline Colombier","Membre titulaire","2024-12-06"
"Commission régionale du fonds pour le développement de la vie associative","l’article 27 de la loi n° 2018-699 du 3 août 2018 visant à garantir la présence des parlementaires dans certains organismes extérieurs au Parlement et à simplifier les modalités de leur nomination",,"0","M. Boris Vallaud","Membre suppléant","2024-12-06"
"Commission régionale du fonds pour le développement de la vie associative","l’article 27 de la loi n° 2018-699 du 3 août 2018 visant à garantir la présence des parlementaires dans certains organismes extérieurs au Parlement et à simplifier les modalités de leur nomination",,"0","Mme Clémence Guetté","Membre titulaire","2024-12-06"
"Commission régionale du fonds pour le développement de la vie associative","l’article 27 de la loi n° 2018-699 du 3 août 2018 visant à garantir la présence des parlementaires dans certains organismes extérieurs au Parlement et à simplifier les modalités de leur nomination",,"0","Mme Nadine Lechon","Membre suppléante","2024-12-06"
"Commission régionale du fonds pour le développement de la vie associative","l’article 27 de la loi n° 2018-699 du 3 août 2018 visant à garantir la présence des parlementaires dans certains organismes extérieurs au Parlement et à simplifier les modalités de leur nomination",,"0","M. Hervé Saulignac","Membre titulaire","2024-12-06"
"Commission régionale du fonds pour le développement de la vie associative","l’article 27 de la loi n° 2018-699 du 3 août 2018 visant à garantir la présence des parlementaires dans certains organismes extérieurs au Parlement et à simplifier les modalités de leur nomination",,"0","M. Paul Christophle","Membre suppléant","2024-12-06"
"Commission régionale du fonds pour le développement de la vie associative","l’article 27 de la loi n° 2018-699 du 3 août 2018 visant à garantir la présence des parlementaires dans certains organismes extérieurs au Parlement et à simplifier les modalités de leur nomination",,"0","Mme Anna Pic","Membre titulaire","2024-12-06"
"Commission régionale du fonds pour le développement de la vie associative","l’article 27 de la loi n° 2018-699 du 3 août 2018 visant à garantir la présence des parlementaires dans certains organismes extérieurs au Parlement et à simplifier les modalités de leur nomination",,"0","M. Jonathan Gery","Membre suppléant","2024-12-06"
"Commission régionale du fonds pour le développement de la vie associative","l’article 27 de la loi n° 2018-699 du 3 août 2018 visant à garantir la présence des parlementaires dans certains organismes extérieurs au Parlement et à simplifier les modalités de leur nomination",,"0","M. Jean-Michel Jacques","Membre titulaire","2024-12-06"
"Commission régionale du fonds pour le développement de la vie associative","l’article 27 de la loi n° 2018-699 du 3 août 2018 visant à garantir la présence des parlementaires dans certains organismes extérieurs au Parlement et à simplifier les modalités de leur nomination",,"0","Mme Élise Leboucher","Membre suppléante","2024-12-06"
"Commission régionale du fonds pour le développement de la vie associative","l’article 27 de la loi n° 2018-699 du 3 août 2018 visant à garantir la présence des parlementaires dans certains organismes extérieurs au Parlement et à simplifier les modalités de leur nomination",,"0","M. Christian Baptiste","Membre titulaire","2024-12-06"
"Commission régionale du fonds pour le développement de la vie associative","l’article 27 de la loi n° 2018-699 du 3 août 2018 visant à garantir la présence des parlementaires dans certains organismes extérieurs au Parlement et à simplifier les modalités de leur nomination",,"0","M. David Guerin","Membre titulaire","2024-12-06"
"Commission régionale du fonds pour le développement de la vie associative","l’article 27 de la loi n° 2018-699 du 3 août 2018 visant à garantir la présence des parlementaires dans certains organismes extérieurs au Parlement et à simplifier les modalités de leur nomination",,"0","M. Frédéric Valletoux","Membre titulaire","2024-12-06"
"Commission régionale du fonds pour le développement de la vie associative","l’article 27 de la loi n° 2018-699 du 3 août 2018 visant à garantir la présence des parlementaires dans certains organismes extérieurs au Parlement et à simplifier les modalités de leur nomination",,"0","Mme Ayda Hadizadeh","Membre suppléante","2024-12-06"
"Commission régionale du fonds pour le développement de la vie associative","l’article 27 de la loi n° 2018-699 du 3 août 2018 visant à garantir la présence des parlementaires dans certains organismes extérieurs au Parlement et à simplifier les modalités de leur nomination",,"0","Mme Danièle Carteron","Membre suppléante","2024-12-06"
"Commission régionale du fonds pour le développement de la vie associative","l’article 27 de la loi n° 2018-699 du 3 août 2018 visant à garantir la présence des parlementaires dans certains organismes extérieurs au Parlement et à simplifier les modalités de leur nomination",,"0","Mme Pascale Got","Membre titulaire","2024-12-06"
"Commission régionale du fonds pour le développement de la vie associative","l’article 27 de la loi n° 2018-699 du 3 août 2018 visant à garantir la présence des parlementaires dans certains organismes extérieurs au Parlement et à simplifier les modalités de leur nomination",,"0","M. Emmanuel Mandon","Membre suppléant","2024-12-06"
"Commission régionale du fonds pour le développement de la vie associative","l’article 27 de la loi n° 2018-699 du 3 août 2018 visant à garantir la présence des parlementaires dans certains organismes extérieurs au Parlement et à simplifier les modalités de leur nomination",,"0","M. Nicolas Ray","Membre titulaire","2024-12-06"
"Commission régionale du fonds pour le développement de la vie associative","l’article 27 de la loi n° 2018-699 du 3 août 2018 visant à garantir la présence des parlementaires dans certains organismes extérieurs au Parlement et à simplifier les modalités de leur nomination",,"0","Mme Dominique Voynet","Membre suppléante","2024-12-06"
"Commission régionale du fonds pour le développement de la vie associative","l’article 27 de la loi n° 2018-699 du 3 août 2018 visant à garantir la présence des parlementaires dans certains organismes extérieurs au Parlement et à simplifier les modalités de leur nomination",,"0","M. Marc Chavent","Membre titulaire","2024-12-06"
"Commission régionale du fonds pour le développement de la vie associative","l’article 27 de la loi n° 2018-699 du 3 août 2018 visant à garantir la présence des parlementaires dans certains organismes extérieurs au Parlement et à simplifier les modalités de leur nomination",,"0","Mme Katiana Levavasseur","Membre suppléante","2024-12-06"
"Commission régionale du fonds pour le développement de la vie associative","l’article 27 de la loi n° 2018-699 du 3 août 2018 visant à garantir la présence des parlementaires dans certains organismes extérieurs au Parlement et à simplifier les modalités de leur nomination",,"0","Mme Marie Lebec","Membre titulaire","2024-12-06"
"Commission régionale du fonds pour le développement de la vie associative","l’article 27 de la loi n° 2018-699 du 3 août 2018 visant à garantir la présence des parlementaires dans certains organismes extérieurs au Parlement et à simplifier les modalités de leur nomination",,"0","M. Éric Michoux","Membre suppléant","2024-12-06"
"Commission régionale du fonds pour le développement de la vie associative","l’article 27 de la loi n° 2018-699 du 3 août 2018 visant à garantir la présence des parlementaires dans certains organismes extérieurs au Parlement et à simplifier les modalités de leur nomination",,"0","Mme Isabelle Rauch","Membre titulaire","2024-12-06"
"Commission régionale du fonds pour le développement de la vie associative","l’article 27 de la loi n° 2018-699 du 3 août 2018 visant à garantir la présence des parlementaires dans certains organismes extérieurs au Parlement et à simplifier les modalités de leur nomination",,"0","M. Jean-François Coulomme","Membre suppléant","2024-12-06"
"Commission régionale du fonds pour le développement de la vie associative","l’article 27 de la loi n° 2018-699 du 3 août 2018 visant à garantir la présence des parlementaires dans certains organismes extérieurs au Parlement et à simplifier les modalités de leur nomination",,"0","Mme Pauline Levasseur","Membre titulaire","2024-12-06"
"Commission régionale du fonds pour le développement de la vie associative","l’article 27 de la loi n° 2018-699 du 3 août 2018 visant à garantir la présence des parlementaires dans certains organismes extérieurs au Parlement et à simplifier les modalités de leur nomination",,"0","Mme Ersilia Soudais","Membre titulaire","2024-12-06"
"Commission régionale du fonds pour le développement de la vie associative","l’article 27 de la loi n° 2018-699 du 3 août 2018 visant à garantir la présence des parlementaires dans certains organismes extérieurs au Parlement et à simplifier les modalités de leur nomination",,"0","M. Christophe Mongardien","Membre suppléant","2024-12-06"
"Commission régionale du fonds pour le développement de la vie associative","l’article 27 de la loi n° 2018-699 du 3 août 2018 visant à garantir la présence des parlementaires dans certains organismes extérieurs au Parlement et à simplifier les modalités de leur nomination",,"0","Mme Annaïg Le Meur","Membre titulaire","2024-12-06"
"Commission régionale du fonds pour le développement de la vie associative","l’article 27 de la loi n° 2018-699 du 3 août 2018 visant à garantir la présence des parlementaires dans certains organismes extérieurs au Parlement et à simplifier les modalités de leur nomination",,"0","M. Matthias Tavel","Membre suppléant","2024-12-06"
"Commission régionale du fonds pour le développement de la vie associative","l’article 27 de la loi n° 2018-699 du 3 août 2018 visant à garantir la présence des parlementaires dans certains organismes extérieurs au Parlement et à simplifier les modalités de leur nomination",,"0","M. Alexandre Allegret-Pilot","Membre titulaire","2024-12-06"
"Commission régionale du fonds pour le développement de la vie associative","l’article 27 de la loi n° 2018-699 du 3 août 2018 visant à garantir la présence des parlementaires dans certains organismes extérieurs au Parlement et à simplifier les modalités de leur nomination",,"0","M. Michel Lauzzana","Membre suppléant","2024-12-06"
"Commission régionale du fonds pour le développement de la vie associative","l’article 27 de la loi n° 2018-699 du 3 août 2018 visant à garantir la présence des parlementaires dans certains organismes extérieurs au Parlement et à simplifier les modalités de leur nomination",,"0","M. Yannick Monnet","Membre titulaire","2024-12-06"
"Commission régionale du fonds pour le développement de la vie associative","l’article 27 de la loi n° 2018-699 du 3 août 2018 visant à garantir la présence des parlementaires dans certains organismes extérieurs au Parlement et à simplifier les modalités de leur nomination",,"0","Mme Catherine Hervieu","Membre suppléante","2024-12-06"
"Commission régionale du fonds pour le développement de la vie associative","l’article 27 de la loi n° 2018-699 du 3 août 2018 visant à garantir la présence des parlementaires dans certains organismes extérieurs au Parlement et à simplifier les modalités de leur nomination",,"0","Mme Delphine Batho","Membre titulaire","2024-12-06"
"Commission régionale du fonds pour le développement de la vie associative","l’article 27 de la loi n° 2018-699 du 3 août 2018 visant à garantir la présence des parlementaires dans certains organismes extérieurs au Parlement et à simplifier les modalités de leur nomination",,"0","M. Yannick Favennec-Bécot","Membre titulaire","2024-12-06"
"Commission régionale du fonds pour le développement de la vie associative","l’article 27 de la loi n° 2018-699 du 3 août 2018 visant à garantir la présence des parlementaires dans certains organismes extérieurs au Parlement et à simplifier les modalités de leur nomination",,"0","Mme Annie Vidal","Membre suppléante","2024-12-06"
"Commission régionale du fonds pour le développement de la vie associative","l’article 27 de la loi n° 2018-699 du 3 août 2018 visant à garantir la présence des parlementaires dans certains organismes extérieurs au Parlement et à simplifier les modalités de leur nomination",,"0","M. Philippe Gosselin","Membre titulaire","2024-12-06"
"Commission régionale du fonds pour le développement de la vie associative","l’article 27 de la loi n° 2018-699 du 3 août 2018 visant à garantir la présence des parlementaires dans certains organismes extérieurs au Parlement et à simplifier les modalités de leur nomination",,"0","M. Didier Padey","Membre titulaire","2024-12-06"
"Commission régionale du fonds pour le développement de la vie associative","l’article 27 de la loi n° 2018-699 du 3 août 2018 visant à garantir la présence des parlementaires dans certains organismes extérieurs au Parlement et à simplifier les modalités de leur nomination",,"0","M. Eddy Casterman","Membre suppléant","2024-12-06"
"Commission régionale du fonds pour le développement de la vie associative","l’article 27 de la loi n° 2018-699 du 3 août 2018 visant à garantir la présence des parlementaires dans certains organismes extérieurs au Parlement et à simplifier les modalités de leur nomination",,"0","M. Laurent Marcangeli","Membre titulaire","2024-12-06"
"Commission régionale du fonds pour le développement de la vie associative","l’article 27 de la loi n° 2018-699 du 3 août 2018 visant à garantir la présence des parlementaires dans certains organismes extérieurs au Parlement et à simplifier les modalités de leur nomination",,"0","Mme Constance de Pélichy","Membre suppléante","2024-12-06"
"Commission régionale du fonds pour le développement de la vie associative","l’article 27 de la loi n° 2018-699 du 3 août 2018 visant à garantir la présence des parlementaires dans certains organismes extérieurs au Parlement et à simplifier les modalités de leur nomination",,"0","Mme Anne Stambach-Terrenoir","Membre titulaire","2024-12-06"
"Commission régionale du fonds pour le développement de la vie associative","l’article 27 de la loi n° 2018-699 du 3 août 2018 visant à garantir la présence des parlementaires dans certains organismes extérieurs au Parlement et à simplifier les modalités de leur nomination",,"0","M. Charles de Courson","Membre suppléant","2024-12-06"
"Commission régionale du fonds pour le développement de la vie associative","l’article 27 de la loi n° 2018-699 du 3 août 2018 visant à garantir la présence des parlementaires dans certains organismes extérieurs au Parlement et à simplifier les modalités de leur nomination",,"0","M. Fabrice Brun","Membre titulaire","2024-12-06"
"Commission régionale du fonds pour le développement de la vie associative","l’article 27 de la loi n° 2018-699 du 3 août 2018 visant à garantir la présence des parlementaires dans certains organismes extérieurs au Parlement et à simplifier les modalités de leur nomination",,"0","M. Corentin Le Fur","Membre suppléant","2024-12-06"
"Commission régionale du fonds pour le développement de la vie associative","l’article 27 de la loi n° 2018-699 du 3 août 2018 visant à garantir la présence des parlementaires dans certains organismes extérieurs au Parlement et à simplifier les modalités de leur nomination",,"0","M. Nicolas Thierry","Membre suppléant","2024-12-06"
"Commission régionale du fonds pour le développement de la vie associative","l’article 27 de la loi n° 2018-699 du 3 août 2018 visant à garantir la présence des parlementaires dans certains organismes extérieurs au Parlement et à simplifier les modalités de leur nomination",,"0","M. François Ruffin","Membre titulaire","2024-12-06"
"Commission régionale du fonds pour le développement de la vie associative","l’article 27 de la loi n° 2018-699 du 3 août 2018 visant à garantir la présence des parlementaires dans certains organismes extérieurs au Parlement et à simplifier les modalités de leur nomination",,"0","M. Frédéric Weber","Membre titulaire","2024-12-06"
"Commission régionale du fonds pour le développement de la vie associative","l’article 27 de la loi n° 2018-699 du 3 août 2018 visant à garantir la présence des parlementaires dans certains organismes extérieurs au Parlement et à simplifier les modalités de leur nomination",,"0","M. Frédéric Boccaletti","Membre suppléant","2024-12-06"
"Commission régionale du fonds pour le développement de la vie associative","l’article 27 de la loi n° 2018-699 du 3 août 2018 visant à garantir la présence des parlementaires dans certains organismes extérieurs au Parlement et à simplifier les modalités de leur nomination",,"0","M. Ugo Bernalicis","Membre titulaire","2024-12-06"
"Commission régionale du fonds pour le développement de la vie associative","l’article 27 de la loi n° 2018-699 du 3 août 2018 visant à garantir la présence des parlementaires dans certains organismes extérieurs au Parlement et à simplifier les modalités de leur nomination",,"0","Mme Dieynaba Diop","Membre suppléante","2024-12-06"
"Commission régionale du fonds pour le développement de la vie associative","l’article 27 de la loi n° 2018-699 du 3 août 2018 visant à garantir la présence des parlementaires dans certains organismes extérieurs au Parlement et à simplifier les modalités de leur nomination",,"0","Mme Valérie Bazin-Malgras","Membre titulaire","2024-12-06"
"Commission régionale du fonds pour le développement de la vie associative","l’article 27 de la loi n° 2018-699 du 3 août 2018 visant à garantir la présence des parlementaires dans certains organismes extérieurs au Parlement et à simplifier les modalités de leur nomination",,"0","Mme Alexandra Masson","Membre suppléante","2024-12-06"
"Commission régionale du fonds pour le développement de la vie associative","l’article 27 de la loi n° 2018-699 du 3 août 2018 visant à garantir la présence des parlementaires dans certains organismes extérieurs au Parlement et à simplifier les modalités de leur nomination",,"0","M. Sébastien Delogu","Membre suppléant","2024-12-06"
"Commission régionale du fonds pour le développement de la vie associative","l’article 27 de la loi n° 2018-699 du 3 août 2018 visant à garantir la présence des parlementaires dans certains organismes extérieurs au Parlement et à simplifier les modalités de leur nomination",,"0","M. Jean-Louis Roumégas","Membre titulaire","2024-12-06"
"Commission régionale du fonds pour le développement de la vie associative","l’article 27 de la loi n° 2018-699 du 3 août 2018 visant à garantir la présence des parlementaires dans certains organismes extérieurs au Parlement et à simplifier les modalités de leur nomination",,"0","M. Paul Molac","Membre suppléant","2024-12-06"
"Commission régionale du fonds pour le développement de la vie associative","l’article 27 de la loi n° 2018-699 du 3 août 2018 visant à garantir la présence des parlementaires dans certains organismes extérieurs au Parlement et à simplifier les modalités de leur nomination",,"0","M. Jean-Luc Warsmann","Membre titulaire","2024-12-06"
"Commission régionale du fonds pour le développement de la vie associative","l’article 27 de la loi n° 2018-699 du 3 août 2018 visant à garantir la présence des parlementaires dans certains organismes extérieurs au Parlement et à simplifier les modalités de leur nomination",,"0","Mme Sandra Marsaud","Membre suppléante","2024-12-06"
"Commission régionale du fonds pour le développement de la vie associative","l’article 27 de la loi n° 2018-699 du 3 août 2018 visant à garantir la présence des parlementaires dans certains organismes extérieurs au Parlement et à simplifier les modalités de leur nomination",,"0","M. Philippe Vigier","Membre suppléant","2024-12-06"
"Commission régionale du fonds pour le développement de la vie associative","l’article 27 de la loi n° 2018-699 du 3 août 2018 visant à garantir la présence des parlementaires dans certains organismes extérieurs au Parlement et à simplifier les modalités de leur nomination",,"0","M. Jean Terlier","Membre titulaire","2024-12-06"
"Commission régionale du fonds pour le développement de la vie associative","l’article 27 de la loi n° 2018-699 du 3 août 2018 visant à garantir la présence des parlementaires dans certains organismes extérieurs au Parlement et à simplifier les modalités de leur nomination",,"0","Mme Farida Amrani","Membre titulaire","2024-12-06"
"Commission régionale du fonds pour le développement de la vie associative","l’article 27 de la loi n° 2018-699 du 3 août 2018 visant à garantir la présence des parlementaires dans certains organismes extérieurs au Parlement et à simplifier les modalités de leur nomination",,"0","M. Arnaud Bonnet","Membre suppléant","2024-12-06"
"Commission régionale du fonds pour le développement de la vie associative","l’article 27 de la loi n° 2018-699 du 3 août 2018 visant à garantir la présence des parlementaires dans certains organismes extérieurs au Parlement et à simplifier les modalités de leur nomination",,"0","M. Éric Woerth","Membre titulaire","2024-12-06"
"Commission régionale du fonds pour le développement de la vie associative","l’article 27 de la loi n° 2018-699 du 3 août 2018 visant à garantir la présence des parlementaires dans certains organismes extérieurs au Parlement et à simplifier les modalités de leur nomination",,"0","Mme Zahia Hamdane","Membre suppléante","2024-12-06"
"Commission régionale du fonds pour le développement de la vie associative","l’article 27 de la loi n° 2018-699 du 3 août 2018 visant à garantir la présence des parlementaires dans certains organismes extérieurs au Parlement et à simplifier les modalités de leur nomination",,"0","M. Julien Rancoule","Membre titulaire","2024-12-06"
"Commission régionale du fonds pour le développement de la vie associative","l’article 27 de la loi n° 2018-699 du 3 août 2018 visant à garantir la présence des parlementaires dans certains organismes extérieurs au Parlement et à simplifier les modalités de leur nomination",,"0","M. Alexandre Dufosset","Membre suppléant","2024-12-06"
"Commission régionale du fonds pour le développement de la vie associative","l’article 27 de la loi n° 2018-699 du 3 août 2018 visant à garantir la présence des parlementaires dans certains organismes extérieurs au Parlement et à simplifier les modalités de leur nomination",,"0","M. Charles Fournier","Membre titulaire","2024-12-06"
"Commission régionale du fonds pour le développement de la vie associative","l’article 27 de la loi n° 2018-699 du 3 août 2018 visant à garantir la présence des parlementaires dans certains organismes extérieurs au Parlement et à simplifier les modalités de leur nomination",,"0","M. Laurent Jacobelli","Membre suppléant","2024-12-06"
"Commission régionale du fonds pour le développement de la vie associative","l’article 27 de la loi n° 2018-699 du 3 août 2018 visant à garantir la présence des parlementaires dans certains organismes extérieurs au Parlement et à simplifier les modalités de leur nomination",,"0","Mme Claudia Rouaux","Membre titulaire","2024-12-06"
"Commission régionale du fonds pour le développement de la vie associative","l’article 27 de la loi n° 2018-699 du 3 août 2018 visant à garantir la présence des parlementaires dans certains organismes extérieurs au Parlement et à simplifier les modalités de leur nomination",,"0","M. Bertrand Sorre","Membre suppléant","2024-12-06"
"Commission régionale du fonds pour le développement de la vie associative","l’article 27 de la loi n° 2018-699 du 3 août 2018 visant à garantir la présence des parlementaires dans certains organismes extérieurs au Parlement et à simplifier les modalités de leur nomination",,"0","Mme Mélanie Thomin","Membre suppléante","2024-12-06"
"Commission régionale du fonds pour le développement de la vie associative","l’article 27 de la loi n° 2018-699 du 3 août 2018 visant à garantir la présence des parlementaires dans certains organismes extérieurs au Parlement et à simplifier les modalités de leur nomination",,"0","M. Philippe Latombe","Membre titulaire","2024-12-06"
"Commission régionale du fonds pour le développement de la vie associative","l’article 27 de la loi n° 2018-699 du 3 août 2018 visant à garantir la présence des parlementaires dans certains organismes extérieurs au Parlement et à simplifier les modalités de leur nomination",,"0","Mme Lisa Belluco","Membre titulaire","2024-12-06"
"Commission régionale du fonds pour le développement de la vie associative","l’article 27 de la loi n° 2018-699 du 3 août 2018 visant à garantir la présence des parlementaires dans certains organismes extérieurs au Parlement et à simplifier les modalités de leur nomination",,"0","Mme Véronique Louwagie","Membre titulaire","2024-12-06"
"Commission régionale du fonds pour le développement de la vie associative","l’article 27 de la loi n° 2018-699 du 3 août 2018 visant à garantir la présence des parlementaires dans certains organismes extérieurs au Parlement et à simplifier les modalités de leur nomination",,"0","M. Philippe Bonnecarrère","Membre suppléant","2024-12-06"
"Commission régionale du fonds pour le développement de la vie associative","l’article 27 de la loi n° 2018-699 du 3 août 2018 visant à garantir la présence des parlementaires dans certains organismes extérieurs au Parlement et à simplifier les modalités de leur nomination",,"0","M. Hubert Ott","Membre titulaire","2024-12-06"
"Commission régionale du fonds pour le développement de la vie associative","l’article 27 de la loi n° 2018-699 du 3 août 2018 visant à garantir la présence des parlementaires dans certains organismes extérieurs au Parlement et à simplifier les modalités de leur nomination",,"0","M. Laurent Alexandre","Membre titulaire","2024-12-06"
"Commission régionale du fonds pour le développement de la vie associative","l’article 27 de la loi n° 2018-699 du 3 août 2018 visant à garantir la présence des parlementaires dans certains organismes extérieurs au Parlement et à simplifier les modalités de leur nomination",,"0","Mme Anaïs Sabatini","Membre suppléante","2024-12-06"
"Commission régionale du fonds pour le développement de la vie associative","l’article 27 de la loi n° 2018-699 du 3 août 2018 visant à garantir la présence des parlementaires dans certains organismes extérieurs au Parlement et à simplifier les modalités de leur nomination",,"0","M. Hervé de Lépinau","Membre suppléant","2024-12-06"
"Commission régionale du fonds pour le développement de la vie associative","l’article 27 de la loi n° 2018-699 du 3 août 2018 visant à garantir la présence des parlementaires dans certains organismes extérieurs au Parlement et à simplifier les modalités de leur nomination",,"0","Mme Sandrine Nosbé","Membre titulaire","2024-12-06"
"Commission régionale du fonds pour le développement de la vie associative","l’article 27 de la loi n° 2018-699 du 3 août 2018 visant à garantir la présence des parlementaires dans certains organismes extérieurs au Parlement et à simplifier les modalités de leur nomination",,"0","M. Stéphane Hablot","Membre suppléant","2024-12-06"
"Commission régionale du fonds pour le développement de la vie associative","l’article 27 de la loi n° 2018-699 du 3 août 2018 visant à garantir la présence des parlementaires dans certains organismes extérieurs au Parlement et à simplifier les modalités de leur nomination",,"0","M. Florent Boudié","Membre titulaire","2024-12-06"
"Commission régionale du fonds pour le développement de la vie associative","l’article 27 de la loi n° 2018-699 du 3 août 2018 visant à garantir la présence des parlementaires dans certains organismes extérieurs au Parlement et à simplifier les modalités de leur nomination",,"0","Mme Marianne Maximi","Membre suppléante","2024-12-06"
"Commission régionale du fonds pour le développement de la vie associative","l’article 27 de la loi n° 2018-699 du 3 août 2018 visant à garantir la présence des parlementaires dans certains organismes extérieurs au Parlement et à simplifier les modalités de leur nomination",,"0","M. François-Xavier Ceccoli","Membre suppléant","2024-12-06"
"Commission régionale du fonds pour le développement de la vie associative","l’article 27 de la loi n° 2018-699 du 3 août 2018 visant à garantir la présence des parlementaires dans certains organismes extérieurs au Parlement et à simplifier les modalités de leur nomination",,"0","Mme Christine Arrighi","Membre suppléante","2024-12-06"
"Commission régionale du fonds pour le développement de la vie associative","l’article 27 de la loi n° 2018-699 du 3 août 2018 visant à garantir la présence des parlementaires dans certains organismes extérieurs au Parlement et à simplifier les modalités de leur nomination",,"0","M. Damien Maudet","Membre titulaire","2024-12-06"
"Commission régionale du fonds pour le développement de la vie associative","l’article 27 de la loi n° 2018-699 du 3 août 2018 visant à garantir la présence des parlementaires dans certains organismes extérieurs au Parlement et à simplifier les modalités de leur nomination",,"0","M. Charles Sitzenstuhl","Membre titulaire","2024-12-06"
"Commission régionale du fonds pour le développement de la vie associative","l’article 27 de la loi n° 2018-699 du 3 août 2018 visant à garantir la présence des parlementaires dans certains organismes extérieurs au Parlement et à simplifier les modalités de leur nomination",,"0","M. Pierre Henriet","Membre suppléant","2024-12-06"
"Commission régionale du fonds pour le développement de la vie associative","l’article 27 de la loi n° 2018-699 du 3 août 2018 visant à garantir la présence des parlementaires dans certains organismes extérieurs au Parlement et à simplifier les modalités de leur nomination",,"0","Mme Sophie Blanc","Membre titulaire","2024-12-06"
"Commission régionale du fonds pour le développement de la vie associative","l’article 27 de la loi n° 2018-699 du 3 août 2018 visant à garantir la présence des parlementaires dans certains organismes extérieurs au Parlement et à simplifier les modalités de leur nomination",,"0","M. Nicolas Turquois","Membre suppléant","2024-12-06"
"Commission régionale du fonds pour le développement de la vie associative","l’article 27 de la loi n° 2018-699 du 3 août 2018 visant à garantir la présence des parlementaires dans certains organismes extérieurs au Parlement et à simplifier les modalités de leur nomination",,"0","Mme Joëlle Mélin","Membre titulaire","2024-12-06"
"Commission régionale du fonds pour le développement de la vie associative","l’article 27 de la loi n° 2018-699 du 3 août 2018 visant à garantir la présence des parlementaires dans certains organismes extérieurs au Parlement et à simplifier les modalités de leur nomination",,"0","M. Nicolas Sansu","Membre titulaire","2024-12-06"
"Commission régionale du fonds pour le développement de la vie associative","l’article 27 de la loi n° 2018-699 du 3 août 2018 visant à garantir la présence des parlementaires dans certains organismes extérieurs au Parlement et à simplifier les modalités de leur nomination",,"0","M. Emmanuel Grégoire","Membre suppléant","2024-12-06"
"Commission régionale du fonds pour le développement de la vie associative","l’article 27 de la loi n° 2018-699 du 3 août 2018 visant à garantir la présence des parlementaires dans certains organismes extérieurs au Parlement et à simplifier les modalités de leur nomination",,"0","M. Philippe Juvin","Membre suppléant","2024-12-06"
"Commission régionale du fonds pour le développement de la vie associative","l’article 27 de la loi n° 2018-699 du 3 août 2018 visant à garantir la présence des parlementaires dans certains organismes extérieurs au Parlement et à simplifier les modalités de leur nomination",,"0","Mme Danielle Brulebois","Membre titulaire","2024-12-06"
"Commission régionale du fonds pour le développement de la vie associative","l’article 27 de la loi n° 2018-699 du 3 août 2018 visant à garantir la présence des parlementaires dans certains organismes extérieurs au Parlement et à simplifier les modalités de leur nomination",,"0","Mme Félicie Gérard","Membre suppléante","2024-12-06"
"Commission régionale du fonds pour le développement de la vie associative","l’article 27 de la loi n° 2018-699 du 3 août 2018 visant à garantir la présence des parlementaires dans certains organismes extérieurs au Parlement et à simplifier les modalités de leur nomination",,"0","Mme Pascale Bordes","Membre suppléante","2024-12-06"
"Commission régionale du fonds pour le développement de la vie associative","l’article 27 de la loi n° 2018-699 du 3 août 2018 visant à garantir la présence des parlementaires dans certains organismes extérieurs au Parlement et à simplifier les modalités de leur nomination",,"0","M. Daniel Labaronne","Membre suppléant","2024-12-06"
"Commission régionale du fonds pour le développement de la vie associative","l’article 27 de la loi n° 2018-699 du 3 août 2018 visant à garantir la présence des parlementaires dans certains organismes extérieurs au Parlement et à simplifier les modalités de leur nomination",,"0","M. Christophe Naegelen","Membre titulaire","2024-12-06"
"Commission régionale du fonds pour le développement de la vie associative","l’article 27 de la loi n° 2018-699 du 3 août 2018 visant à garantir la présence des parlementaires dans certains organismes extérieurs au Parlement et à simplifier les modalités de leur nomination",,"0","Mme Bénédicte Auzanot","Membre titulaire","2024-12-06"
"Commission régionale du fonds pour le développement de la vie associative","l’article 27 de la loi n° 2018-699 du 3 août 2018 visant à garantir la présence des parlementaires dans certains organismes extérieurs au Parlement et à simplifier les modalités de leur nomination",,"0","Mme Julie Ozenne","Membre suppléante","2024-12-06"
"Commission régionale du fonds pour le développement de la vie associative","l’article 27 de la loi n° 2018-699 du 3 août 2018 visant à garantir la présence des parlementaires dans certains organismes extérieurs au Parlement et à simplifier les modalités de leur nomination",,"0","Mme Sandra Regol","Membre titulaire","2024-12-06"
"Commission régionale du fonds pour le développement de la vie associative","l’article 27 de la loi n° 2018-699 du 3 août 2018 visant à garantir la présence des parlementaires dans certains organismes extérieurs au Parlement et à simplifier les modalités de leur nomination",,"0","M. Stéphane Viry","Membre suppléant","2024-12-06"
"Commission régionale du fonds pour le développement de la vie associative","l’article 27 de la loi n° 2018-699 du 3 août 2018 visant à garantir la présence des parlementaires dans certains organismes extérieurs au Parlement et à simplifier les modalités de leur nomination",,"0","M. Pascal Markowsky","Membre titulaire","2024-12-06"
"Commission régionale du fonds pour le développement de la vie associative","l’article 27 de la loi n° 2018-699 du 3 août 2018 visant à garantir la présence des parlementaires dans certains organismes extérieurs au Parlement et à simplifier les modalités de leur nomination",,"0","M. Sébastien Peytavie","Membre titulaire","2024-12-06"
"Commission régionale du fonds pour le développement de la vie associative","l’article 27 de la loi n° 2018-699 du 3 août 2018 visant à garantir la présence des parlementaires dans certains organismes extérieurs au Parlement et à simplifier les modalités de leur nomination",,"0","M. Vincent Trébuchet","Membre suppléant","2024-12-06"
"Commission régionale du fonds pour le développement de la vie associative","l’article 27 de la loi n° 2018-699 du 3 août 2018 visant à garantir la présence des parlementaires dans certains organismes extérieurs au Parlement et à simplifier les modalités de leur nomination",,"0","M. Sébastien Chenu","Membre titulaire","2024-12-06"
"Commission régionale du fonds pour le développement de la vie associative","l’article 27 de la loi n° 2018-699 du 3 août 2018 visant à garantir la présence des parlementaires dans certains organismes extérieurs au Parlement et à simplifier les modalités de leur nomination",,"0","M. Lionel Causse","Membre titulaire","2024-12-06"
"Commission régionale du fonds pour le développement de la vie associative","l’article 27 de la loi n° 2018-699 du 3 août 2018 visant à garantir la présence des parlementaires dans certains organismes extérieurs au Parlement et à simplifier les modalités de leur nomination",,"0","M. David Magnier","Membre suppléant","2024-12-06"
"Commission régionale du fonds pour le développement de la vie associative","l’article 27 de la loi n° 2018-699 du 3 août 2018 visant à garantir la présence des parlementaires dans certains organismes extérieurs au Parlement et à simplifier les modalités de leur nomination",,"0","M. Antoine Vermorel","Membre titulaire","2024-12-06"
"Commission régionale du fonds pour le développement de la vie associative","l’article 27 de la loi n° 2018-699 du 3 août 2018 visant à garantir la présence des parlementaires dans certains organismes extérieurs au Parlement et à simplifier les modalités de leur nomination",,"0","M. Peio Dufau","Membre suppléant","2024-12-06"
"Commission régionale du fonds pour le développement de la vie associative","l’article 27 de la loi n° 2018-699 du 3 août 2018 visant à garantir la présence des parlementaires dans certains organismes extérieurs au Parlement et à simplifier les modalités de leur nomination",,"0","M. Jérémie Iordanoff","Membre suppléant","2024-12-06"
"Commission régionale du fonds pour le développement de la vie associative","l’article 27 de la loi n° 2018-699 du 3 août 2018 visant à garantir la présence des parlementaires dans certains organismes extérieurs au Parlement et à simplifier les modalités de leur nomination",,"0","Mme Sophie-Laurence Roy","Membre titulaire","2024-12-06"
"Commission régionale du fonds pour le développement de la vie associative","l’article 27 de la loi n° 2018-699 du 3 août 2018 visant à garantir la présence des parlementaires dans certains organismes extérieurs au Parlement et à simplifier les modalités de leur nomination",,"0","Mme Prisca Thevenot","Membre titulaire","2024-12-06"
"Commission régionale du fonds pour le développement de la vie associative","l’article 27 de la loi n° 2018-699 du 3 août 2018 visant à garantir la présence des parlementaires dans certains organismes extérieurs au Parlement et à simplifier les modalités de leur nomination",,"0","Mme Josy Poueyto","Membre titulaire","2024-12-06"
"Commission régionale du fonds pour le développement de la vie associative","l’article 27 de la loi n° 2018-699 du 3 août 2018 visant à garantir la présence des parlementaires dans certains organismes extérieurs au Parlement et à simplifier les modalités de leur nomination",,"0","M. Daniel Grenon","Membre suppléant","2024-12-06"
"Commission régionale du fonds pour le développement de la vie associative","l’article 27 de la loi n° 2018-699 du 3 août 2018 visant à garantir la présence des parlementaires dans certains organismes extérieurs au Parlement et à simplifier les modalités de leur nomination",,"0","M. Arnaud Sanvert","Membre titulaire","2024-12-06"
"Commission régionale du fonds pour le développement de la vie associative","l’article 27 de la loi n° 2018-699 du 3 août 2018 visant à garantir la présence des parlementaires dans certains organismes extérieurs au Parlement et à simplifier les modalités de leur nomination",,"0","Mme Marie Pochon","Membre titulaire","2024-12-06"
"Commission régionale du fonds pour le développement de la vie associative","l’article 27 de la loi n° 2018-699 du 3 août 2018 visant à garantir la présence des parlementaires dans certains organismes extérieurs au Parlement et à simplifier les modalités de leur nomination",,"0","M. Nicolas Dragon","Membre titulaire","2024-12-06"
"Commission régionale du fonds pour le développement de la vie associative","l’article 27 de la loi n° 2018-699 du 3 août 2018 visant à garantir la présence des parlementaires dans certains organismes extérieurs au Parlement et à simplifier les modalités de leur nomination",,"0","M. Jorys Bovet","Membre suppléant","2024-12-06"
"Commission régionale du fonds pour le développement de la vie associative","l’article 27 de la loi n° 2018-699 du 3 août 2018 visant à garantir la présence des parlementaires dans certains organismes extérieurs au Parlement et à simplifier les modalités de leur nomination",,"0","Mme Yaël Ménaché","Membre titulaire","2024-12-06"
"Commission régionale du fonds pour le développement de la vie associative","l’article 27 de la loi n° 2018-699 du 3 août 2018 visant à garantir la présence des parlementaires dans certains organismes extérieurs au Parlement et à simplifier les modalités de leur nomination",,"0","M. Christophe Barthès","Membre suppléant","2024-12-06"
"Commission régionale du fonds pour le développement de la vie associative","l’article 27 de la loi n° 2018-699 du 3 août 2018 visant à garantir la présence des parlementaires dans certains organismes extérieurs au Parlement et à simplifier les modalités de leur nomination",,"0","M. Christophe Marion","Membre titulaire","2024-12-06"
"Commission régionale du fonds pour le développement de la vie associative","l’article 27 de la loi n° 2018-699 du 3 août 2018 visant à garantir la présence des parlementaires dans certains organismes extérieurs au Parlement et à simplifier les modalités de leur nomination",,"0","Mme Caroline Parmentier","Membre suppléante","2024-12-06"
"Commission régionale du fonds pour le développement de la vie associative","l’article 27 de la loi n° 2018-699 du 3 août 2018 visant à garantir la présence des parlementaires dans certains organismes extérieurs au Parlement et à simplifier les modalités de leur nomination",,"0","M. Jean-Michel Brard","Membre titulaire","2024-12-06"
"Commission régionale du fonds pour le développement de la vie associative","l’article 27 de la loi n° 2018-699 du 3 août 2018 visant à garantir la présence des parlementaires dans certains organismes extérieurs au Parlement et à simplifier les modalités de leur nomination",,"0","M. Olivier Becht","Membre suppléant","2024-12-06"
"Commission régionale du fonds pour le développement de la vie associative","l’article 27 de la loi n° 2018-699 du 3 août 2018 visant à garantir la présence des parlementaires dans certains organismes extérieurs au Parlement et à simplifier les modalités de leur nomination",,"0","Mme Marie Mesmeur","Membre suppléante","2024-12-06"
"Commission régionale du fonds pour le développement de la vie associative","l’article 27 de la loi n° 2018-699 du 3 août 2018 visant à garantir la présence des parlementaires dans certains organismes extérieurs au Parlement et à simplifier les modalités de leur nomination",,"0","Mme Béatrice Bellay","Membre titulaire","2024-12-06"
"Commission régionale du fonds pour le développement de la vie associative","l’article 27 de la loi n° 2018-699 du 3 août 2018 visant à garantir la présence des parlementaires dans certains organismes extérieurs au Parlement et à simplifier les modalités de leur nomination",,"0","M. Jean-Luc Fugit","Membre titulaire","2024-12-06"
"Commission régionale du fonds pour le développement de la vie associative","l’article 27 de la loi n° 2018-699 du 3 août 2018 visant à garantir la présence des parlementaires dans certains organismes extérieurs au Parlement et à simplifier les modalités de leur nomination",,"0","M. Aly Diouara","Membre suppléant","2024-12-06"
"Commission régionale du fonds pour le développement de la vie associative","l’article 27 de la loi n° 2018-699 du 3 août 2018 visant à garantir la présence des parlementaires dans certains organismes extérieurs au Parlement et à simplifier les modalités de leur nomination",,"0","M. Éric Martineau","Membre titulaire","2024-12-06"
"Commission régionale du fonds pour le développement de la vie associative","l’article 27 de la loi n° 2018-699 du 3 août 2018 visant à garantir la présence des parlementaires dans certains organismes extérieurs au Parlement et à simplifier les modalités de leur nomination",,"0","M. Marcellin Nadeau","Membre suppléant","2024-12-06"
"Commission régionale du fonds pour le développement de la vie associative","l’article 27 de la loi n° 2018-699 du 3 août 2018 visant à garantir la présence des parlementaires dans certains organismes extérieurs au Parlement et à simplifier les modalités de leur nomination",,"0","Mme Christine Loir","Membre titulaire","2024-12-06"
"Commission régionale du fonds pour le développement de la vie associative","l’article 27 de la loi n° 2018-699 du 3 août 2018 visant à garantir la présence des parlementaires dans certains organismes extérieurs au Parlement et à simplifier les modalités de leur nomination",,"0","M. Mickaël Cosson","Membre titulaire","2024-12-06"
"Commission régionale du fonds pour le développement de la vie associative","l’article 27 de la loi n° 2018-699 du 3 août 2018 visant à garantir la présence des parlementaires dans certains organismes extérieurs au Parlement et à simplifier les modalités de leur nomination",,"0","M. Bertrand Bouyx","Membre suppléant","2024-12-06"
"Commission régionale du fonds pour le développement de la vie associative","l’article 27 de la loi n° 2018-699 du 3 août 2018 visant à garantir la présence des parlementaires dans certains organismes extérieurs au Parlement et à simplifier les modalités de leur nomination",,"0","Mme Elsa Faucillon","Membre titulaire","2024-12-06"
"Commission régionale du fonds pour le développement de la vie associative","l’article 27 de la loi n° 2018-699 du 3 août 2018 visant à garantir la présence des parlementaires dans certains organismes extérieurs au Parlement et à simplifier les modalités de leur nomination",,"0","M. Emmanuel Taché","Membre suppléant","2024-12-06"
"Commission régionale du fonds pour le développement de la vie associative","l’article 27 de la loi n° 2018-699 du 3 août 2018 visant à garantir la présence des parlementaires dans certains organismes extérieurs au Parlement et à simplifier les modalités de leur nomination",,"0","M. Emmanuel Duplessy","Membre titulaire","2024-12-06"
"Commission régionale du fonds pour le développement de la vie associative","l’article 27 de la loi n° 2018-699 du 3 août 2018 visant à garantir la présence des parlementaires dans certains organismes extérieurs au Parlement et à simplifier les modalités de leur nomination",,"0","Mme Sandrine Dogor-Such","Membre suppléante","2024-12-06"
"Commission régionale du fonds pour le développement de la vie associative","l’article 27 de la loi n° 2018-699 du 3 août 2018 visant à garantir la présence des parlementaires dans certains organismes extérieurs au Parlement et à simplifier les modalités de leur nomination",,"0","Mme Sophie Mette","Membre suppléante","2024-12-06"
"Commission régionale du fonds pour le développement de la vie associative","l’article 27 de la loi n° 2018-699 du 3 août 2018 visant à garantir la présence des parlementaires dans certains organismes extérieurs au Parlement et à simplifier les modalités de leur nomination",,"0","Mme Karine Lebon","Membre titulaire","2024-12-06"
"Commission régionale du fonds pour le développement de la vie associative","l’article 27 de la loi n° 2018-699 du 3 août 2018 visant à garantir la présence des parlementaires dans certains organismes extérieurs au Parlement et à simplifier les modalités de leur nomination",,"0","M. Max Mathiasin","Membre titulaire","2024-12-06"
"Commission régionale du fonds pour le développement de la vie associative","l’article 27 de la loi n° 2018-699 du 3 août 2018 visant à garantir la présence des parlementaires dans certains organismes extérieurs au Parlement et à simplifier les modalités de leur nomination",,"0","M. Sylvain Berrios","Membre suppléant","2024-12-06"
"Commission régionale du fonds pour le développement de la vie associative","l’article 27 de la loi n° 2018-699 du 3 août 2018 visant à garantir la présence des parlementaires dans certains organismes extérieurs au Parlement et à simplifier les modalités de leur nomination",,"0","Mme Véronique Riotton","Membre titulaire","2024-12-06"
"Commission régionale du fonds pour le développement de la vie associative","l’article 27 de la loi n° 2018-699 du 3 août 2018 visant à garantir la présence des parlementaires dans certains organismes extérieurs au Parlement et à simplifier les modalités de leur nomination",,"0","Mme Émeline K/Bidi","Membre suppléante","2024-12-06"
"Commission régionale du fonds pour le développement de la vie associative","l’article 27 de la loi n° 2018-699 du 3 août 2018 visant à garantir la présence des parlementaires dans certains organismes extérieurs au Parlement et à simplifier les modalités de leur nomination",,"0","Mme Océane Godard","Membre titulaire","2024-12-06"
"Commission régionale du fonds pour le développement de la vie associative","l’article 27 de la loi n° 2018-699 du 3 août 2018 visant à garantir la présence des parlementaires dans certains organismes extérieurs au Parlement et à simplifier les modalités de leur nomination",,"0","M. René Pilato","Membre titulaire","2024-12-06"
"Commission régionale du fonds pour le développement de la vie associative","l’article 27 de la loi n° 2018-699 du 3 août 2018 visant à garantir la présence des parlementaires dans certains organismes extérieurs au Parlement et à simplifier les modalités de leur nomination",,"0","Mme Marie-Christine Dalloz","Membre suppléante","2024-12-06"
"Commission régionale du fonds pour le développement de la vie associative","l’article 27 de la loi n° 2018-699 du 3 août 2018 visant à garantir la présence des parlementaires dans certains organismes extérieurs au Parlement et à simplifier les modalités de leur nomination",,"0","M. Bastien Lachaud","Membre titulaire","2024-12-06"
"Commission régionale du fonds pour le développement de la vie associative","l’article 27 de la loi n° 2018-699 du 3 août 2018 visant à garantir la présence des parlementaires dans certains organismes extérieurs au Parlement et à simplifier les modalités de leur nomination",,"0","M. Loïc Kervran","Membre suppléant","2024-12-06"
"Commission régionale du fonds pour le développement de la vie associative","l’article 27 de la loi n° 2018-699 du 3 août 2018 visant à garantir la présence des parlementaires dans certains organismes extérieurs au Parlement et à simplifier les modalités de leur nomination",,"0","M. Éric Pauget","Membre titulaire","2024-12-06"
"Commission régionale du fonds pour le développement de la vie associative","l’article 27 de la loi n° 2018-699 du 3 août 2018 visant à garantir la présence des parlementaires dans certains organismes extérieurs au Parlement et à simplifier les modalités de leur nomination",,"0","M. Guillaume Lepers","Membre titulaire","2024-12-06"
"Commission régionale du fonds pour le développement de la vie associative","l’article 27 de la loi n° 2018-699 du 3 août 2018 visant à garantir la présence des parlementaires dans certains organismes extérieurs au Parlement et à simplifier les modalités de leur nomination",,"0","Mme Léa Balage El Mariky","Membre suppléante","2024-12-06"
"Commission régionale du fonds pour le développement de la vie associative","l’article 27 de la loi n° 2018-699 du 3 août 2018 visant à garantir la présence des parlementaires dans certains organismes extérieurs au Parlement et à simplifier les modalités de leur nomination",,"0","Mme Nicole Le Peih","Membre titulaire","2024-12-06"
"Commission régionale du fonds pour le développement de la vie associative","l’article 27 de la loi n° 2018-699 du 3 août 2018 visant à garantir la présence des parlementaires dans certains organismes extérieurs au Parlement et à simplifier les modalités de leur nomination",,"0","Mme Julie Delpech","Membre suppléante","2024-12-06"
"Commission régionale du fonds pour le développement de la vie associative","l’article 27 de la loi n° 2018-699 du 3 août 2018 visant à garantir la présence des parlementaires dans certains organismes extérieurs au Parlement et à simplifier les modalités de leur nomination",,"0","M. Aurélien Taché","Membre titulaire","2024-12-06"
"Commission régionale du fonds pour le développement de la vie associative","l’article 27 de la loi n° 2018-699 du 3 août 2018 visant à garantir la présence des parlementaires dans certains organismes extérieurs au Parlement et à simplifier les modalités de leur nomination",,"0","Mme Mereana Reid Arbelot","Membre titulaire","2024-12-06"
"Commission régionale du fonds pour le développement de la vie associative","l’article 27 de la loi n° 2018-699 du 3 août 2018 visant à garantir la présence des parlementaires dans certains organismes extérieurs au Parlement et à simplifier les modalités de leur nomination",,"0","Mme Florence Herouin-Léautey","Membre titulaire","2024-12-06"
"Commission régionale du fonds pour le développement de la vie associative","l’article 27 de la loi n° 2018-699 du 3 août 2018 visant à garantir la présence des parlementaires dans certains organismes extérieurs au Parlement et à simplifier les modalités de leur nomination",,"0","M. Elie Califer","Membre suppléant","2024-12-06"
"Commission régionale du fonds pour le développement de la vie associative","l’article 27 de la loi n° 2018-699 du 3 août 2018 visant à garantir la présence des parlementaires dans certains organismes extérieurs au Parlement et à simplifier les modalités de leur nomination",,"0","M. Olivier Falorni","Membre titulaire","2024-12-06"
"Commission régionale du fonds pour le développement de la vie associative","l’article 27 de la loi n° 2018-699 du 3 août 2018 visant à garantir la présence des parlementaires dans certains organismes extérieurs au Parlement et à simplifier les modalités de leur nomination",,"0","M. Marc Fesneau","Membre suppléant","2024-12-06"
"Commission régionale du fonds pour le développement de la vie associative","l’article 27 de la loi n° 2018-699 du 3 août 2018 visant à garantir la présence des parlementaires dans certains organismes extérieurs au Parlement et à simplifier les modalités de leur nomination",,"0","M. Moerani Frébault","Membre titulaire","2024-12-06"
"Commission régionale du fonds pour le développement de la vie associative","l’article 27 de la loi n° 2018-699 du 3 août 2018 visant à garantir la présence des parlementaires dans certains organismes extérieurs au Parlement et à simplifier les modalités de leur nomination",,"0","M. Serge Muller","Membre suppléant","2024-12-06"
"Commission régionale du fonds pour le développement de la vie associative","l’article 27 de la loi n° 2018-699 du 3 août 2018 visant à garantir la présence des parlementaires dans certains organismes extérieurs au Parlement et à simplifier les modalités de leur nomination",,"0","M. Romain Daubié","Membre titulaire","2024-12-06"
"Commission régionale du fonds pour le développement de la vie associative","l’article 27 de la loi n° 2018-699 du 3 août 2018 visant à garantir la présence des parlementaires dans certains organismes extérieurs au Parlement et à simplifier les modalités de leur nomination",,"0","Mme Lisette Pollet","Membre suppléante","2024-12-06"
"Commission régionale du fonds pour le développement de la vie associative","l’article 27 de la loi n° 2018-699 du 3 août 2018 visant à garantir la présence des parlementaires dans certains organismes extérieurs au Parlement et à simplifier les modalités de leur nomination",,"0","Mme Laure Miller","Membre titulaire","2024-12-06"
"Commission régionale du fonds pour le développement de la vie associative","l’article 27 de la loi n° 2018-699 du 3 août 2018 visant à garantir la présence des parlementaires dans certains organismes extérieurs au Parlement et à simplifier les modalités de leur nomination",,"0","M. Benjamin Dirx","Membre suppléant","2024-12-06"
"Commission régionale du fonds pour le développement de la vie associative","l’article 27 de la loi n° 2018-699 du 3 août 2018 visant à garantir la présence des parlementaires dans certains organismes extérieurs au Parlement et à simplifier les modalités de leur nomination",,"0","M. Ludovic Mendes","Membre titulaire","2024-12-06"
"Commission régionale du fonds pour le développement de la vie associative","l’article 27 de la loi n° 2018-699 du 3 août 2018 visant à garantir la présence des parlementaires dans certains organismes extérieurs au Parlement et à simplifier les modalités de leur nomination",,"0","M. Vincent Rolland","Membre suppléant","2024-12-06"
"Commission régionale du fonds pour le développement de la vie associative","l’article 27 de la loi n° 2018-699 du 3 août 2018 visant à garantir la présence des parlementaires dans certains organismes extérieurs au Parlement et à simplifier les modalités de leur nomination",,"0","M. Eric Liégeon","Membre titulaire","2024-12-06"
"Commission régionale du fonds pour le développement de la vie associative","l’article 27 de la loi n° 2018-699 du 3 août 2018 visant à garantir la présence des parlementaires dans certains organismes extérieurs au Parlement et à simplifier les modalités de leur nomination",,"0","M. David Amiel","Membre titulaire","2024-12-06"
"Commission régionale du fonds pour le développement de la vie associative","l’article 27 de la loi n° 2018-699 du 3 août 2018 visant à garantir la présence des parlementaires dans certains organismes extérieurs au Parlement et à simplifier les modalités de leur nomination",,"0","Mme Nicole Sanquer","Membre suppléante","2024-12-06"
"Commission régionale du fonds pour le développement de la vie associative","l’article 27 de la loi n° 2018-699 du 3 août 2018 visant à garantir la présence des parlementaires dans certains organismes extérieurs au Parlement et à simplifier les modalités de leur nomination",,"0","M. Olivier Marleix","Membre titulaire","2024-12-06"
"Commission régionale du fonds pour le développement de la vie associative","l’article 27 de la loi n° 2018-699 du 3 août 2018 visant à garantir la présence des parlementaires dans certains organismes extérieurs au Parlement et à simplifier les modalités de leur nomination",,"0","Mme Sylvie Bonnet","Membre suppléante","2024-12-06"
"Commission régionale du fonds pour le développement de la vie associative","l’article 27 de la loi n° 2018-699 du 3 août 2018 visant à garantir la présence des parlementaires dans certains organismes extérieurs au Parlement et à simplifier les modalités de leur nomination",,"0","M. Michel Castellani","Membre titulaire","2024-12-06"
"Commission régionale du fonds pour le développement de la vie associative","l’article 27 de la loi n° 2018-699 du 3 août 2018 visant à garantir la présence des parlementaires dans certains organismes extérieurs au Parlement et à simplifier les modalités de leur nomination",,"0","M. Matthieu Bloch","Membre suppléant","2024-12-06"
"Commission régionale du fonds pour le développement de la vie associative","l’article 27 de la loi n° 2018-699 du 3 août 2018 visant à garantir la présence des parlementaires dans certains organismes extérieurs au Parlement et à simplifier les modalités de leur nomination",,"0","M. Julien Dive","Membre titulaire","2024-12-06"
"Commission régionale du fonds pour le développement de la vie associative","l’article 27 de la loi n° 2018-699 du 3 août 2018 visant à garantir la présence des parlementaires dans certains organismes extérieurs au Parlement et à simplifier les modalités de leur nomination",,"0","M. Kévin Mauvieux","Membre suppléant","2024-12-06"
"Commission régionale du fonds pour le développement de la vie associative","l’article 27 de la loi n° 2018-699 du 3 août 2018 visant à garantir la présence des parlementaires dans certains organismes extérieurs au Parlement et à simplifier les modalités de leur nomination",,"0","M. Benjamin Lucas-Lundy","Membre titulaire","2024-12-06"
"Commission régionale du fonds pour le développement de la vie associative","l’article 27 de la loi n° 2018-699 du 3 août 2018 visant à garantir la présence des parlementaires dans certains organismes extérieurs au Parlement et à simplifier les modalités de leur nomination",,"0","Mme Géraldine Bannier","Membre titulaire","2024-12-06"
"Commission régionale du fonds pour le développement de la vie associative","l’article 27 de la loi n° 2018-699 du 3 août 2018 visant à garantir la présence des parlementaires dans certains organismes extérieurs au Parlement et à simplifier les modalités de leur nomination",,"0","Mme Virginie Duby-Muller","Membre suppléante","2024-12-06"
"Commission régionale du fonds pour le développement de la vie associative","l’article 27 de la loi n° 2018-699 du 3 août 2018 visant à garantir la présence des parlementaires dans certains organismes extérieurs au Parlement et à simplifier les modalités de leur nomination",,"0","Mme Isabelle Mesnard","Membre titulaire","2024-12-06"
"Commission régionale du fonds pour le développement de la vie associative","l’article 27 de la loi n° 2018-699 du 3 août 2018 visant à garantir la présence des parlementaires dans certains organismes extérieurs au Parlement et à simplifier les modalités de leur nomination",,"0","M. Bryan Masson","Membre suppléant","2024-12-06"
"Commission régionale du fonds pour le développement de la vie associative","l’article 27 de la loi n° 2018-699 du 3 août 2018 visant à garantir la présence des parlementaires dans certains organismes extérieurs au Parlement et à simplifier les modalités de leur nomination",,"0","Mme Sophie Delorme Duret","Membre suppléante","2024-12-06"
"Commission régionale du fonds pour le développement de la vie associative","l’article 27 de la loi n° 2018-699 du 3 août 2018 visant à garantir la présence des parlementaires dans certains organismes extérieurs au Parlement et à simplifier les modalités de leur nomination",,"0","M. Erwan Balanant","Membre titulaire","2024-12-06"
"Commission régionale du fonds pour le développement de la vie associative","l’article 27 de la loi n° 2018-699 du 3 août 2018 visant à garantir la présence des parlementaires dans certains organismes extérieurs au Parlement et à simplifier les modalités de leur nomination",,"0","Mme Sophie Errante","Membre suppléante","2024-12-06"
"Commission régionale du fonds pour le développement de la vie associative","l’article 27 de la loi n° 2018-699 du 3 août 2018 visant à garantir la présence des parlementaires dans certains organismes extérieurs au Parlement et à simplifier les modalités de leur nomination",,"0","Mme Sylvie Josserand","Membre titulaire","2024-12-06"
"Commission régionale du fonds pour le développement de la vie associative","l’article 27 de la loi n° 2018-699 du 3 août 2018 visant à garantir la présence des parlementaires dans certains organismes extérieurs au Parlement et à simplifier les modalités de leur nomination",,"0","Mme Lise Magnier","Membre suppléante","2024-12-06"
"Commission régionale du fonds pour le développement de la vie associative","l’article 27 de la loi n° 2018-699 du 3 août 2018 visant à garantir la présence des parlementaires dans certains organismes extérieurs au Parlement et à simplifier les modalités de leur nomination",,"0","Mme Élisabeth Borne","Membre titulaire","2024-12-06"
"Commission régionale du fonds pour le développement de la vie associative","l’article 27 de la loi n° 2018-699 du 3 août 2018 visant à garantir la présence des parlementaires dans certains organismes extérieurs au Parlement et à simplifier les modalités de leur nomination",,"0","M. Pierre Pribetich","Membre suppléant","2024-12-06"
"Commission régionale du fonds pour le développement de la vie associative","l’article 27 de la loi n° 2018-699 du 3 août 2018 visant à garantir la présence des parlementaires dans certains organismes extérieurs au Parlement et à simplifier les modalités de leur nomination",,"0","M. Jean-Marie Fiévet","Membre titulaire","2024-12-06"
"Commission régionale du fonds pour le développement de la vie associative","l’article 27 de la loi n° 2018-699 du 3 août 2018 visant à garantir la présence des parlementaires dans certains organismes extérieurs au Parlement et à simplifier les modalités de leur nomination",,"0","Mme Estelle Mercier","Membre titulaire","2024-12-06"
"Commission régionale du fonds pour le développement de la vie associative","l’article 27 de la loi n° 2018-699 du 3 août 2018 visant à garantir la présence des parlementaires dans certains organismes extérieurs au Parlement et à simplifier les modalités de leur nomination",,"0","Mme Alma Dufour","Membre suppléante","2024-12-06"
"Commission régionale du fonds pour le développement de la vie associative","l’article 27 de la loi n° 2018-699 du 3 août 2018 visant à garantir la présence des parlementaires dans certains organismes extérieurs au Parlement et à simplifier les modalités de leur nomination",,"0","M. Nicolas Bonnet","Membre titulaire","2024-12-06"
"Commission régionale du fonds pour le développement de la vie associative","l’article 27 de la loi n° 2018-699 du 3 août 2018 visant à garantir la présence des parlementaires dans certains organismes extérieurs au Parlement et à simplifier les modalités de leur nomination",,"0","M. Charles Rodwell","Membre suppléant","2024-12-06"
"Commission régionale du fonds pour le développement de la vie associative","l’article 27 de la loi n° 2018-699 du 3 août 2018 visant à garantir la présence des parlementaires dans certains organismes extérieurs au Parlement et à simplifier les modalités de leur nomination",,"0","M. Fabien Lainé","Membre titulaire","2024-12-06"
"Commission régionale du fonds pour le développement de la vie associative","l’article 27 de la loi n° 2018-699 du 3 août 2018 visant à garantir la présence des parlementaires dans certains organismes extérieurs au Parlement et à simplifier les modalités de leur nomination",,"0","M. José Beaurain","Membre suppléant","2024-12-06"
"Commission régionale du fonds pour le développement de la vie associative","l’article 27 de la loi n° 2018-699 du 3 août 2018 visant à garantir la présence des parlementaires dans certains organismes extérieurs au Parlement et à simplifier les modalités de leur nomination",,"0","M. Richard Ramos","Membre suppléant","2024-12-06"
"Commission régionale du fonds pour le développement de la vie associative","l’article 27 de la loi n° 2018-699 du 3 août 2018 visant à garantir la présence des parlementaires dans certains organismes extérieurs au Parlement et à simplifier les modalités de leur nomination",,"0","M. Jean-François Portarrieu","Membre titulaire","2024-12-06"
"Commission régionale du fonds pour le développement de la vie associative","l’article 27 de la loi n° 2018-699 du 3 août 2018 visant à garantir la présence des parlementaires dans certains organismes extérieurs au Parlement et à simplifier les modalités de leur nomination",,"0","M. Jimmy Pahun","Membre suppléant","2024-12-06"
"Commission régionale du fonds pour le développement de la vie associative","l’article 27 de la loi n° 2018-699 du 3 août 2018 visant à garantir la présence des parlementaires dans certains organismes extérieurs au Parlement et à simplifier les modalités de leur nomination",,"0","M. Pierre Cordier","Membre titulaire","2024-12-06"
"Commission régionale du fonds pour le développement de la vie associative","l’article 27 de la loi n° 2018-699 du 3 août 2018 visant à garantir la présence des parlementaires dans certains organismes extérieurs au Parlement et à simplifier les modalités de leur nomination",,"0","M. Éric Bothorel","Membre suppléant","2024-12-06"
"Commission régionale du fonds pour le développement de la vie associative","l’article 27 de la loi n° 2018-699 du 3 août 2018 visant à garantir la présence des parlementaires dans certains organismes extérieurs au Parlement et à simplifier les modalités de leur nomination",,"0","M. Harold Huwart","Membre suppléant","2024-12-06"
"Commission régionale du fonds pour le développement de la vie associative","l’article 27 de la loi n° 2018-699 du 3 août 2018 visant à garantir la présence des parlementaires dans certains organismes extérieurs au Parlement et à simplifier les modalités de leur nomination",,"0","Mme Karen Erodi","Membre titulaire","2024-12-06"
"Commission régionale du fonds pour le développement de la vie associative","l’article 27 de la loi n° 2018-699 du 3 août 2018 visant à garantir la présence des parlementaires dans certains organismes extérieurs au Parlement et à simplifier les modalités de leur nomination",,"0","M. Philippe Bolo","Membre titulaire","2024-12-06"
"Commission régionale du fonds pour le développement de la vie associative","l’article 27 de la loi n° 2018-699 du 3 août 2018 visant à garantir la présence des parlementaires dans certains organismes extérieurs au Parlement et à simplifier les modalités de leur nomination",,"0","Mme Béatrice Roullaud","Membre suppléante","2024-12-06"
"Commission régionale du fonds pour le développement de la vie associative","l’article 27 de la loi n° 2018-699 du 3 août 2018 visant à garantir la présence des parlementaires dans certains organismes extérieurs au Parlement et à simplifier les modalités de leur nomination",,"0","Mme Claire Marais-Beuil","Membre titulaire","2024-12-06"
"Commission régionale du fonds pour le développement de la vie associative","l’article 27 de la loi n° 2018-699 du 3 août 2018 visant à garantir la présence des parlementaires dans certains organismes extérieurs au Parlement et à simplifier les modalités de leur nomination",,"0","M. Bastien Marchive","Membre suppléant","2024-12-06"
"Commission régionale du fonds pour le développement de la vie associative","l’article 27 de la loi n° 2018-699 du 3 août 2018 visant à garantir la présence des parlementaires dans certains organismes extérieurs au Parlement et à simplifier les modalités de leur nomination",,"0","M. Frédéric Falcon","Membre titulaire","2024-12-06"
"Commission régionale du fonds pour le développement de la vie associative","l’article 27 de la loi n° 2018-699 du 3 août 2018 visant à garantir la présence des parlementaires dans certains organismes extérieurs au Parlement et à simplifier les modalités de leur nomination",,"0","Mme Nathalie Oziol","Membre suppléante","2024-12-06"
"Commission régionale du fonds pour le développement de la vie associative","l’article 27 de la loi n° 2018-699 du 3 août 2018 visant à garantir la présence des parlementaires dans certains organismes extérieurs au Parlement et à simplifier les modalités de leur nomination",,"0","Mme Stéphanie Galzy","Membre titulaire","2024-12-06"
"Commission régionale du fonds pour le développement de la vie associative","l’article 27 de la loi n° 2018-699 du 3 août 2018 visant à garantir la présence des parlementaires dans certains organismes extérieurs au Parlement et à simplifier les modalités de leur nomination",,"0","M. Pascal Jenft","Membre suppléant","2024-12-06"
"Commission régionale du fonds pour le développement de la vie associative","l’article 27 de la loi n° 2018-699 du 3 août 2018 visant à garantir la présence des parlementaires dans certains organismes extérieurs au Parlement et à simplifier les modalités de leur nomination",,"0","M. Thierry Perez","Membre titulaire","2024-12-06"
"Commission régionale du fonds pour le développement de la vie associative","l’article 27 de la loi n° 2018-699 du 3 août 2018 visant à garantir la présence des parlementaires dans certains organismes extérieurs au Parlement et à simplifier les modalités de leur nomination",,"0","M. Benoît Biteau","Membre suppléant","2024-12-06"
"Commission régionale du fonds pour le développement de la vie associative","l’article 27 de la loi n° 2018-699 du 3 août 2018 visant à garantir la présence des parlementaires dans certains organismes extérieurs au Parlement et à simplifier les modalités de leur nomination",,"0","M. Pierre-Yves Cadalen","Membre suppléant","2024-12-06"
"Commission régionale du fonds pour le développement de la vie associative","l’article 27 de la loi n° 2018-699 du 3 août 2018 visant à garantir la présence des parlementaires dans certains organismes extérieurs au Parlement et à simplifier les modalités de leur nomination",,"0","M. Yannick Chenevard","Membre titulaire","2024-12-06"
"Commission régionale du fonds pour le développement de la vie associative","l’article 27 de la loi n° 2018-699 du 3 août 2018 visant à garantir la présence des parlementaires dans certains organismes extérieurs au Parlement et à simplifier les modalités de leur nomination",,"0","M. Paul Midy","Membre titulaire","2024-12-06"
"Commission régionale du fonds pour le développement de la vie associative","l’article 27 de la loi n° 2018-699 du 3 août 2018 visant à garantir la présence des parlementaires dans certains organismes extérieurs au Parlement et à simplifier les modalités de leur nomination",,"0","Mme Chantal Jourdan","Membre titulaire","2024-12-06"
"Commission régionale du fonds pour le développement de la vie associative","l’article 27 de la loi n° 2018-699 du 3 août 2018 visant à garantir la présence des parlementaires dans certains organismes extérieurs au Parlement et à simplifier les modalités de leur nomination",,"0","M. Jean-Philippe Tanguy","Membre suppléant","2024-12-06"
"Commission régionale du fonds pour le développement de la vie associative","l’article 27 de la loi n° 2018-699 du 3 août 2018 visant à garantir la présence des parlementaires dans certains organismes extérieurs au Parlement et à simplifier les modalités de leur nomination",,"0","M. Stéphane Mazars","Membre titulaire","2024-12-06"
"Commission régionale du fonds pour le développement de la vie associative","l’article 27 de la loi n° 2018-699 du 3 août 2018 visant à garantir la présence des parlementaires dans certains organismes extérieurs au Parlement et à simplifier les modalités de leur nomination",,"0","M. Bruno Clavet","Membre suppléant","2024-12-06"
"Commission régionale du fonds pour le développement de la vie associative","l’article 27 de la loi n° 2018-699 du 3 août 2018 visant à garantir la présence des parlementaires dans certains organismes extérieurs au Parlement et à simplifier les modalités de leur nomination",,"0","Mme Julie Lechanteux","Membre suppléante","2024-12-06"
"Commission régionale du fonds pour le développement de la vie associative","l’article 27 de la loi n° 2018-699 du 3 août 2018 visant à garantir la présence des parlementaires dans certains organismes extérieurs au Parlement et à simplifier les modalités de leur nomination",,"0","Mme Sabine Thillaye","Membre titulaire","2024-12-06"
"Commission régionale du fonds pour le développement de la vie associative","l’article 27 de la loi n° 2018-699 du 3 août 2018 visant à garantir la présence des parlementaires dans certains organismes extérieurs au Parlement et à simplifier les modalités de leur nomination",,"0","M. Guillaume Garot","Membre suppléant","2024-12-06"
"Commission régionale du fonds pour le développement de la vie associative","l’article 27 de la loi n° 2018-699 du 3 août 2018 visant à garantir la présence des parlementaires dans certains organismes extérieurs au Parlement et à simplifier les modalités de leur nomination",,"0","M. Thierry Benoit","Membre titulaire","2024-12-06"
"Commission régionale du fonds pour le développement de la vie associative","l’article 27 de la loi n° 2018-699 du 3 août 2018 visant à garantir la présence des parlementaires dans certains organismes extérieurs au Parlement et à simplifier les modalités de leur nomination",,"0","M. Stéphane Travert","Membre suppléant","2024-12-06"
"Commission régionale du fonds pour le développement de la vie associative","l’article 27 de la loi n° 2018-699 du 3 août 2018 visant à garantir la présence des parlementaires dans certains organismes extérieurs au Parlement et à simplifier les modalités de leur nomination",,"0","M. Paul-André Colombani","Membre suppléant","2024-12-06"
"Commission régionale du fonds pour le développement de la vie associative","l’article 27 de la loi n° 2018-699 du 3 août 2018 visant à garantir la présence des parlementaires dans certains organismes extérieurs au Parlement et à simplifier les modalités de leur nomination",,"0","Mme Béatrice Bellamy","Membre titulaire","2024-12-06"
"Commission régionale du fonds pour le développement de la vie associative","l’article 27 de la loi n° 2018-699 du 3 août 2018 visant à garantir la présence des parlementaires dans certains organismes extérieurs au Parlement et à simplifier les modalités de leur nomination",,"0","M. Sacha Houlié","Membre titulaire","2024-12-06"
"Commission régionale du fonds pour le développement de la vie associative","l’article 27 de la loi n° 2018-699 du 3 août 2018 visant à garantir la présence des parlementaires dans certains organismes extérieurs au Parlement et à simplifier les modalités de leur nomination",,"0","M. Marc de Fleurian","Membre titulaire","2024-12-06"
"Commission régionale du fonds pour le développement de la vie associative","l’article 27 de la loi n° 2018-699 du 3 août 2018 visant à garantir la présence des parlementaires dans certains organismes extérieurs au Parlement et à simplifier les modalités de leur nomination",,"0","Mme Véronique Besse","Membre suppléante","2024-12-06"
"Commission régionale du fonds pour le développement de la vie associative","l’article 27 de la loi n° 2018-699 du 3 août 2018 visant à garantir la présence des parlementaires dans certains organismes extérieurs au Parlement et à simplifier les modalités de leur nomination",,"0","Mme Anaïs Belouassa-Cherifi","Membre titulaire","2024-12-06"
"Commission régionale du fonds pour le développement de la vie associative","l’article 27 de la loi n° 2018-699 du 3 août 2018 visant à garantir la présence des parlementaires dans certains organismes extérieurs au Parlement et à simplifier les modalités de leur nomination",,"0","M. Pascal Lecamp","Membre suppléant","2024-12-06"
"Commission régionale du fonds pour le développement de la vie associative","l’article 27 de la loi n° 2018-699 du 3 août 2018 visant à garantir la présence des parlementaires dans certains organismes extérieurs au Parlement et à simplifier les modalités de leur nomination",,"0","M. Laurent Lhardit","Membre titulaire","2024-12-06"
"Commission régionale du fonds pour le développement de la vie associative","l’article 27 de la loi n° 2018-699 du 3 août 2018 visant à garantir la présence des parlementaires dans certains organismes extérieurs au Parlement et à simplifier les modalités de leur nomination",,"0","Mme Marie-Charlotte Garin","Membre suppléante","2024-12-06"
"Commission régionale du fonds pour le développement de la vie associative","l’article 27 de la loi n° 2018-699 du 3 août 2018 visant à garantir la présence des parlementaires dans certains organismes extérieurs au Parlement et à simplifier les modalités de leur nomination",,"0","Mme Isabelle Santiago","Membre suppléante","2024-12-06"
"Commission régionale du fonds pour le développement de la vie associative","l’article 27 de la loi n° 2018-699 du 3 août 2018 visant à garantir la présence des parlementaires dans certains organismes extérieurs au Parlement et à simplifier les modalités de leur nomination",,"0","M. Anthony Boulogne","Membre suppléant","2024-12-06"
"Commission régionale du fonds pour le développement de la vie associative","l’article 27 de la loi n° 2018-699 du 3 août 2018 visant à garantir la présence des parlementaires dans certains organismes extérieurs au Parlement et à simplifier les modalités de leur nomination",,"0","Mme Anne-Laure Blin","Membre titulaire","2024-12-06"
"Commission régionale du fonds pour le développement de la vie associative","l’article 27 de la loi n° 2018-699 du 3 août 2018 visant à garantir la présence des parlementaires dans certains organismes extérieurs au Parlement et à simplifier les modalités de leur nomination",,"0","Mme Christine Pirès Beaune","Membre suppléante","2024-12-06"
"Commission régionale du fonds pour le développement de la vie associative","l’article 27 de la loi n° 2018-699 du 3 août 2018 visant à garantir la présence des parlementaires dans certains organismes extérieurs au Parlement et à simplifier les modalités de leur nomination",,"0","M. Yoann Gillet","Membre suppléant","2024-12-06"
"Commission régionale du fonds pour le développement de la vie associative","l’article 27 de la loi n° 2018-699 du 3 août 2018 visant à garantir la présence des parlementaires dans certains organismes extérieurs au Parlement et à simplifier les modalités de leur nomination",,"0","M. Julien Gabarron","Membre suppléant","2024-12-06"
"Commission régionale du fonds pour le développement de la vie associative","l’article 27 de la loi n° 2018-699 du 3 août 2018 visant à garantir la présence des parlementaires dans certains organismes extérieurs au Parlement et à simplifier les modalités de leur nomination",,"0","M. Stéphane Delautrette","Membre titulaire","2024-12-06"
"Commission régionale du fonds pour le développement de la vie associative","l’article 27 de la loi n° 2018-699 du 3 août 2018 visant à garantir la présence des parlementaires dans certains organismes extérieurs au Parlement et à simplifier les modalités de leur nomination",,"0","Mme Brigitte Klinkert","Membre titulaire","2024-12-06"
"Commission régionale du fonds pour le développement de la vie associative","l’article 27 de la loi n° 2018-699 du 3 août 2018 visant à garantir la présence des parlementaires dans certains organismes extérieurs au Parlement et à simplifier les modalités de leur nomination",,"0","M. Jérôme Guedj","Membre suppléant","2024-12-06"
"Commission régionale du fonds pour le développement de la vie associative","l’article 27 de la loi n° 2018-699 du 3 août 2018 visant à garantir la présence des parlementaires dans certains organismes extérieurs au Parlement et à simplifier les modalités de leur nomination",,"0","Mme Michèle Martinez","Membre titulaire","2024-12-06"
"Commission régionale du fonds pour le développement de la vie associative","l’article 27 de la loi n° 2018-699 du 3 août 2018 visant à garantir la présence des parlementaires dans certains organismes extérieurs au Parlement et à simplifier les modalités de leur nomination",,"0","Mme Manon Meunier","Membre suppléante","2024-12-06"
"Commission régionale du fonds pour le développement de la vie associative","l’article 27 de la loi n° 2018-699 du 3 août 2018 visant à garantir la présence des parlementaires dans certains organismes extérieurs au Parlement et à simplifier les modalités de leur nomination",,"0","M. Joël Bruneau","Membre titulaire","2024-12-06"
"Commission régionale du fonds pour le développement de la vie associative","l’article 27 de la loi n° 2018-699 du 3 août 2018 visant à garantir la présence des parlementaires dans certains organismes extérieurs au Parlement et à simplifier les modalités de leur nomination",,"0","Mme Florence Joubert","Membre titulaire","2024-12-06"
"Commission régionale du fonds pour le développement de la vie associative","l’article 27 de la loi n° 2018-699 du 3 août 2018 visant à garantir la présence des parlementaires dans certains organismes extérieurs au Parlement et à simplifier les modalités de leur nomination",,"0","M. Carlos Martens Bilongo","Membre suppléant","2024-12-06"
"Commission régionale du fonds pour le développement de la vie associative","l’article 27 de la loi n° 2018-699 du 3 août 2018 visant à garantir la présence des parlementaires dans certains organismes extérieurs au Parlement et à simplifier les modalités de leur nomination",,"0","Mme Justine Gruet","Membre titulaire","2024-12-06"
"Commission régionale du fonds pour le développement de la vie associative","l’article 27 de la loi n° 2018-699 du 3 août 2018 visant à garantir la présence des parlementaires dans certains organismes extérieurs au Parlement et à simplifier les modalités de leur nomination",,"0","M. Michel Guiniot","Membre suppléant","2024-12-06"
"Commission régionale du fonds pour le développement de la vie associative","l’article 27 de la loi n° 2018-699 du 3 août 2018 visant à garantir la présence des parlementaires dans certains organismes extérieurs au Parlement et à simplifier les modalités de leur nomination",,"0","M. Pierrick Courbon","Membre titulaire","2024-12-06"
"Commission régionale du fonds pour le développement de la vie associative","l’article 27 de la loi n° 2018-699 du 3 août 2018 visant à garantir la présence des parlementaires dans certains organismes extérieurs au Parlement et à simplifier les modalités de leur nomination",,"0","M. Arnaud Simion","Membre suppléant","2024-12-06"
"Commission régionale du fonds pour le développement de la vie associative","l’article 27 de la loi n° 2018-699 du 3 août 2018 visant à garantir la présence des parlementaires dans certains organismes extérieurs au Parlement et à simplifier les modalités de leur nomination",,"0","M. Henri Alfandari","Membre suppléant","2024-12-06"
"Commission régionale du fonds pour le développement de la vie associative","l’article 27 de la loi n° 2018-699 du 3 août 2018 visant à garantir la présence des parlementaires dans certains organismes extérieurs au Parlement et à simplifier les modalités de leur nomination",,"0","M. Sébastien Humbert","Membre titulaire","2024-12-06"
"Commission régionale du fonds pour le développement de la vie associative","l’article 27 de la loi n° 2018-699 du 3 août 2018 visant à garantir la présence des parlementaires dans certains organismes extérieurs au Parlement et à simplifier les modalités de leur nomination",,"0","M. Vincent Jeanbrun","Membre titulaire","2024-12-06"
"Commission régionale du fonds pour le développement de la vie associative","l’article 27 de la loi n° 2018-699 du 3 août 2018 visant à garantir la présence des parlementaires dans certains organismes extérieurs au Parlement et à simplifier les modalités de leur nomination",,"0","M. André Chassaigne","Membre titulaire","2024-12-06"
"Commission régionale du fonds pour le développement de la vie associative","l’article 27 de la loi n° 2018-699 du 3 août 2018 visant à garantir la présence des parlementaires dans certains organismes extérieurs au Parlement et à simplifier les modalités de leur nomination",,"0","M. Gaëtan Dussausaye","Membre suppléant","2024-12-06"
"Commission régionale du fonds pour le développement de la vie associative","l’article 27 de la loi n° 2018-699 du 3 août 2018 visant à garantir la présence des parlementaires dans certains organismes extérieurs au Parlement et à simplifier les modalités de leur nomination",,"0","M. François Cormier-Bouligeon","Membre titulaire","2024-12-06"
"Commission régionale du fonds pour le développement de la vie associative","l’article 27 de la loi n° 2018-699 du 3 août 2018 visant à garantir la présence des parlementaires dans certains organismes extérieurs au Parlement et à simplifier les modalités de leur nomination",,"0","Mme Géraldine Grangier","Membre titulaire","2024-12-06"
"Commission régionale du fonds pour le développement de la vie associative","l’article 27 de la loi n° 2018-699 du 3 août 2018 visant à garantir la présence des parlementaires dans certains organismes extérieurs au Parlement et à simplifier les modalités de leur nomination",,"0","Mme Christelle D'Intorni","Membre titulaire","2024-12-06"
"Commission régionale du fonds pour le développement de la vie associative","l’article 27 de la loi n° 2018-699 du 3 août 2018 visant à garantir la présence des parlementaires dans certains organismes extérieurs au Parlement et à simplifier les modalités de leur nomination",,"0","M. Xavier Breton","Membre suppléant","2024-12-06"
"Commission régionale du fonds pour le développement de la vie associative","l’article 27 de la loi n° 2018-699 du 3 août 2018 visant à garantir la présence des parlementaires dans certains organismes extérieurs au Parlement et à simplifier les modalités de leur nomination",,"0","Mme Sophia Chikirou","Membre titulaire","2024-12-06"
"Commission régionale du fonds pour le développement de la vie associative","l’article 27 de la loi n° 2018-699 du 3 août 2018 visant à garantir la présence des parlementaires dans certains organismes extérieurs au Parlement et à simplifier les modalités de leur nomination",,"0","Mme Angélique Ranc","Membre suppléante","2024-12-06"
"Conseil d'orientation de l'Agence de la biomédecine","Article L. 1418-4 du code de la santé publique","https://www.agence-biomedecine.fr/deliberations-conseil-orientation",,"M. Xavier Breton","Membre titulaire","2020-11-18"
"Conseil d'orientation de l'Agence de la biomédecine","Article L. 1418-4 du code de la santé publique","https://www.agence-biomedecine.fr/deliberations-conseil-orientation",,"M. Théo Bernhardt","Membre titulaire","2024-11-06"
"Conseil d'orientation de l'Agence de la biomédecine","Article L. 1418-4 du code de la santé publique","https://www.agence-biomedecine.fr/deliberations-conseil-orientation",,"M. Pierre-Louis Fagniez","Membre titulaire","2005-05-30"
"Conseil d'orientation de l'Agence de la biomédecine","Article L. 1418-4 du code de la santé publique","https://www.agence-biomedecine.fr/deliberations-conseil-orientation",,"Mme Ségolène Neuville","Membre titulaire","2012-10-05"
"Conseil d'orientation de l'Agence de la biomédecine","Article L. 1418-4 du code de la santé publique","https://www.agence-biomedecine.fr/deliberations-conseil-orientation",,"M. Jean-Sébastien Vialatte","Membre titulaire","2012-10-05"
"Conseil d'orientation de l'Agence de la biomédecine","Article L. 1418-4 du code de la santé publique","https://www.agence-biomedecine.fr/deliberations-conseil-orientation",,"M. Philippe Vigier","Membre titulaire","2012-10-05"
"Conseil d'orientation de l'Agence de la biomédecine","Article L. 1418-4 du code de la santé publique","https://www.agence-biomedecine.fr/deliberations-conseil-orientation",,"M. Xavier Breton","Membre titulaire","2017-10-25"
"Conseil d'orientation de l'Agence de la biomédecine","Article L. 1418-4 du code de la santé publique","https://www.agence-biomedecine.fr/deliberations-conseil-orientation",,"Mme Justine Gruet","Membre titulaire","2022-10-21"
"Conseil d'orientation de l'Agence de la biomédecine","Article L. 1418-4 du code de la santé publique","https://www.agence-biomedecine.fr/deliberations-conseil-orientation",,"Mme Caroline Fiat","Membre titulaire","2017-10-25"
"Conseil d'orientation de l'Agence de la biomédecine","Article L. 1418-4 du code de la santé publique","https://www.agence-biomedecine.fr/deliberations-conseil-orientation",,"M. Thomas Mesnier","Membre titulaire","2020-12-08"
"Conseil d'orientation de l'Agence de la biomédecine","Article L. 1418-4 du code de la santé publique","https://www.agence-biomedecine.fr/deliberations-conseil-orientation",,"Mme Caroline Fiat","Membre titulaire","2021-01-05"
"Conseil d'orientation de l'Agence de la biomédecine","Article L. 1418-4 du code de la santé publique","https://www.agence-biomedecine.fr/deliberations-conseil-orientation",,"Mme Justine Gruet","Membre titulaire","2024-11-06"
"Conseil d'orientation de l'Agence de la biomédecine","Article L. 1418-4 du code de la santé publique","https://www.agence-biomedecine.fr/deliberations-conseil-orientation",,"Mme Pauline Levasseur","Membre titulaire","2024-11-06"
"Conseil d'orientation de l'Agence de la biomédecine","Article L. 1418-4 du code de la santé publique","https://www.agence-biomedecine.fr/deliberations-conseil-orientation",,"M. Jean Bardet","Membre titulaire","2010-09-10"
"Conseil d'orientation de l'Agence de la biomédecine","Article L. 1418-4 du code de la santé publique","https://www.agence-biomedecine.fr/deliberations-conseil-orientation",,"M. Jean Bardet","Membre titulaire","2004-10-12"
"Conseil d'orientation de l'Agence de la biomédecine","Article L. 1418-4 du code de la santé publique","https://www.agence-biomedecine.fr/deliberations-conseil-orientation",,"M. Jean-Louis Touraine","Membre titulaire","2012-10-05"
"Conseil d'orientation de l'Agence de la biomédecine","Article L. 1418-4 du code de la santé publique","https://www.agence-biomedecine.fr/deliberations-conseil-orientation",,"M. Philippe Berta","Membre titulaire","2022-10-21"
"Conseil d'orientation de l'Agence de la biomédecine","Article L. 1418-4 du code de la santé publique","https://www.agence-biomedecine.fr/deliberations-conseil-orientation",,"Mme Laëtitia Romeiro Dias","Membre titulaire","2019-03-11"
"Conseil d'orientation de l'Agence de la biomédecine","Article L. 1418-4 du code de la santé publique","https://www.agence-biomedecine.fr/deliberations-conseil-orientation",,"M. Thomas Mesnier","Membre titulaire","2017-10-25"
"Conseil d'orientation de l'Agence de la biomédecine","Article L. 1418-4 du code de la santé publique","https://www.agence-biomedecine.fr/deliberations-conseil-orientation",,"M. Jean-Pierre Pont","Membre titulaire","2022-10-21"
"Conseil d'orientation de l'Agence de la biomédecine","Article L. 1418-4 du code de la santé publique","https://www.agence-biomedecine.fr/deliberations-conseil-orientation",,"M. Jean-Louis Touraine","Membre titulaire","2017-10-25"
"Conseil d'orientation de l'Agence de la biomédecine","Article L. 1418-4 du code de la santé publique","https://www.agence-biomedecine.fr/deliberations-conseil-orientation",,"M. Jean Bardet","Membre titulaire","2007-08-01"
"Haut comité de la qualité de service dans les transports","Article L. 1111-7 du code des transports","http://www.qualitetransports.gouv.fr/le-haut-comite-de-la-qualite-de-service-dans-les-r9.html","4","M. Olivier Faure","Membre titulaire","2012-10-22"
"Haut comité de la qualité de service dans les transports","Article L. 1111-7 du code des transports","http://www.qualitetransports.gouv.fr/le-haut-comite-de-la-qualite-de-service-dans-les-r9.html","4","M. Stéphane Demilly","Membre suppléant","2012-10-22"
"Haut comité de la qualité de service dans les transports","Article L. 1111-7 du code des transports","http://www.qualitetransports.gouv.fr/le-haut-comite-de-la-qualite-de-service-dans-les-r9.html","4","Mme Laurianne Rossi","Membre titulaire","2017-11-02"
"Haut comité de la qualité de service dans les transports","Article L. 1111-7 du code des transports","http://www.qualitetransports.gouv.fr/le-haut-comite-de-la-qualite-de-service-dans-les-r9.html","4","Mme Sophie Auconie","Membre suppléante","2017-11-02"
"Haut comité de la qualité de service dans les transports","Article L. 1111-7 du code des transports","http://www.qualitetransports.gouv.fr/le-haut-comite-de-la-qualite-de-service-dans-les-r9.html","4","Mme Tiffany Joncour","Membre titulaire","2024-11-21"
"Haut comité de la qualité de service dans les transports","Article L. 1111-7 du code des transports","http://www.qualitetransports.gouv.fr/le-haut-comite-de-la-qualite-de-service-dans-les-r9.html","4","Mme Christine Decodts","Membre titulaire","2022-10-21"
"Haut comité de la qualité de service dans les transports","Article L. 1111-7 du code des transports","http://www.qualitetransports.gouv.fr/le-haut-comite-de-la-qualite-de-service-dans-les-r9.html","4","M. Hugues Fourage","Membre titulaire","2012-10-22"
"Haut comité de la qualité de service dans les transports","Article L. 1111-7 du code des transports","http://www.qualitetransports.gouv.fr/le-haut-comite-de-la-qualite-de-service-dans-les-r9.html","4","M. Jacques Krabal","Membre titulaire","2017-11-02"
"Haut comité de la qualité de service dans les transports","Article L. 1111-7 du code des transports","http://www.qualitetransports.gouv.fr/le-haut-comite-de-la-qualite-de-service-dans-les-r9.html","4","M. Patrice Carvalho","Membre suppléant","2012-10-22"
"Haut comité de la qualité de service dans les transports","Article L. 1111-7 du code des transports","http://www.qualitetransports.gouv.fr/le-haut-comite-de-la-qualite-de-service-dans-les-r9.html","4","M. Bruno Millienne","Membre suppléant","2017-11-02"
"Haut comité de la qualité de service dans les transports","Article L. 1111-7 du code des transports","http://www.qualitetransports.gouv.fr/le-haut-comite-de-la-qualite-de-service-dans-les-r9.html","4","M. Bérenger Cernon","Membre titulaire","2024-11-21"
"Haut comité de la qualité de service dans les transports","Article L. 1111-7 du code des transports","http://www.qualitetransports.gouv.fr/le-haut-comite-de-la-qualite-de-service-dans-les-r9.html","4","M. Pierrick Berteloot","Membre titulaire","2022-10-21"
"Comité de surveillance de la Caisse d'amortissement de la dette sociale","Article 3 de l'ordonnance n° 96-50 du 24 janvier 1996","http://www.cades.fr/index.php/fr/la-cades/gouvernance",,"M. Éric Besson","Membre titulaire","2005-10-20"
"Comité de surveillance de la Caisse d'amortissement de la dette sociale","Article 3 de l'ordonnance n° 96-50 du 24 janvier 1996","http://www.cades.fr/index.php/fr/la-cades/gouvernance",,"Mme Valérie Rabault","Membre titulaire","2012-10-04"
"Comité de surveillance de la Caisse d'amortissement de la dette sociale","Article 3 de l'ordonnance n° 96-50 du 24 janvier 1996","http://www.cades.fr/index.php/fr/la-cades/gouvernance",,"M. Bernard Accoyer","Membre titulaire","2002-08-01"
"Comité de surveillance de la Caisse d'amortissement de la dette sociale","Article 3 de l'ordonnance n° 96-50 du 24 janvier 1996","http://www.cades.fr/index.php/fr/la-cades/gouvernance",,"M. Paul Christophe","Membre titulaire","2023-03-28"
"Comité de surveillance de la Caisse d'amortissement de la dette sociale","Article 3 de l'ordonnance n° 96-50 du 24 janvier 1996","http://www.cades.fr/index.php/fr/la-cades/gouvernance",,"Mme Muguette Jacquaint","Membre titulaire","1997-09-19"
"Comité de surveillance de la Caisse d'amortissement de la dette sociale","Article 3 de l'ordonnance n° 96-50 du 24 janvier 1996","http://www.cades.fr/index.php/fr/la-cades/gouvernance",,"M. Gérard Bapt","Membre titulaire","2007-08-01"
"Comité de surveillance de la Caisse d'amortissement de la dette sociale","Article 3 de l'ordonnance n° 96-50 du 24 janvier 1996","http://www.cades.fr/index.php/fr/la-cades/gouvernance",,"Mme Véronique Louwagie","Membre titulaire","2017-11-13"
"Comité de surveillance de la Caisse d'amortissement de la dette sociale","Article 3 de l'ordonnance n° 96-50 du 24 janvier 1996","http://www.cades.fr/index.php/fr/la-cades/gouvernance",,"M. Michel Inchauspé","Membre titulaire","1996-05-24"
"Comité de surveillance de la Caisse d'amortissement de la dette sociale","Article 3 de l'ordonnance n° 96-50 du 24 janvier 1996","http://www.cades.fr/index.php/fr/la-cades/gouvernance",,"M. Gérard Bapt","Membre titulaire","2011-01-14"
"Comité de surveillance de la Caisse d'amortissement de la dette sociale","Article 3 de l'ordonnance n° 96-50 du 24 janvier 1996","http://www.cades.fr/index.php/fr/la-cades/gouvernance",,"M. Marc Laffineur","Membre titulaire","2000-10-11"
"Comité de surveillance de la Caisse d'amortissement de la dette sociale","Article 3 de l'ordonnance n° 96-50 du 24 janvier 1996","http://www.cades.fr/index.php/fr/la-cades/gouvernance",,"Mme Véronique Louwagie","Membre titulaire","2022-10-21"
"Comité de surveillance de la Caisse d'amortissement de la dette sociale","Article 3 de l'ordonnance n° 96-50 du 24 janvier 1996","http://www.cades.fr/index.php/fr/la-cades/gouvernance",,"M. Jérôme Guedj","Membre titulaire","2024-11-06"
"Comité de surveillance de la Caisse d'amortissement de la dette sociale","Article 3 de l'ordonnance n° 96-50 du 24 janvier 1996","http://www.cades.fr/index.php/fr/la-cades/gouvernance",,"M. Marc Laffineur","Membre titulaire","1997-09-19"
"Comité de surveillance de la Caisse d'amortissement de la dette sociale","Article 3 de l'ordonnance n° 96-50 du 24 janvier 1996","http://www.cades.fr/index.php/fr/la-cades/gouvernance",,"M. Bernard Accoyer","Membre titulaire","2012-10-04"
"Comité de surveillance de la Caisse d'amortissement de la dette sociale","Article 3 de l'ordonnance n° 96-50 du 24 janvier 1996","http://www.cades.fr/index.php/fr/la-cades/gouvernance",,"M. Philippe Vitel","Membre titulaire","2004-06-07"
"Comité de surveillance de la Caisse d'amortissement de la dette sociale","Article 3 de l'ordonnance n° 96-50 du 24 janvier 1996","http://www.cades.fr/index.php/fr/la-cades/gouvernance",,"M. Éric Besson","Membre titulaire","2002-08-01"
"Comité de surveillance de la Caisse d'amortissement de la dette sociale","Article 3 de l'ordonnance n° 96-50 du 24 janvier 1996","http://www.cades.fr/index.php/fr/la-cades/gouvernance",,"M. Jacques Richir","Membre titulaire","1996-05-24"
"Comité de surveillance de la Caisse d'amortissement de la dette sociale","Article 3 de l'ordonnance n° 96-50 du 24 janvier 1996","http://www.cades.fr/index.php/fr/la-cades/gouvernance",,"M. Philippe Vitel","Membre titulaire","2007-08-01"
"Comité de surveillance de la Caisse d'amortissement de la dette sociale","Article 3 de l'ordonnance n° 96-50 du 24 janvier 1996","http://www.cades.fr/index.php/fr/la-cades/gouvernance",,"M. Dominique Da Silva","Membre titulaire","2017-11-13"
"Comité de surveillance de la Caisse d'amortissement de la dette sociale","Article 3 de l'ordonnance n° 96-50 du 24 janvier 1996","http://www.cades.fr/index.php/fr/la-cades/gouvernance",,"M. Philippe Vitel","Membre titulaire","2011-01-14"
"Comité de surveillance de la Caisse d'amortissement de la dette sociale","Article 3 de l'ordonnance n° 96-50 du 24 janvier 1996","http://www.cades.fr/index.php/fr/la-cades/gouvernance",,"Mme Muguette Jacquaint","Membre titulaire","2000-10-11"
"Comité de surveillance de la Caisse d'amortissement de la dette sociale","Article 3 de l'ordonnance n° 96-50 du 24 janvier 1996","http://www.cades.fr/index.php/fr/la-cades/gouvernance",,"M. Thomas Mesnier","Membre titulaire","2022-10-21"
"Comité de surveillance de la Caisse d'amortissement de la dette sociale","Article 3 de l'ordonnance n° 96-50 du 24 janvier 1996","http://www.cades.fr/index.php/fr/la-cades/gouvernance",,"Mme Véronique Louwagie","Membre titulaire","2024-11-06"
"Commission supérieure des sites, perspectives et paysages","Article L. 341-17 du code de l’environnement",,"5","Mme Michèle Bonneton","Membre titulaire","2014-12-17"
"Commission supérieure des sites, perspectives et paysages","Article L. 341-17 du code de l’environnement",,"5","M. Gérard Voisin","Membre titulaire","2005-10-20"
"Commission supérieure des sites, perspectives et paysages","Article L. 341-17 du code de l’environnement",,"5","Mme Marie Pochon","Membre titulaire","2022-10-21"
"Commission supérieure des sites, perspectives et paysages","Article L. 341-17 du code de l’environnement",,"5","M. Maxime Bono","Membre titulaire","2002-08-01"
"Commission supérieure des sites, perspectives et paysages","Article L. 341-17 du code de l’environnement",,"5","Mme Sandra Marsaud","Membre titulaire","2017-12-01"
"Commission supérieure des sites, perspectives et paysages","Article L. 341-17 du code de l’environnement",,"5","Mme Anne Sicard","Membre titulaire","2024-11-06"
"Commission supérieure des sites, perspectives et paysages","Article L. 341-17 du code de l’environnement",,"5","M. Jean-Pierre Grand","Membre titulaire","2002-08-01"
"Commission supérieure des sites, perspectives et paysages","Article L. 341-17 du code de l’environnement",,"5","M. Gérard Voisin","Membre titulaire","2011-01-14"
"Commission supérieure des sites, perspectives et paysages","Article L. 341-17 du code de l’environnement",,"5","M. Maxime Bono","Membre titulaire","2007-08-01"
"Commission supérieure des sites, perspectives et paysages","Article L. 341-17 du code de l’environnement",,"5","M. Maxime Bono","Membre titulaire","2011-01-14"
"Commission supérieure des sites, perspectives et paysages","Article L. 341-17 du code de l’environnement",,"5","M. Michel Herbillon","Membre titulaire","2012-09-28"
"Commission supérieure des sites, perspectives et paysages","Article L. 341-17 du code de l’environnement",,"5","M. Michel Herbillon","Membre titulaire","2011-11-30"
"Commission supérieure des sites, perspectives et paysages","Article L. 341-17 du code de l’environnement",,"5","M. Gilbert Biessy","Membre titulaire","2001-12-05"
"Commission supérieure des sites, perspectives et paysages","Article L. 341-17 du code de l’environnement",,"5","M. Gilbert Sauvan","Membre titulaire","2012-09-28"
"Commission supérieure des sites, perspectives et paysages","Article L. 341-17 du code de l’environnement",,"5","M. Gérard Kuster","Membre titulaire","1986-06-20"
"Commission supérieure des sites, perspectives et paysages","Article L. 341-17 du code de l’environnement",,"5","M. Jean-Pierre Dufau","Membre titulaire","1998-10-31"
"Commission supérieure des sites, perspectives et paysages","Article L. 341-17 du code de l’environnement",,"5","M. Joël Hart","Membre titulaire","1993-05-23"
"Commission supérieure des sites, perspectives et paysages","Article L. 341-17 du code de l’environnement",,"5","M. Bruno Bourg-Broc","Membre titulaire","1999-03-06"
"Commission supérieure des sites, perspectives et paysages","Article L. 341-17 du code de l’environnement",,"5","M. Maxime Bono","Membre titulaire","2005-10-20"
"Commission supérieure des sites, perspectives et paysages","Article L. 341-17 du code de l’environnement",,"5","M. Jean-Pierre Grand","Membre titulaire","2005-10-20"
"Commission supérieure des sites, perspectives et paysages","Article L. 341-17 du code de l’environnement",,"5","Mme Sabine Buis","Membre titulaire","2014-11-21"
"Commission supérieure des sites, perspectives et paysages","Article L. 341-17 du code de l’environnement",,"5","M. Jean-Pierre Foucher","Membre titulaire","1988-11-18"
"Commission supérieure des sites, perspectives et paysages","Article L. 341-17 du code de l’environnement",,"5","M. Jean Rouger","Membre titulaire","1999-03-06"
"Commission supérieure des sites, perspectives et paysages","Article L. 341-17 du code de l’environnement",,"5","Mme Laurence Trastour-Isnart","Membre titulaire","2017-12-01"
"Commission supérieure des sites, perspectives et paysages","Article L. 341-17 du code de l’environnement",,"5","M. Hubert Ott","Membre titulaire","2022-10-21"
"Commission supérieure des sites, perspectives et paysages","Article L. 341-17 du code de l’environnement",,"5","M. Roland Chassain","Membre titulaire","2002-08-01"
"Commission supérieure des sites, perspectives et paysages","Article L. 341-17 du code de l’environnement",,"5","M. René Couanau","Membre titulaire","2011-01-14"
"Commission supérieure des sites, perspectives et paysages","Article L. 341-17 du code de l’environnement",,"5","M. Gérard Voisin","Membre titulaire","2007-08-01"
"Commission supérieure des sites, perspectives et paysages","Article L. 341-17 du code de l’environnement",,"5","M. Gérard Voisin","Membre titulaire","2002-08-01"
"Commission supérieure des sites, perspectives et paysages","Article L. 341-17 du code de l’environnement",,"5","M. Jean-Paul Fuchs","Membre titulaire","1990-11-16"
"Commission supérieure des sites, perspectives et paysages","Article L. 341-17 du code de l’environnement",,"5","M. Nicolas Forissier","Membre titulaire","2024-11-06"
"Commission supérieure des sites, perspectives et paysages","Article L. 341-17 du code de l’environnement",,"5","M. René Couanau","Membre titulaire","2007-08-01"
"Commission supérieure des sites, perspectives et paysages","Article L. 341-17 du code de l’environnement",,"5","M. Christian Assaf","Membre titulaire","2012-09-28"
"Commission supérieure des sites, perspectives et paysages","Article L. 341-17 du code de l’environnement",,"5","Mme Marie Jacq","Membre titulaire","1988-11-18"
"Commission supérieure des sites, perspectives et paysages","Article L. 341-17 du code de l’environnement",,"5","M. Jean Launay","Membre titulaire","2001-12-05"
"Commission supérieure des sites, perspectives et paysages","Article L. 341-17 du code de l’environnement",,"5","Mme Barbara Pompili","Membre titulaire","2012-09-28"
"Commission supérieure des sites, perspectives et paysages","Article L. 341-17 du code de l’environnement",,"5","M. Jean-Jacques Delvaux","Membre titulaire","1993-05-23"
"Commission supérieure des sites, perspectives et paysages","Article L. 341-17 du code de l’environnement",,"5","Mme Marie Jacq","Membre titulaire","1986-06-20"
"Commission supérieure des sites, perspectives et paysages","Article L. 341-17 du code de l’environnement",,"5","M. Roger Meï","Membre titulaire","1998-10-31"
"Commission supérieure des sites, perspectives et paysages","Article L. 341-17 du code de l’environnement",,"5","M. Michel Péricard","Membre titulaire","1998-10-31"
"Commission supérieure des sites, perspectives et paysages","Article L. 341-17 du code de l’environnement",,"5","M. Jean-Michel Couve","Membre titulaire","2007-11-06"
"Commission supérieure des sites, perspectives et paysages","Article L. 341-17 du code de l’environnement",,"5","Mme Brigitte Douay","Membre titulaire","1998-10-31"
"Commission supérieure des sites, perspectives et paysages","Article L. 341-17 du code de l’environnement",,"5","M. Roland Chassain","Membre titulaire","2005-10-20"
"Agence Business France","Articles 50 de la loi n° 2003-721 du 1 août 2003","https://www.businessfrance.fr/qui-sommes-nous-gouvernance",,"M. Charles Rodwell","Membre titulaire","2024-11-06"
"Agence Business France","Articles 50 de la loi n° 2003-721 du 1 août 2003","https://www.businessfrance.fr/qui-sommes-nous-gouvernance",,"M. Buon Tan","Membre titulaire","2020-06-24"
"Agence Business France","Articles 50 de la loi n° 2003-721 du 1 août 2003","https://www.businessfrance.fr/qui-sommes-nous-gouvernance",,"Mme Estelle Grelier","Membre titulaire","2015-05-21"
"Agence Business France","Articles 50 de la loi n° 2003-721 du 1 août 2003","https://www.businessfrance.fr/qui-sommes-nous-gouvernance",,"M. Bruno Bonnell","Membre titulaire","2017-10-25"
"Agence Business France","Articles 50 de la loi n° 2003-721 du 1 août 2003","https://www.businessfrance.fr/qui-sommes-nous-gouvernance",,"Mme Marie Lebec","Membre titulaire","2022-10-21"
"Agence Business France","Articles 50 de la loi n° 2003-721 du 1 août 2003","https://www.businessfrance.fr/qui-sommes-nous-gouvernance",,"Mme Eléonore Caroit","Membre titulaire","2024-03-07"
"Haut Conseil du financement de la protection sociale","Article L. 114-1 A du code de la sécurité sociale","http://www.securite-sociale.fr/-Haut-conseil-de-financement-de-la-protection-sociale-","13","M. Michel Lauzzana","Membre titulaire","2024-11-06"
"Haut Conseil du financement de la protection sociale","Article L. 114-1 A du code de la sécurité sociale","http://www.securite-sociale.fr/-Haut-conseil-de-financement-de-la-protection-sociale-","13","Mme Valérie Rabault","Membre titulaire","2012-09-21"
"Haut Conseil du financement de la protection sociale","Article L. 114-1 A du code de la sécurité sociale","http://www.securite-sociale.fr/-Haut-conseil-de-financement-de-la-protection-sociale-","13","M. Jean-Pierre Door","Membre titulaire","2017-11-13"
"Haut Conseil du financement de la protection sociale","Article L. 114-1 A du code de la sécurité sociale","http://www.securite-sociale.fr/-Haut-conseil-de-financement-de-la-protection-sociale-","13","M. Dominique Da Silva","Membre suppléant","2017-11-13"
"Haut Conseil du financement de la protection sociale","Article L. 114-1 A du code de la sécurité sociale","http://www.securite-sociale.fr/-Haut-conseil-de-financement-de-la-protection-sociale-","13","Mme Alexandra Martin (Alpes-Maritimes)","Membre titulaire","2022-10-21"
"Haut Conseil du financement de la protection sociale","Article L. 114-1 A du code de la sécurité sociale","http://www.securite-sociale.fr/-Haut-conseil-de-financement-de-la-protection-sociale-","13","Mme Sandrine Runel","Membre titulaire","2024-11-06"
"Haut Conseil du financement de la protection sociale","Article L. 114-1 A du code de la sécurité sociale","http://www.securite-sociale.fr/-Haut-conseil-de-financement-de-la-protection-sociale-","13","M. Gérard Bapt","Membre titulaire","2012-11-28"
"Haut Conseil du financement de la protection sociale","Article L. 114-1 A du code de la sécurité sociale","http://www.securite-sociale.fr/-Haut-conseil-de-financement-de-la-protection-sociale-","13","Mme Isabelle Le Callennec","Membre suppléante","2012-09-21"
"Haut Conseil du financement de la protection sociale","Article L. 114-1 A du code de la sécurité sociale","http://www.securite-sociale.fr/-Haut-conseil-de-financement-de-la-protection-sociale-","13","M. Jean-Pierre Door","Membre titulaire","2018-04-13"
"Haut Conseil du financement de la protection sociale","Article L. 114-1 A du code de la sécurité sociale","http://www.securite-sociale.fr/-Haut-conseil-de-financement-de-la-protection-sociale-","13","Mme Delphine Bagarry","Membre titulaire","2017-11-13"
"Haut Conseil du financement de la protection sociale","Article L. 114-1 A du code de la sécurité sociale","http://www.securite-sociale.fr/-Haut-conseil-de-financement-de-la-protection-sociale-","13","M. Jonas Tahuaitu","Membre suppléant","2012-11-29"
"Haut Conseil du financement de la protection sociale","Article L. 114-1 A du code de la sécurité sociale","http://www.securite-sociale.fr/-Haut-conseil-de-financement-de-la-protection-sociale-","13","M. Jean-Pierre Door","Membre titulaire","2012-09-21"
"Haut Conseil du financement de la protection sociale","Article L. 114-1 A du code de la sécurité sociale","http://www.securite-sociale.fr/-Haut-conseil-de-financement-de-la-protection-sociale-","13","Mme Michèle de Vaucouleurs","Membre suppléante","2017-11-13"
"Haut Conseil du financement de la protection sociale","Article L. 114-1 A du code de la sécurité sociale","http://www.securite-sociale.fr/-Haut-conseil-de-financement-de-la-protection-sociale-","13","M. Éric Alauzet","Membre titulaire","2022-10-21"
"Commission supérieure de la codification","L. 351-1 du code des relations entre le public et l'administration","https://www.gouvernement.fr/composition-commission-superieure-codification","4","Mme Typhanie Degois","Membre suppléante","2017-10-19"
"Commission supérieure de la codification","L. 351-1 du code des relations entre le public et l'administration","https://www.gouvernement.fr/composition-commission-superieure-codification","4","Mme Marie-Françoise Bechtel","Membre titulaire","2012-07-24"
"Commission supérieure de la codification","L. 351-1 du code des relations entre le public et l'administration","https://www.gouvernement.fr/composition-commission-superieure-codification","4","M. François Colcombet","Membre titulaire","1997-09-19"
"Commission supérieure de la codification","L. 351-1 du code des relations entre le public et l'administration","https://www.gouvernement.fr/composition-commission-superieure-codification","4","M. Luc Belot","Membre suppléant","2014-11-26"
"Commission supérieure de la codification","L. 351-1 du code des relations entre le public et l'administration","https://www.gouvernement.fr/composition-commission-superieure-codification","4","M. Philippe Bonnecarrère","Membre suppléant","1993-05-14"
"Commission supérieure de la codification","L. 351-1 du code des relations entre le public et l'administration","https://www.gouvernement.fr/composition-commission-superieure-codification","4","M. Pierre Morel-À-L'Huissier","Membre suppléant","2002-08-01"
"Commission supérieure de la codification","L. 351-1 du code des relations entre le public et l'administration","https://www.gouvernement.fr/composition-commission-superieure-codification","4","M. Étienne Blanc","Membre suppléant","2007-07-25"
"Commission supérieure de la codification","L. 351-1 du code des relations entre le public et l'administration","https://www.gouvernement.fr/composition-commission-superieure-codification","4","M. Matthias Fekl","Membre suppléant","2012-07-24"
"Commission supérieure de la codification","L. 351-1 du code des relations entre le public et l'administration","https://www.gouvernement.fr/composition-commission-superieure-codification","4","M. Pierre Mazeaud","Membre suppléant","1989-11-03"
"Commission supérieure de la codification","L. 351-1 du code des relations entre le public et l'administration","https://www.gouvernement.fr/composition-commission-superieure-codification","4","M. Alain Vidalies","Membre titulaire","1998-11-20"
"Commission supérieure de la codification","L. 351-1 du code des relations entre le public et l'administration","https://www.gouvernement.fr/composition-commission-superieure-codification","4","M. Pierre Albertini","Membre titulaire","1993-05-14"
"Commission supérieure de la codification","L. 351-1 du code des relations entre le public et l'administration","https://www.gouvernement.fr/composition-commission-superieure-codification","4","Mme Marie-France Lorho","Membre titulaire","2022-10-21"
"Commission supérieure de la codification","L. 351-1 du code des relations entre le public et l'administration","https://www.gouvernement.fr/composition-commission-superieure-codification","4","Mme Maryse Joissains-Masini","Membre titulaire","2002-08-01"
"Commission supérieure de la codification","L. 351-1 du code des relations entre le public et l'administration","https://www.gouvernement.fr/composition-commission-superieure-codification","4","M. Gérard Gouzes","Membre suppléant","1997-09-19"
"Commission supérieure de la codification","L. 351-1 du code des relations entre le public et l'administration","https://www.gouvernement.fr/composition-commission-superieure-codification","4","M. Philippe Schreck","Membre titulaire","2024-11-06"
"Commission supérieure de la codification","L. 351-1 du code des relations entre le public et l'administration","https://www.gouvernement.fr/composition-commission-superieure-codification","4","M. Philippe Gosselin","Membre titulaire","2007-07-25"
"Commission supérieure de la codification","L. 351-1 du code des relations entre le public et l'administration","https://www.gouvernement.fr/composition-commission-superieure-codification","4","M. Christophe Euzet","Membre titulaire","2017-10-19"
"Commission départementale de coopération intercommunale","Article L. 5211-43 du code général des collectivités territoriales",,,"Mme Lise Magnier","Membre titulaire","2019-03-14"
"Commission départementale de coopération intercommunale","Article L. 5211-43 du code général des collectivités territoriales",,,"M. Fabrice Brun","Membre titulaire","2024-12-06"
"Commission départementale de coopération intercommunale","Article L. 5211-43 du code général des collectivités territoriales",,,"Mme Marianne Maximi","Membre titulaire","2022-11-22"
"Commission départementale de coopération intercommunale","Article L. 5211-43 du code général des collectivités territoriales",,,"Mme Chantal Jourdan","Membre titulaire","2022-11-22"
"Commission départementale de coopération intercommunale","Article L. 5211-43 du code général des collectivités territoriales",,,"M. Jean-Hugues Ratenon","Membre titulaire","2019-07-17"
"Commission départementale de coopération intercommunale","Article L. 5211-43 du code général des collectivités territoriales",,,"M. Jean Terlier","Membre titulaire","2024-12-06"
"Commission départementale de coopération intercommunale","Article L. 5211-43 du code général des collectivités territoriales",,,"M. Jérôme Guedj","Membre titulaire","2024-12-06"
"Commission départementale de coopération intercommunale","Article L. 5211-43 du code général des collectivités territoriales",,,"M. Philippe Huppé","Membre titulaire","2019-03-14"
"Commission départementale de coopération intercommunale","Article L. 5211-43 du code général des collectivités territoriales",,,"M. Christophe Naegelen","Membre titulaire","2019-03-14"
"Commission départementale de coopération intercommunale","Article L. 5211-43 du code général des collectivités territoriales",,,"M. Jocelyn Dessigny","Membre titulaire","2022-11-22"
"Commission départementale de coopération intercommunale","Article L. 5211-43 du code général des collectivités territoriales",,,"Mme Aurore Bergé","Membre titulaire","2019-03-14"
"Commission départementale de coopération intercommunale","Article L. 5211-43 du code général des collectivités territoriales",,,"Mme Claire Marais-Beuil","Membre titulaire","2024-12-06"
"Commission départementale de coopération intercommunale","Article L. 5211-43 du code général des collectivités territoriales",,,"Mme Valérie Bazin-Malgras","Membre titulaire","2024-12-06"
"Commission départementale de coopération intercommunale","Article L. 5211-43 du code général des collectivités territoriales",,,"M. David Habib","Membre titulaire","2019-03-14"
"Commission départementale de coopération intercommunale","Article L. 5211-43 du code général des collectivités territoriales",,,"Mme Barbara Pompili","Membre titulaire","2022-11-22"
"Commission départementale de coopération intercommunale","Article L. 5211-43 du code général des collectivités territoriales",,,"Mme Justine Benin","Membre titulaire","2019-03-14"
"Commission départementale de coopération intercommunale","Article L. 5211-43 du code général des collectivités territoriales",,,"Mme Anne-Laure Blin","Membre titulaire","2022-11-22"
"Commission départementale de coopération intercommunale","Article L. 5211-43 du code général des collectivités territoriales",,,"Mme Laurence Dumont","Membre titulaire","2019-03-14"
"Commission départementale de coopération intercommunale","Article L. 5211-43 du code général des collectivités territoriales",,,"Mme Christine Loir","Membre titulaire","2022-11-22"
"Commission départementale de coopération intercommunale","Article L. 5211-43 du code général des collectivités territoriales",,,"M. Thomas Mesnier","Membre titulaire","2019-03-14"
"Commission départementale de coopération intercommunale","Article L. 5211-43 du code général des collectivités territoriales",,,"M. Didier Le Gac","Membre titulaire","2022-11-22"
"Commission départementale de coopération intercommunale","Article L. 5211-43 du code général des collectivités territoriales",,,"M. Henri Alfandari","Membre titulaire","2024-12-06"
"Commission départementale de coopération intercommunale","Article L. 5211-43 du code général des collectivités territoriales",,,"M. Charles Alloncle","Membre titulaire","2024-12-06"
"Commission départementale de coopération intercommunale","Article L. 5211-43 du code général des collectivités territoriales",,,"M. Jean Terlier","Membre titulaire","2022-11-22"
"Commission départementale de coopération intercommunale","Article L. 5211-43 du code général des collectivités territoriales",,,"M. Olivier Damaisin","Membre titulaire","2019-03-14"
"Commission départementale de coopération intercommunale","Article L. 5211-43 du code général des collectivités territoriales",,,"Mme Manuéla Kéclard-Mondésir","Membre titulaire","2019-03-14"
"Commission départementale de coopération intercommunale","Article L. 5211-43 du code général des collectivités territoriales",,,"M. David Habib","Membre titulaire","2022-11-22"
"Commission départementale de coopération intercommunale","Article L. 5211-43 du code général des collectivités territoriales",,,"Mme Véronique Besse","Membre titulaire","2024-12-06"
"Commission départementale de coopération intercommunale","Article L. 5211-43 du code général des collectivités territoriales",,,"Mme Lisa Belluco","Membre titulaire","2024-12-06"
"Commission départementale de coopération intercommunale","Article L. 5211-43 du code général des collectivités territoriales",,,"Mme Michèle Crouzet","Membre titulaire","2019-03-14"
"Commission départementale de coopération intercommunale","Article L. 5211-43 du code général des collectivités territoriales",,,"M. Fabrice Brun","Membre titulaire","2022-11-22"
"Commission départementale de coopération intercommunale","Article L. 5211-43 du code général des collectivités territoriales",,,"Mme Chantal Jourdan","Membre titulaire","2024-12-06"
"Commission départementale de coopération intercommunale","Article L. 5211-43 du code général des collectivités territoriales",,,"Mme Valérie Bazin-Malgras","Membre titulaire","2022-11-22"
"Commission départementale de coopération intercommunale","Article L. 5211-43 du code général des collectivités territoriales",,,"Mme Brigitte Klinkert","Membre titulaire","2024-12-06"
"Commission départementale de coopération intercommunale","Article L. 5211-43 du code général des collectivités territoriales",,,"M. Julien Rancoule","Membre titulaire","2024-12-06"
"Commission départementale de coopération intercommunale","Article L. 5211-43 du code général des collectivités territoriales",,,"Mme Laurence Gayte","Membre titulaire","2019-03-14"
"Commission départementale de coopération intercommunale","Article L. 5211-43 du code général des collectivités territoriales",,,"Mme Karen Erodi","Membre titulaire","2022-11-22"
"Commission départementale de coopération intercommunale","Article L. 5211-43 du code général des collectivités territoriales",,,"M. Guillaume Vuilletet","Membre titulaire","2019-03-14"
"Commission départementale de coopération intercommunale","Article L. 5211-43 du code général des collectivités territoriales",,,"Mme Virginie Duby-Muller","Membre titulaire","2019-03-14"
"Commission départementale de coopération intercommunale","Article L. 5211-43 du code général des collectivités territoriales",,,"Mme Mathilde Paris","Membre titulaire","2022-11-22"
"Commission départementale de coopération intercommunale","Article L. 5211-43 du code général des collectivités territoriales",,,"Mme Christelle Petex","Membre titulaire","2022-11-22"
"Commission départementale de coopération intercommunale","Article L. 5211-43 du code général des collectivités territoriales",,,"Mme Nadia Essayan","Membre titulaire","2019-03-14"
"Commission départementale de coopération intercommunale","Article L. 5211-43 du code général des collectivités territoriales",,,"M. Olivier Falorni","Membre titulaire","2019-03-14"
"Commission départementale de coopération intercommunale","Article L. 5211-43 du code général des collectivités territoriales",,,"M. Nicolas Meizonnet","Membre titulaire","2022-11-22"
"Commission départementale de coopération intercommunale","Article L. 5211-43 du code général des collectivités territoriales",,,"M. Jérémie Iordanoff","Membre titulaire","2024-12-06"
"Commission départementale de coopération intercommunale","Article L. 5211-43 du code général des collectivités territoriales",,,"Mme Christine Le Nabour","Membre titulaire","2024-12-06"
"Commission départementale de coopération intercommunale","Article L. 5211-43 du code général des collectivités territoriales",,,"Mme Laure Lavalette","Membre titulaire","2022-11-22"
"Commission départementale de coopération intercommunale","Article L. 5211-43 du code général des collectivités territoriales",,,"Mme Huguette Bello","Membre titulaire","2019-03-14"
"Commission départementale de coopération intercommunale","Article L. 5211-43 du code général des collectivités territoriales",,,"M. Pascal Brindeau","Membre titulaire","2019-03-14"
"Commission départementale de coopération intercommunale","Article L. 5211-43 du code général des collectivités territoriales",,,"Mme Sophie Blanc","Membre titulaire","2022-11-22"
"Commission départementale de coopération intercommunale","Article L. 5211-43 du code général des collectivités territoriales",,,"Mme Josiane Corneloup","Membre titulaire","2022-11-22"
"Commission départementale de coopération intercommunale","Article L. 5211-43 du code général des collectivités territoriales",,,"M. Stéphane Delautrette","Membre titulaire","2024-12-06"
"Commission départementale de coopération intercommunale","Article L. 5211-43 du code général des collectivités territoriales",,,"M. Jean-Luc Warsmann","Membre titulaire","2022-11-22"
"Commission départementale de coopération intercommunale","Article L. 5211-43 du code général des collectivités territoriales",,,"Mme Louise Morel","Membre titulaire","2024-12-06"
"Commission départementale de coopération intercommunale","Article L. 5211-43 du code général des collectivités territoriales",,,"M. Frédéric Falcon","Membre titulaire","2022-11-22"
"Commission départementale de coopération intercommunale","Article L. 5211-43 du code général des collectivités territoriales",,,"Mme Michèle Martinez","Membre titulaire","2024-12-06"
"Commission départementale de coopération intercommunale","Article L. 5211-43 du code général des collectivités territoriales",,,"M. Laurent Alexandre","Membre titulaire","2024-12-06"
"Commission départementale de coopération intercommunale","Article L. 5211-43 du code général des collectivités territoriales",,,"M. Pascal Markowsky","Membre titulaire","2024-12-06"
"Commission départementale de coopération intercommunale","Article L. 5211-43 du code général des collectivités territoriales",,,"Mme Fiona Lazaar","Membre titulaire","2019-03-14"
"Commission départementale de coopération intercommunale","Article L. 5211-43 du code général des collectivités territoriales",,,"Mme Anne Brugnera","Membre titulaire","2019-03-14"
"Commission départementale de coopération intercommunale","Article L. 5211-43 du code général des collectivités territoriales",,,"Mme Laurianne Rossi","Membre titulaire","2019-03-14"
"Commission départementale de coopération intercommunale","Article L. 5211-43 du code général des collectivités territoriales",,,"Mme Hélène Laporte","Membre titulaire","2022-11-22"
"Commission départementale de coopération intercommunale","Article L. 5211-43 du code général des collectivités territoriales",,,"Mme Marie-Ange Magne","Membre titulaire","2019-03-14"
"Commission départementale de coopération intercommunale","Article L. 5211-43 du code général des collectivités territoriales",,,"M. Stéphane Delautrette","Membre titulaire","2022-11-22"
"Commission départementale de coopération intercommunale","Article L. 5211-43 du code général des collectivités territoriales",,,"M. Didier Martin","Membre titulaire","2019-03-14"
"Commission départementale de coopération intercommunale","Article L. 5211-43 du code général des collectivités territoriales",,,"Mme Sophie Mette","Membre titulaire","2022-11-22"
"Commission départementale de coopération intercommunale","Article L. 5211-43 du code général des collectivités territoriales",,,"Mme Stella Dupont","Membre titulaire","2024-12-06"
"Commission départementale de coopération intercommunale","Article L. 5211-43 du code général des collectivités territoriales",,,"Mme Annie Vidal","Membre titulaire","2022-11-22"
"Commission départementale de coopération intercommunale","Article L. 5211-43 du code général des collectivités territoriales",,,"M. Gabriel Amard","Membre titulaire","2022-11-22"
"Commission départementale de coopération intercommunale","Article L. 5211-43 du code général des collectivités territoriales",,,"M. Marcellin Nadeau","Membre titulaire","2022-11-22"
"Commission départementale de coopération intercommunale","Article L. 5211-43 du code général des collectivités territoriales",,,"M. Christophe Naegelen","Membre titulaire","2024-12-06"
"Commission départementale de coopération intercommunale","Article L. 5211-43 du code général des collectivités territoriales",,,"M. Robin Reda","Membre titulaire","2022-11-22"
"Commission départementale de coopération intercommunale","Article L. 5211-43 du code général des collectivités territoriales",,,"M. Raphaël Arnault","Membre titulaire","2024-12-06"
"Commission départementale de coopération intercommunale","Article L. 5211-43 du code général des collectivités territoriales",,,"M. Jean-François Rousset","Membre titulaire","2022-11-22"
"Commission départementale de coopération intercommunale","Article L. 5211-43 du code général des collectivités territoriales",,,"Mme Josy Poueyto","Membre titulaire","2024-12-06"
"Commission départementale de coopération intercommunale","Article L. 5211-43 du code général des collectivités territoriales",,,"Mme Joëlle Mélin","Membre titulaire","2024-12-06"
"Commission départementale de coopération intercommunale","Article L. 5211-43 du code général des collectivités territoriales",,,"M. Loïc Kervran","Membre titulaire","2024-12-06"
"Commission départementale de coopération intercommunale","Article L. 5211-43 du code général des collectivités territoriales",,,"M. Jean-Carles Grelier","Membre titulaire","2019-03-14"
"Commission départementale de coopération intercommunale","Article L. 5211-43 du code général des collectivités territoriales",,,"M. Jacques Maire","Membre titulaire","2019-03-14"
"Commission départementale de coopération intercommunale","Article L. 5211-43 du code général des collectivités territoriales",,,"Mme Séverine Gipson","Membre titulaire","2019-03-14"
"Commission départementale de coopération intercommunale","Article L. 5211-43 du code général des collectivités territoriales",,,"Mme Constance Le Grip","Membre titulaire","2022-11-22"
"Commission départementale de coopération intercommunale","Article L. 5211-43 du code général des collectivités territoriales",,,"M. Éric Alauzet","Membre titulaire","2019-03-14"
"Commission départementale de coopération intercommunale","Article L. 5211-43 du code général des collectivités territoriales",,,"Mme Farida Amrani","Membre titulaire","2022-11-22"
"Commission départementale de coopération intercommunale","Article L. 5211-43 du code général des collectivités territoriales",,,"M. Jean-Pierre Cubertafon","Membre titulaire","2019-03-14"
"Commission départementale de coopération intercommunale","Article L. 5211-43 du code général des collectivités territoriales",,,"Mme Marie-Christine Dalloz","Membre titulaire","2024-12-06"
"Commission départementale de coopération intercommunale","Article L. 5211-43 du code général des collectivités territoriales",,,"Mme Raquel Garrido","Membre titulaire","2022-11-22"
"Commission départementale de coopération intercommunale","Article L. 5211-43 du code général des collectivités territoriales",,,"M. Roger Chudeau","Membre titulaire","2024-12-06"
"Commission départementale de coopération intercommunale","Article L. 5211-43 du code général des collectivités territoriales",,,"M. Daniel Grenon","Membre titulaire","2024-12-06"
"Commission départementale de coopération intercommunale","Article L. 5211-43 du code général des collectivités territoriales",,,"M. Jean-Marie Fiévet","Membre titulaire","2022-11-22"
"Commission départementale de coopération intercommunale","Article L. 5211-43 du code général des collectivités territoriales",,,"Mme Sabrina Sebaihi","Membre titulaire","2024-12-06"
"Commission départementale de coopération intercommunale","Article L. 5211-43 du code général des collectivités territoriales",,,"Mme Alexandra Martin (Alpes-Maritimes)","Membre titulaire","2022-11-22"
"Commission départementale de coopération intercommunale","Article L. 5211-43 du code général des collectivités territoriales",,,"Mme Sandrine Runel","Membre titulaire","2024-12-06"
"Commission départementale de coopération intercommunale","Article L. 5211-43 du code général des collectivités territoriales",,,"Mme Sabrina Roubache","Membre titulaire","2022-11-22"
"Commission départementale de coopération intercommunale","Article L. 5211-43 du code général des collectivités territoriales",,,"Mme Julie Delpech","Membre titulaire","2024-12-06"
"Commission départementale de coopération intercommunale","Article L. 5211-43 du code général des collectivités territoriales",,,"M. Sébastien Peytavie","Membre titulaire","2024-12-06"
"Commission départementale de coopération intercommunale","Article L. 5211-43 du code général des collectivités territoriales",,,"M. Patrick Mignola","Membre titulaire","2019-03-14"
"Commission départementale de coopération intercommunale","Article L. 5211-43 du code général des collectivités territoriales",,,"M. Jean Terlier","Membre titulaire","2019-03-14"
"Commission départementale de coopération intercommunale","Article L. 5211-43 du code général des collectivités territoriales",,,"M. Francis Chouat","Membre titulaire","2019-03-14"
"Commission départementale de coopération intercommunale","Article L. 5211-43 du code général des collectivités territoriales",,,"M. Aurélien Saintoul","Membre titulaire","2022-11-22"
"Commission départementale de coopération intercommunale","Article L. 5211-43 du code général des collectivités territoriales",,,"M. Jordan Guitton","Membre titulaire","2024-12-06"
"Commission départementale de coopération intercommunale","Article L. 5211-43 du code général des collectivités territoriales",,,"M. Marc Le Fur","Membre titulaire","2019-03-14"
"Commission départementale de coopération intercommunale","Article L. 5211-43 du code général des collectivités territoriales",,,"M. Jean-Marie Fiévet","Membre titulaire","2019-03-14"
"Commission départementale de coopération intercommunale","Article L. 5211-43 du code général des collectivités territoriales",,,"M. Boris Vallaud","Membre titulaire","2024-12-06"
"Commission départementale de coopération intercommunale","Article L. 5211-43 du code général des collectivités territoriales",,,"Mme Sylvie Bonnet","Membre titulaire","2024-12-06"
"Commission départementale de coopération intercommunale","Article L. 5211-43 du code général des collectivités territoriales",,,"M. Jean-Carles Grelier","Membre titulaire","2022-11-22"
"Commission départementale de coopération intercommunale","Article L. 5211-43 du code général des collectivités territoriales",,,"M. Jean-François Lovisolo","Membre titulaire","2022-11-22"
"Commission départementale de coopération intercommunale","Article L. 5211-43 du code général des collectivités territoriales",,,"M. Elie Califer","Membre titulaire","2022-11-22"
"Commission départementale de coopération intercommunale","Article L. 5211-43 du code général des collectivités territoriales",,,"M. Sylvain Berrios","Membre titulaire","2024-12-06"
"Commission départementale de coopération intercommunale","Article L. 5211-43 du code général des collectivités territoriales",,,"Mme Stéphanie Kochert","Membre titulaire","2022-11-22"
"Commission départementale de coopération intercommunale","Article L. 5211-43 du code général des collectivités territoriales",,,"Mme Josiane Corneloup","Membre titulaire","2024-12-06"
"Commission départementale de coopération intercommunale","Article L. 5211-43 du code général des collectivités territoriales",,,"M. Pierre Dharréville","Membre titulaire","2022-11-22"
"Commission départementale de coopération intercommunale","Article L. 5211-43 du code général des collectivités territoriales",,,"Mme Émilie Bonnivard","Membre titulaire","2024-12-06"
"Commission départementale de coopération intercommunale","Article L. 5211-43 du code général des collectivités territoriales",,,"M. Paul Christophle","Membre titulaire","2024-12-06"
"Commission départementale de coopération intercommunale","Article L. 5211-43 du code général des collectivités territoriales",,,"Mme Océane Godard","Membre titulaire","2024-12-06"
"Commission départementale de coopération intercommunale","Article L. 5211-43 du code général des collectivités territoriales",,,"M. Stéphane Demilly","Membre titulaire","2019-03-14"
"Commission départementale de coopération intercommunale","Article L. 5211-43 du code général des collectivités territoriales",,,"Mme Geneviève Levy","Membre titulaire","2019-03-14"
"Commission départementale de coopération intercommunale","Article L. 5211-43 du code général des collectivités territoriales",,,"M. Philippe Chalumeau","Membre titulaire","2019-03-14"
"Commission départementale de coopération intercommunale","Article L. 5211-43 du code général des collectivités territoriales",,,"Mme Mathilde Desjonquères","Membre titulaire","2022-11-22"
"Commission départementale de coopération intercommunale","Article L. 5211-43 du code général des collectivités territoriales",,,"Mme Marie-Christine Dalloz","Membre titulaire","2019-03-14"
"Commission départementale de coopération intercommunale","Article L. 5211-43 du code général des collectivités territoriales",,,"Mme Sandra Delannoy","Membre titulaire","2024-12-06"
"Commission départementale de coopération intercommunale","Article L. 5211-43 du code général des collectivités territoriales",,,"Mme Anna Pic","Membre titulaire","2022-11-22"
"Commission départementale de coopération intercommunale","Article L. 5211-43 du code général des collectivités territoriales",,,"M. Vincent Thiébaut","Membre titulaire","2019-03-14"
"Commission départementale de coopération intercommunale","Article L. 5211-43 du code général des collectivités territoriales",,,"M. Fabrice Roussel","Membre titulaire","2024-12-06"
"Commission départementale de coopération intercommunale","Article L. 5211-43 du code général des collectivités territoriales",,,"M. Jean-François Coulomme","Membre titulaire","2022-11-22"
"Commission départementale de coopération intercommunale","Article L. 5211-43 du code général des collectivités territoriales",,,"Mme Béatrice Bellamy","Membre titulaire","2022-11-22"
"Commission départementale de coopération intercommunale","Article L. 5211-43 du code général des collectivités territoriales",,,"M. Laurent Esquenet-Goxes","Membre titulaire","2022-11-22"
"Commission départementale de coopération intercommunale","Article L. 5211-43 du code général des collectivités territoriales",,,"Mme Béatrice Bellay","Membre titulaire","2024-12-06"
"Commission départementale de coopération intercommunale","Article L. 5211-43 du code général des collectivités territoriales",,,"Mme Sabine Thillaye","Membre titulaire","2022-11-22"
"Commission départementale de coopération intercommunale","Article L. 5211-43 du code général des collectivités territoriales",,,"M. Christian Baptiste","Membre titulaire","2024-12-06"
"Commission départementale de coopération intercommunale","Article L. 5211-43 du code général des collectivités territoriales",,,"M. Jean-Paul Dufrègne","Membre titulaire","2019-03-14"
"Commission départementale de coopération intercommunale","Article L. 5211-43 du code général des collectivités territoriales",,,"Mme Fadila Khattabi","Membre titulaire","2022-11-22"
"Commission départementale de coopération intercommunale","Article L. 5211-43 du code général des collectivités territoriales",,,"Mme Christelle Petex","Membre titulaire","2024-12-06"
"Commission départementale de coopération intercommunale","Article L. 5211-43 du code général des collectivités territoriales",,,"Mme Katiana Levavasseur","Membre titulaire","2024-12-06"
"Commission départementale de coopération intercommunale","Article L. 5211-43 du code général des collectivités territoriales",,,"M. Corentin Le Fur","Membre titulaire","2024-12-06"
"Commission départementale de coopération intercommunale","Article L. 5211-43 du code général des collectivités territoriales",,,"M. Jean-Michel Fauvergue","Membre titulaire","2019-03-14"
"Commission départementale de coopération intercommunale","Article L. 5211-43 du code général des collectivités territoriales",,,"Mme Monique Limon","Membre titulaire","2019-03-14"
"Commission départementale de coopération intercommunale","Article L. 5211-43 du code général des collectivités territoriales",,,"M. Guillaume Peltier","Membre titulaire","2019-03-14"
"Commission départementale de coopération intercommunale","Article L. 5211-43 du code général des collectivités territoriales",,,"Mme Julie Lechanteux","Membre titulaire","2024-12-06"
"Commission départementale de coopération intercommunale","Article L. 5211-43 du code général des collectivités territoriales",,,"Mme Lise Magnier","Membre titulaire","2022-11-22"
"Commission départementale de coopération intercommunale","Article L. 5211-43 du code général des collectivités territoriales",,,"M. Carlos Martens Bilongo","Membre titulaire","2024-12-06"
"Commission départementale de coopération intercommunale","Article L. 5211-43 du code général des collectivités territoriales",,,"Mme Emmanuelle Anthoine","Membre titulaire","2019-03-14"
"Commission départementale de coopération intercommunale","Article L. 5211-43 du code général des collectivités territoriales",,,"Mme Annaïg Le Meur","Membre titulaire","2019-03-14"
"Commission départementale de coopération intercommunale","Article L. 5211-43 du code général des collectivités territoriales",,,"M. Richard Ramos","Membre titulaire","2024-12-06"
"Commission départementale de coopération intercommunale","Article L. 5211-43 du code général des collectivités territoriales",,,"Mme Anna Pic","Membre titulaire","2024-12-06"
"Commission départementale de coopération intercommunale","Article L. 5211-43 du code général des collectivités territoriales",,,"Mme Carole Grandjean","Membre titulaire","2019-03-14"
"Commission départementale de coopération intercommunale","Article L. 5211-43 du code général des collectivités territoriales",,,"M. Jean-Michel Jacques","Membre titulaire","2019-03-14"
"Commission départementale de coopération intercommunale","Article L. 5211-43 du code général des collectivités territoriales",,,"Mme Lisa Belluco","Membre titulaire","2022-11-22"
"Commission départementale de coopération intercommunale","Article L. 5211-43 du code général des collectivités territoriales",,,"Mme Laurence Cristol","Membre titulaire","2022-11-22"
"Commission départementale de coopération intercommunale","Article L. 5211-43 du code général des collectivités territoriales",,,"M. Philippe Naillet","Membre titulaire","2024-12-06"
"Commission départementale de coopération intercommunale","Article L. 5211-43 du code général des collectivités territoriales",,,"Mme Marjolaine Meynier-Millefert","Membre titulaire","2022-11-22"
"Commission départementale de coopération intercommunale","Article L. 5211-43 du code général des collectivités territoriales",,,"M. Eric Liégeon","Membre titulaire","2024-12-06"
"Commission départementale de coopération intercommunale","Article L. 5211-43 du code général des collectivités territoriales",,,"M. Pascal Lavergne","Membre titulaire","2024-05-06"
"Commission départementale de coopération intercommunale","Article L. 5211-43 du code général des collectivités territoriales",,,"Mme Olga Givernet","Membre titulaire","2019-03-14"
"Commission départementale de coopération intercommunale","Article L. 5211-43 du code général des collectivités territoriales",,,"M. Julien Dive","Membre titulaire","2019-03-14"
"Commission départementale de coopération intercommunale","Article L. 5211-43 du code général des collectivités territoriales",,,"Mme Murielle Lepvraud","Membre titulaire","2022-11-22"
"Commission départementale de coopération intercommunale","Article L. 5211-43 du code général des collectivités territoriales",,,"M. Robert Le Bourgeois","Membre titulaire","2024-12-06"
"Commission départementale de coopération intercommunale","Article L. 5211-43 du code général des collectivités territoriales",,,"M. François Cormier-Bouligeon","Membre titulaire","2022-11-22"
"Commission départementale de coopération intercommunale","Article L. 5211-43 du code général des collectivités territoriales",,,"Mme Sandra Marsaud","Membre titulaire","2024-12-06"
"Commission départementale de coopération intercommunale","Article L. 5211-43 du code général des collectivités territoriales",,,"Mme Patricia Gallerneau","Membre titulaire","2019-03-14"
"Commission départementale de coopération intercommunale","Article L. 5211-43 du code général des collectivités territoriales",,,"M. Dino Cinieri","Membre titulaire","2019-03-14"
"Commission départementale de coopération intercommunale","Article L. 5211-43 du code général des collectivités territoriales",,,"M. Aurélien Saintoul","Membre titulaire","2024-12-06"
"Commission départementale de coopération intercommunale","Article L. 5211-43 du code général des collectivités territoriales",,,"Mme Caroline Fiat","Membre titulaire","2022-11-22"
"Commission départementale de coopération intercommunale","Article L. 5211-43 du code général des collectivités territoriales",,,"Mme Alexandra Martin (Alpes-Maritimes)","Membre titulaire","2024-12-06"
"Commission départementale de coopération intercommunale","Article L. 5211-43 du code général des collectivités territoriales",,,"M. Guillaume Garot","Membre titulaire","2022-11-22"
"Commission départementale de coopération intercommunale","Article L. 5211-43 du code général des collectivités territoriales",,,"M. Guillaume Kasbarian","Membre titulaire","2019-03-14"
"Commission départementale de coopération intercommunale","Article L. 5211-43 du code général des collectivités territoriales",,,"Mme Annie Genevard","Membre titulaire","2019-03-14"
"Commission départementale de coopération intercommunale","Article L. 5211-43 du code général des collectivités territoriales",,,"Mme Hélène Laporte","Membre titulaire","2024-12-06"
"Commission départementale de coopération intercommunale","Article L. 5211-43 du code général des collectivités territoriales",,,"Mme Laure Miller","Membre titulaire","2024-12-06"
"Commission départementale de coopération intercommunale","Article L. 5211-43 du code général des collectivités territoriales",,,"Mme Hélène Zannier","Membre titulaire","2019-03-14"
"Commission départementale de coopération intercommunale","Article L. 5211-43 du code général des collectivités territoriales",,,"M. Guy Bricout","Membre titulaire","2019-03-14"
"Commission départementale de coopération intercommunale","Article L. 5211-43 du code général des collectivités territoriales",,,"M. Guillaume Gouffier Valente","Membre titulaire","2022-11-22"
"Commission départementale de coopération intercommunale","Article L. 5211-43 du code général des collectivités territoriales",,,"Mme Émilie Chandler","Membre titulaire","2022-11-22"
"Commission départementale de coopération intercommunale","Article L. 5211-43 du code général des collectivités territoriales",,,"Mme Justine Gruet","Membre titulaire","2022-11-22"
"Commission départementale de coopération intercommunale","Article L. 5211-43 du code général des collectivités territoriales",,,"Mme Sophie Delorme Duret","Membre titulaire","2024-12-06"
"Commission départementale de coopération intercommunale","Article L. 5211-43 du code général des collectivités territoriales",,,"Mme Ingrid Dordain","Membre titulaire","2024-05-06"
"Commission départementale de coopération intercommunale","Article L. 5211-43 du code général des collectivités territoriales",,,"M. Alain Perea","Membre titulaire","2019-03-14"
"Commission départementale de coopération intercommunale","Article L. 5211-43 du code général des collectivités territoriales",,,"Mme Anne-Laure Babault","Membre titulaire","2022-11-22"
"Commission départementale de coopération intercommunale","Article L. 5211-43 du code général des collectivités territoriales",,,"Mme Béatrice Roullaud","Membre titulaire","2024-12-06"
"Commission départementale de coopération intercommunale","Article L. 5211-43 du code général des collectivités territoriales",,,"M. Nicolas Pacquot","Membre titulaire","2022-11-22"
"Commission départementale de coopération intercommunale","Article L. 5211-43 du code général des collectivités territoriales",,,"M. Olivier Falorni","Membre titulaire","2024-12-06"
"Commission départementale de coopération intercommunale","Article L. 5211-43 du code général des collectivités territoriales",,,"Mme Graziella Melchior","Membre titulaire","2024-12-06"
"Commission départementale de coopération intercommunale","Article L. 5211-43 du code général des collectivités territoriales",,,"M. Jean-Michel Clément","Membre titulaire","2019-03-14"
"Commission départementale de coopération intercommunale","Article L. 5211-43 du code général des collectivités territoriales",,,"M. Yves Daniel","Membre titulaire","2019-03-14"
"Commission départementale de coopération intercommunale","Article L. 5211-43 du code général des collectivités territoriales",,,"Mme Nicole Le Peih","Membre titulaire","2022-11-22"
"Commission départementale de coopération intercommunale","Article L. 5211-43 du code général des collectivités territoriales",,,"Mme Valérie Oppelt","Membre titulaire","2019-03-14"
"Commission départementale de coopération intercommunale","Article L. 5211-43 du code général des collectivités territoriales",,,"M. Bernard Chaix","Membre titulaire","2024-12-06"
"Commission départementale de coopération intercommunale","Article L. 5211-43 du code général des collectivités territoriales",,,"Mme Béatrice Descamps","Membre titulaire","2022-11-22"
"Commission départementale de coopération intercommunale","Article L. 5211-43 du code général des collectivités territoriales",,,"M. Bastien Marchive","Membre titulaire","2024-12-06"
"Commission départementale de coopération intercommunale","Article L. 5211-43 du code général des collectivités territoriales",,,"M. Jean-François Portarrieu","Membre titulaire","2019-03-14"
"Commission départementale de coopération intercommunale","Article L. 5211-43 du code général des collectivités territoriales",,,"M. Jean-Luc Fugit","Membre titulaire","2019-03-14"
"Commission départementale de coopération intercommunale","Article L. 5211-43 du code général des collectivités territoriales",,,"M. Paul Molac","Membre titulaire","2024-12-06"
"Commission départementale de coopération intercommunale","Article L. 5211-43 du code général des collectivités territoriales",,,"M. Éric Woerth","Membre titulaire","2019-03-14"
"Commission départementale de coopération intercommunale","Article L. 5211-43 du code général des collectivités territoriales",,,"M. Hadrien Ghomi","Membre titulaire","2022-11-22"
"Commission départementale de coopération intercommunale","Article L. 5211-43 du code général des collectivités territoriales",,,"M. André Villiers","Membre titulaire","2022-11-22"
"Commission départementale de coopération intercommunale","Article L. 5211-43 du code général des collectivités territoriales",,,"M. Mickaël Bouloux","Membre titulaire","2022-11-22"
"Commission départementale de coopération intercommunale","Article L. 5211-43 du code général des collectivités territoriales",,,"M. Jean-Pierre Taite","Membre titulaire","2022-11-22"
"Commission départementale de coopération intercommunale","Article L. 5211-43 du code général des collectivités territoriales",,,"M. Olivier Becht","Membre titulaire","2024-05-06"
"Commission départementale de coopération intercommunale","Article L. 5211-43 du code général des collectivités territoriales",,,"M. Stéphane Mazars","Membre titulaire","2019-03-14"
"Commission départementale de coopération intercommunale","Article L. 5211-43 du code général des collectivités territoriales",,,"M. Grégory Besson-Moreau","Membre titulaire","2019-03-14"
"Commission départementale de coopération intercommunale","Article L. 5211-43 du code général des collectivités territoriales",,,"Mme Mireille Clapot","Membre titulaire","2022-11-22"
"Commission départementale de coopération intercommunale","Article L. 5211-43 du code général des collectivités territoriales",,,"M. Philippe Vigier","Membre titulaire","2024-03-29"
"Commission départementale de coopération intercommunale","Article L. 5211-43 du code général des collectivités territoriales",,,"M. Olivier Marleix","Membre titulaire","2024-12-06"
"Commission départementale de coopération intercommunale","Article L. 5211-43 du code général des collectivités territoriales",,,"M. Alexandre Allegret-Pilot","Membre titulaire","2024-12-06"
"Commission départementale de coopération intercommunale","Article L. 5211-43 du code général des collectivités territoriales",,,"Mme Stéphanie Rist","Membre titulaire","2019-03-14"
"Commission départementale de coopération intercommunale","Article L. 5211-43 du code général des collectivités territoriales",,,"M. Denis Masséglia","Membre titulaire","2019-03-14"
"Commission départementale de coopération intercommunale","Article L. 5211-43 du code général des collectivités territoriales",,,"M. Julien Dive","Membre titulaire","2024-12-06"
"Commission départementale de coopération intercommunale","Article L. 5211-43 du code général des collectivités territoriales",,,"M. Alexandre Loubet","Membre titulaire","2022-11-22"
"Commission départementale de coopération intercommunale","Article L. 5211-43 du code général des collectivités territoriales",,,"M. Jean-Luc Mélenchon","Membre titulaire","2019-07-17"
"Commission départementale de coopération intercommunale","Article L. 5211-43 du code général des collectivités territoriales",,,"Mme Zahia Hamdane","Membre titulaire","2024-12-06"
"Commission départementale de coopération intercommunale","Article L. 5211-43 du code général des collectivités territoriales",,,"Mme Françoise Dumas","Membre titulaire","2019-03-14"
"Commission départementale de coopération intercommunale","Article L. 5211-43 du code général des collectivités territoriales",,,"Mme Cécile Untermaier","Membre titulaire","2019-03-14"
"Commission départementale de coopération intercommunale","Article L. 5211-43 du code général des collectivités territoriales",,,"Mme Isabelle Rauch","Membre titulaire","2024-12-06"
"Commission départementale de coopération intercommunale","Article L. 5211-43 du code général des collectivités territoriales",,,"Mme Olga Givernet","Membre titulaire","2022-11-22"
"Commission départementale de coopération intercommunale","Article L. 5211-43 du code général des collectivités territoriales",,,"M. Bertrand Sorre","Membre titulaire","2024-12-06"
"Commission départementale de coopération intercommunale","Article L. 5211-43 du code général des collectivités territoriales",,,"M. Joaquim Pueyo","Membre titulaire","2019-03-14"
"Commission départementale de coopération intercommunale","Article L. 5211-43 du code général des collectivités territoriales",,,"M. Michel Fanget","Membre titulaire","2019-03-14"
"Commission départementale de coopération intercommunale","Article L. 5211-43 du code général des collectivités territoriales",,,"Mme Natalia Pouzyreff","Membre titulaire","2022-11-22"
"Commission départementale de coopération intercommunale","Article L. 5211-43 du code général des collectivités territoriales",,,"M. Mounir Belhamiti","Membre titulaire","2022-11-22"
"Commission départementale de coopération intercommunale","Article L. 5211-43 du code général des collectivités territoriales",,,"M. Boris Vallaud","Membre titulaire","2022-11-22"
"Commission départementale de coopération intercommunale","Article L. 5211-43 du code général des collectivités territoriales",,,"Mme Bérengère Poletti","Membre titulaire","2019-03-14"
"Commission départementale de coopération intercommunale","Article L. 5211-43 du code général des collectivités territoriales",,,"M. Cédric Roussel","Membre titulaire","2019-03-14"
"Commission départementale de coopération intercommunale","Article L. 5211-43 du code général des collectivités territoriales",,,"M. Guillaume Kasbarian","Membre titulaire","2022-11-22"
"Commission départementale de coopération intercommunale","Article L. 5211-43 du code général des collectivités territoriales",,,"Mme Pascale Martin","Membre titulaire","2022-11-22"
"Commission départementale de coopération intercommunale","Article L. 5211-43 du code général des collectivités territoriales",,,"Mme Christine Arrighi","Membre titulaire","2024-12-06"
"Commission départementale de coopération intercommunale","Article L. 5211-43 du code général des collectivités territoriales",,,"M. Éric Girardin","Membre titulaire","2019-03-14"
"Commission départementale de coopération intercommunale","Article L. 5211-43 du code général des collectivités territoriales",,,"M. Christophe Blanchet","Membre titulaire","2024-12-06"
"Commission départementale de coopération intercommunale","Article L. 5211-43 du code général des collectivités territoriales",,,"Mme Jacqueline Maquet","Membre titulaire","2022-11-22"
"Commission départementale de coopération intercommunale","Article L. 5211-43 du code général des collectivités territoriales",,,"M. Pierre Vatin","Membre titulaire","2022-11-22"
"Commission départementale de coopération intercommunale","Article L. 5211-43 du code général des collectivités territoriales",,,"Mme Caroline Fiat","Membre titulaire","2019-07-17"
"Commission départementale de coopération intercommunale","Article L. 5211-43 du code général des collectivités territoriales",,,"Mme Karen Erodi","Membre titulaire","2024-12-06"
"Commission départementale de coopération intercommunale","Article L. 5211-43 du code général des collectivités territoriales",,,"M. Florent Boudié","Membre titulaire","2019-03-14"
"Commission départementale de coopération intercommunale","Article L. 5211-43 du code général des collectivités territoriales",,,"M. Stéphane Viry","Membre titulaire","2019-03-14"
"Commission départementale de coopération intercommunale","Article L. 5211-43 du code général des collectivités territoriales",,,"M. Yannick Favennec-Bécot","Membre titulaire","2024-12-06"
"Commission départementale de coopération intercommunale","Article L. 5211-43 du code général des collectivités territoriales",,,"M. Julien Dive","Membre titulaire","2022-11-22"
"Commission départementale de coopération intercommunale","Article L. 5211-43 du code général des collectivités territoriales",,,"M. Ugo Bernalicis","Membre titulaire","2024-12-06"
"Commission départementale de coopération intercommunale","Article L. 5211-43 du code général des collectivités territoriales",,,"M. Jean-Luc Warsmann","Membre titulaire","2024-12-06"
"Commission départementale de coopération intercommunale","Article L. 5211-43 du code général des collectivités territoriales",,,"M. Jean-Pierre Pont","Membre titulaire","2019-03-14"
"Commission départementale de coopération intercommunale","Article L. 5211-43 du code général des collectivités territoriales",,,"M. Jean-Paul Mattei","Membre titulaire","2019-03-14"
"Commission départementale de coopération intercommunale","Article L. 5211-43 du code général des collectivités territoriales",,,"M. Bruno Millienne","Membre titulaire","2022-11-22"
"Commission départementale de coopération intercommunale","Article L. 5211-43 du code général des collectivités territoriales",,,"Mme Véronique de Montchalin","Membre titulaire","2024-03-13"
"Commission départementale de coopération intercommunale","Article L. 5211-43 du code général des collectivités territoriales",,,"M. Olivier Serva","Membre titulaire","2019-03-14"
"Commission départementale de coopération intercommunale","Article L. 5211-43 du code général des collectivités territoriales",,,"Mme Stella Dupont","Membre titulaire","2022-11-22"
"Commission départementale de coopération intercommunale","Article L. 5211-43 du code général des collectivités territoriales",,,"Mme Célia de Lavergne","Membre titulaire","2019-10-14"
"Commission départementale de coopération intercommunale","Article L. 5211-43 du code général des collectivités territoriales",,,"Mme Anne Blanc","Membre titulaire","2019-03-14"
"Commission départementale de coopération intercommunale","Article L. 5211-43 du code général des collectivités territoriales",,,"Mme Emmanuelle Anthoine","Membre titulaire","2022-11-22"
"Commission départementale de coopération intercommunale","Article L. 5211-43 du code général des collectivités territoriales",,,"Mme Christine Arrighi","Membre titulaire","2022-11-22"
"Commission départementale de coopération intercommunale","Article L. 5211-43 du code général des collectivités territoriales",,,"Mme Fanny Dombre Coste","Membre titulaire","2024-12-06"
"Commission départementale de coopération intercommunale","Article L. 5211-43 du code général des collectivités territoriales",,,"Mme Hanane Mansouri","Membre titulaire","2024-12-06"
"Commission départementale de coopération intercommunale","Article L. 5211-43 du code général des collectivités territoriales",,,"Mme Géraldine Bannier","Membre titulaire","2019-03-14"
"Commission départementale de coopération intercommunale","Article L. 5211-43 du code général des collectivités territoriales",,,"Mme Laurence Vichnievsky","Membre titulaire","2022-11-22"
"Commission départementale de coopération intercommunale","Article L. 5211-43 du code général des collectivités territoriales",,,"M. Fabien Lainé","Membre titulaire","2019-03-14"
"Commission départementale de coopération intercommunale","Article L. 5211-43 du code général des collectivités territoriales",,,"M. Jérôme Nury","Membre titulaire","2022-11-22"
"Commission départementale de coopération intercommunale","Article L. 5211-43 du code général des collectivités territoriales",,,"Mme Clémentine Autain","Membre titulaire","2019-07-17"
"Commission départementale de coopération intercommunale","Article L. 5211-43 du code général des collectivités territoriales",,,"M. Yannick Chenevard","Membre titulaire","2024-12-06"
"Commission départementale de coopération intercommunale","Article L. 5211-43 du code général des collectivités territoriales",,,"Mme Claire Lejeune","Membre titulaire","2024-12-06"
"Commission départementale de coopération intercommunale","Article L. 5211-43 du code général des collectivités territoriales",,,"M. André Villiers","Membre titulaire","2019-03-14"
"Commission départementale de coopération intercommunale","Article L. 5211-43 du code général des collectivités territoriales",,,"M. Yannick Monnet","Membre titulaire","2022-11-22"
"Commission départementale de coopération intercommunale","Article L. 5211-43 du code général des collectivités territoriales",,,"M. Sacha Houlié","Membre titulaire","2019-03-14"
"Commission départementale de coopération intercommunale","Article L. 5211-43 du code général des collectivités territoriales",,,"M. Éric Woerth","Membre titulaire","2024-12-06"
"Commission départementale de coopération intercommunale","Article L. 5211-43 du code général des collectivités territoriales",,,"M. Christophe Barthès","Membre titulaire","2024-12-06"
"Commission départementale de coopération intercommunale","Article L. 5211-43 du code général des collectivités territoriales",,,"M. Romain Grau","Membre titulaire","2019-03-14"
"Commission départementale de coopération intercommunale","Article L. 5211-43 du code général des collectivités territoriales",,,"Mme Yaël Ménaché","Membre titulaire","2022-11-22"
"Commission départementale de coopération intercommunale","Article L. 5211-43 du code général des collectivités territoriales",,,"M. Raphaël Schellenberger","Membre titulaire","2019-03-14"
"Commission départementale de coopération intercommunale","Article L. 5211-43 du code général des collectivités territoriales",,,"Mme Caroline Janvier","Membre titulaire","2022-11-22"
"Commission départementale de coopération intercommunale","Article L. 5211-43 du code général des collectivités territoriales",,,"M. Didier Lemaire","Membre titulaire","2022-11-22"
"Commission départementale de coopération intercommunale","Article L. 5211-43 du code général des collectivités territoriales",,,"M. Alain Tourret","Membre titulaire","2019-03-14"
"Commission départementale de coopération intercommunale","Article L. 5211-43 du code général des collectivités territoriales",,,"M. Jérôme Lambert","Membre titulaire","2019-03-14"
"Commission départementale de coopération intercommunale","Article L. 5211-43 du code général des collectivités territoriales",,,"Mme Graziella Melchior","Membre titulaire","2022-11-22"
"Commission départementale de coopération intercommunale","Article L. 5211-43 du code général des collectivités territoriales",,,"Mme Sabine Thillaye","Membre titulaire","2024-12-06"
"Commission départementale de coopération intercommunale","Article L. 5211-43 du code général des collectivités territoriales",,,"M. Tristan Lahais","Membre titulaire","2024-12-06"
"Commission départementale de coopération intercommunale","Article L. 5211-43 du code général des collectivités territoriales",,,"M. Yannick Chenevard","Membre titulaire","2022-11-22"
"Commission départementale de coopération intercommunale","Article L. 5211-43 du code général des collectivités territoriales",,,"Mme Josette Manin","Membre titulaire","2019-03-14"
"Commission départementale de coopération intercommunale","Article L. 5211-43 du code général des collectivités territoriales",,,"M. Stéphane Travert","Membre titulaire","2019-03-14"
"Commission départementale de coopération intercommunale","Article L. 5211-43 du code général des collectivités territoriales",,,"Mme Florence Lasserre","Membre titulaire","2022-11-22"
"Commission départementale de coopération intercommunale","Article L. 5211-43 du code général des collectivités territoriales",,,"M. Pierre Henriet","Membre titulaire","2024-12-06"
"Commission départementale de coopération intercommunale","Article L. 5211-43 du code général des collectivités territoriales",,,"M. Nicolas Turquois","Membre titulaire","2024-12-06"
"Commission départementale de coopération intercommunale","Article L. 5211-43 du code général des collectivités territoriales",,,"M. Jean-Noël Barrot","Membre titulaire","2019-03-14"
"Commission départementale de coopération intercommunale","Article L. 5211-43 du code général des collectivités territoriales",,,"M. Pierre Cordier","Membre titulaire","2022-11-22"
"Commission départementale de coopération intercommunale","Article L. 5211-43 du code général des collectivités territoriales",,,"M. Jérôme Nury","Membre titulaire","2024-12-06"
"Commission départementale de coopération intercommunale","Article L. 5211-43 du code général des collectivités territoriales",,,"M. Christophe Barthès","Membre titulaire","2022-11-22"
"Commission départementale de coopération intercommunale","Article L. 5211-43 du code général des collectivités territoriales",,,"M. Didier Lemaire","Membre titulaire","2024-12-06"
"Commission départementale de coopération intercommunale","Article L. 5211-43 du code général des collectivités territoriales",,,"M. Stéphane Mazars","Membre titulaire","2024-12-06"
"Commission départementale de coopération intercommunale","Article L. 5211-43 du code général des collectivités territoriales",,,"M. Laurent Saint-Martin","Membre titulaire","2019-03-14"
"Commission départementale de coopération intercommunale","Article L. 5211-43 du code général des collectivités territoriales",,,"M. Patrice Anato","Membre titulaire","2019-03-14"
"Commission départementale de coopération intercommunale","Article L. 5211-43 du code général des collectivités territoriales",,,"M. Xavier Roseren","Membre titulaire","2019-03-14"
"Commission départementale de coopération intercommunale","Article L. 5211-43 du code général des collectivités territoriales",,,"M. Michel Lauzzana","Membre titulaire","2022-11-22"
"Commission départementale de coopération intercommunale","Article L. 5211-43 du code général des collectivités territoriales",,,"M. Antoine Armand","Membre titulaire","2022-11-22"
"Commission départementale de coopération intercommunale","Article L. 5211-43 du code général des collectivités territoriales",,,"M. Loïc Kervran","Membre titulaire","2019-03-14"
"Commission départementale de coopération intercommunale","Article L. 5211-43 du code général des collectivités territoriales",,,"Mme Frédérique Tuffnell","Membre titulaire","2019-03-14"
"Commission départementale de coopération intercommunale","Article L. 5211-43 du code général des collectivités territoriales",,,"Mme Pascale Bordes","Membre titulaire","2022-11-22"
"Commission départementale de coopération intercommunale","Article L. 5211-43 du code général des collectivités territoriales",,,"Mme Sophie Panonacle","Membre titulaire","2024-12-06"
"Commission départementale de coopération intercommunale","Article L. 5211-43 du code général des collectivités territoriales",,,"M. Thomas Portes","Membre titulaire","2022-11-22"
"Commission départementale de coopération intercommunale","Article L. 5211-43 du code général des collectivités territoriales",,,"Mme Anaïs Sabatini","Membre titulaire","2022-11-22"
"Commission départementale de coopération intercommunale","Article L. 5211-43 du code général des collectivités territoriales",,,"M. Louis Margueritte","Membre titulaire","2022-11-22"
"Commission départementale de coopération intercommunale","Article L. 5211-43 du code général des collectivités territoriales",,,"Mme Manon Meunier","Membre titulaire","2024-12-06"
"Commission départementale de coopération intercommunale","Article L. 5211-43 du code général des collectivités territoriales",,,"M. Jordan Guitton","Membre titulaire","2022-11-22"
"Commission départementale de coopération intercommunale","Article L. 5211-43 du code général des collectivités territoriales",,,"M. Vincent Thiébaut","Membre titulaire","2024-12-06"
"Commission départementale de coopération intercommunale","Article L. 5211-43 du code général des collectivités territoriales",,,"M. Laurent Alexandre","Membre titulaire","2022-11-22"
"Commission départementale de coopération intercommunale","Article L. 5211-43 du code général des collectivités territoriales",,,"Mme Delphine Lingemann","Membre titulaire","2024-12-06"
"Commission départementale de coopération intercommunale","Article L. 5211-43 du code général des collectivités territoriales",,,"M. Olivier Fayssat","Membre titulaire","2024-12-06"
"Commission départementale de coopération intercommunale","Article L. 5211-43 du code général des collectivités territoriales",,,"M. Nicolas Sansu","Membre titulaire","2024-12-06"
"Commission départementale de coopération intercommunale","Article L. 5211-43 du code général des collectivités territoriales",,,"Mme Maud Petit","Membre titulaire","2019-03-14"
"Commission départementale de coopération intercommunale","Article L. 5211-43 du code général des collectivités territoriales",,,"Mme Pascale Fontenel-Personne","Membre titulaire","2019-03-14"
"Commission départementale de coopération intercommunale","Article L. 5211-43 du code général des collectivités territoriales",,,"M. Robin Reda","Membre titulaire","2019-03-14"
"Commission départementale de coopération intercommunale","Article L. 5211-43 du code général des collectivités territoriales",,,"M. Bruno Fuchs","Membre titulaire","2019-03-14"
"Commission départementale de coopération intercommunale","Article L. 5211-43 du code général des collectivités territoriales",,,"Mme Manon Meunier","Membre titulaire","2022-11-22"
"Commission départementale de coopération intercommunale","Article L. 5211-43 du code général des collectivités territoriales",,,"Mme Jacqueline Dubois","Membre titulaire","2019-03-14"
"Commission départementale de coopération intercommunale","Article L. 5211-43 du code général des collectivités territoriales",,,"M. Thomas Cazenave","Membre titulaire","2022-11-22"
"Commission départementale de coopération intercommunale","Article L. 5211-43 du code général des collectivités territoriales",,,"Mme Danielle Brulebois","Membre titulaire","2024-12-06"
"Commission départementale de coopération intercommunale","Article L. 5211-43 du code général des collectivités territoriales",,,"Mme Bénédicte Auzanot","Membre titulaire","2022-11-22"
"Commission départementale de coopération intercommunale","Article L. 5211-43 du code général des collectivités territoriales",,,"M. Marc Fesneau","Membre titulaire","2024-12-06"
"Commission départementale de coopération intercommunale","Article L. 5211-43 du code général des collectivités territoriales",,,"Mme Sarah Tanzilli","Membre titulaire","2022-11-22"
"Commission départementale de coopération intercommunale","Article L. 5211-43 du code général des collectivités territoriales",,,"M. Johnny Hajjar","Membre titulaire","2022-11-22"
"Commission départementale de coopération intercommunale","Article L. 5211-43 du code général des collectivités territoriales",,,"M. Sébastien Humbert","Membre titulaire","2024-12-06"
"Commission départementale de coopération intercommunale","Article L. 5211-43 du code général des collectivités territoriales",,,"Mme Delphine Batho","Membre titulaire","2022-11-22"
"Commission départementale de coopération intercommunale","Article L. 5211-43 du code général des collectivités territoriales",,,"Mme Marie-France Lorho","Membre titulaire","2024-12-06"
"Commission départementale de coopération intercommunale","Article L. 5211-43 du code général des collectivités territoriales",,,"M. Lionel Tivoli","Membre titulaire","2022-11-22"
"Commission départementale de coopération intercommunale","Article L. 5211-43 du code général des collectivités territoriales",,,"M. David Habib","Membre titulaire","2024-12-06"
"Commission départementale de coopération intercommunale","Article L. 5211-43 du code général des collectivités territoriales",,,"M. Jérémie Patrier-Leitus","Membre titulaire","2024-12-06"
"Commission départementale de coopération intercommunale","Article L. 5211-43 du code général des collectivités territoriales",,,"M. Serge Muller","Membre titulaire","2024-12-06"
"Commission départementale de coopération intercommunale","Article L. 5211-43 du code général des collectivités territoriales",,,"Mme Typhanie Degois","Membre titulaire","2019-03-14"
"Commission départementale de coopération intercommunale","Article L. 5211-43 du code général des collectivités territoriales",,,"M. Jean-Baptiste Djebbari","Membre titulaire","2019-03-14"
"Commission départementale de coopération intercommunale","Article L. 5211-43 du code général des collectivités territoriales",,,"M. Pascal Lavergne","Membre titulaire","2019-03-14"
"Commission départementale de coopération intercommunale","Article L. 5211-43 du code général des collectivités territoriales",,,"M. Philippe Naillet","Membre titulaire","2022-11-22"
"Commission départementale de coopération intercommunale","Article L. 5211-43 du code général des collectivités territoriales",,,"M. José Beaurain","Membre titulaire","2024-12-06"
"Commission départementale de coopération intercommunale","Article L. 5211-43 du code général des collectivités territoriales",,,"Mme Charlotte Goetschy-Bolognese","Membre titulaire","2022-11-22"
"Commission départementale de coopération intercommunale","Article L. 5211-43 du code général des collectivités territoriales",,,"Mme Sophie Beaudouin-Hubiere","Membre titulaire","2020-03-06"
"Commission départementale de coopération intercommunale","Article L. 5211-43 du code général des collectivités territoriales",,,"M. Didier Paris","Membre titulaire","2019-03-14"
"Commission départementale de coopération intercommunale","Article L. 5211-43 du code général des collectivités territoriales",,,"M. Guillaume Chiche","Membre titulaire","2019-03-14"
"Commission départementale de coopération intercommunale","Article L. 5211-43 du code général des collectivités territoriales",,,"M. Lionel Causse","Membre titulaire","2024-12-06"
"Commission départementale de coopération intercommunale","Article L. 5211-43 du code général des collectivités territoriales",,,"M. Emmanuel Mandon","Membre titulaire","2024-12-06"
"Commission départementale de coopération intercommunale","Article L. 5211-43 du code général des collectivités territoriales",,,"Mme Élise Leboucher","Membre titulaire","2022-11-22"
"Commission départementale de coopération intercommunale","Article L. 5211-43 du code général des collectivités territoriales",,,"Mme Sophie-Laurence Roy","Membre titulaire","2024-12-06"
"Commission départementale de coopération intercommunale","Article L. 5211-43 du code général des collectivités territoriales",,,"M. Max Mathiasin","Membre titulaire","2022-11-22"
"Commission départementale de coopération intercommunale","Article L. 5211-43 du code général des collectivités territoriales",,,"Mme Fatiha Keloua Hachi","Membre titulaire","2024-12-06"
"Commission départementale de coopération intercommunale","Article L. 5211-43 du code général des collectivités territoriales",,,"M. Emmanuel Fernandes","Membre titulaire","2022-11-22"
"Commission départementale de coopération intercommunale","Article L. 5211-43 du code général des collectivités territoriales",,,"M. Gabriel Amard","Membre titulaire","2024-12-06"
"Commission départementale de coopération intercommunale","Article L. 5211-43 du code général des collectivités territoriales",,,"M. Jérémie Patrier-Leitus","Membre titulaire","2022-11-22"
"Commission départementale de coopération intercommunale","Article L. 5211-43 du code général des collectivités territoriales",,,"M. Jean-Carles Grelier","Membre titulaire","2024-12-06"
"Commission départementale de coopération intercommunale","Article L. 5211-43 du code général des collectivités territoriales",,,"Mme Géraldine Grangier","Membre titulaire","2024-12-06"
"Commission départementale de coopération intercommunale","Article L. 5211-43 du code général des collectivités territoriales",,,"Mme Stéphanie Kerbarh","Membre titulaire","2019-03-14"
"Commission départementale de coopération intercommunale","Article L. 5211-43 du code général des collectivités territoriales",,,"M. Jean-François Parigi","Membre titulaire","2019-03-14"
"Commission départementale de coopération intercommunale","Article L. 5211-43 du code général des collectivités territoriales",,,"M. Thierry Benoit","Membre titulaire","2019-03-14"
"Commission départementale de coopération intercommunale","Article L. 5211-43 du code général des collectivités territoriales",,,"Mme Émeline K/Bidi","Membre titulaire","2022-11-22"
"Commission départementale de coopération intercommunale","Article L. 5211-43 du code général des collectivités territoriales",,,"M. Bruno Bilde","Membre titulaire","2024-12-06"
"Commission départementale de coopération intercommunale","Article L. 5211-43 du code général des collectivités territoriales",,,"M. Bertrand Sorre","Membre titulaire","2022-11-22"
"Commission départementale de coopération intercommunale","Article L. 5211-43 du code général des collectivités territoriales",,,"M. Yannick Kerlogot","Membre titulaire","2019-03-14"
"Commission départementale de coopération intercommunale","Article L. 5211-43 du code général des collectivités territoriales",,,"M. Patrick Hetzel","Membre titulaire","2019-03-14"
"Commission départementale de coopération intercommunale","Article L. 5211-43 du code général des collectivités territoriales",,,"Mme Ségolène Amiot","Membre titulaire","2024-12-06"
"Commission départementale de coopération intercommunale","Article L. 5211-43 du code général des collectivités territoriales",,,"Mme Sandra Marsaud","Membre titulaire","2023-03-28"
"Commission départementale de coopération intercommunale","Article L. 5211-43 du code général des collectivités territoriales",,,"Mme Émilie Bonnivard","Membre titulaire","2022-11-22"
"Commission départementale de coopération intercommunale","Article L. 5211-43 du code général des collectivités territoriales",,,"M. Philippe Latombe","Membre titulaire","2022-11-22"
"Commission départementale de coopération intercommunale","Article L. 5211-43 du code général des collectivités territoriales",,,"M. Freddy Sertin","Membre titulaire","2022-11-22"
"Commission départementale de coopération intercommunale","Article L. 5211-43 du code général des collectivités territoriales",,,"Mme Naïma Moutchou","Membre titulaire","2024-12-06"
"Commission départementale de coopération intercommunale","Article L. 5211-43 du code général des collectivités territoriales",,,"Mme Laurence Heydel Grillere","Membre titulaire","2022-11-22"
"Commission départementale de coopération intercommunale","Article L. 5211-43 du code général des collectivités territoriales",,,"M. Aurélien Dutremble","Membre titulaire","2024-12-06"
"Commission départementale de coopération intercommunale","Article L. 5211-43 du code général des collectivités territoriales",,,"M. Marc Delatte","Membre titulaire","2019-03-14"
"Commission départementale de coopération intercommunale","Article L. 5211-43 du code général des collectivités territoriales",,,"M. Didier Martin","Membre titulaire","2022-11-22"
"Commission départementale de coopération intercommunale","Article L. 5211-43 du code général des collectivités territoriales",,,"M. Jean-François Coulomme","Membre titulaire","2024-12-06"
"Commission départementale de coopération intercommunale","Article L. 5211-43 du code général des collectivités territoriales",,,"Mme Lisette Pollet","Membre titulaire","2024-12-06"
"Commission départementale de coopération intercommunale","Article L. 5211-43 du code général des collectivités territoriales",,,"M. René Lioret","Membre titulaire","2024-12-06"
"Commission départementale de coopération intercommunale","Article L. 5211-43 du code général des collectivités territoriales",,,"Mme Marie-Christine Verdier-Jouclas","Membre titulaire","2019-03-14"
"Commission départementale de coopération intercommunale","Article L. 5211-43 du code général des collectivités territoriales",,,"Mme Cécile Muschotti","Membre titulaire","2019-03-14"
"Commission départementale de coopération intercommunale","Article L. 5211-43 du code général des collectivités territoriales",,,"Mme Sophie Auconie","Membre titulaire","2019-03-14"
"Commission départementale de coopération intercommunale","Article L. 5211-43 du code général des collectivités territoriales",,,"M. Lionel Causse","Membre titulaire","2019-03-14"
"Commission départementale de coopération intercommunale","Article L. 5211-43 du code général des collectivités territoriales",,,"Mme Anaïs Sabatini","Membre titulaire","2024-12-06"
"Commission départementale de coopération intercommunale","Article L. 5211-43 du code général des collectivités territoriales",,,"M. Éric Girardin","Membre titulaire","2022-11-22"
"Commission départementale de coopération intercommunale","Article L. 5211-43 du code général des collectivités territoriales",,,"Mme Michèle Victory","Membre titulaire","2019-03-14"
"Commission départementale de coopération intercommunale","Article L. 5211-43 du code général des collectivités territoriales",,,"Mme Stéphanie Rist","Membre titulaire","2024-12-06"
"Commission départementale de coopération intercommunale","Article L. 5211-43 du code général des collectivités territoriales",,,"M. François Gernigon","Membre titulaire","2024-12-06"
"Commission départementale de coopération intercommunale","Article L. 5211-43 du code général des collectivités territoriales",,,"M. Sébastien Jumel","Membre titulaire","2022-11-22"
"Commission départementale de coopération intercommunale","Article L. 5211-43 du code général des collectivités territoriales",,,"M. Paul Molac","Membre titulaire","2019-03-14"
"Commission départementale de coopération intercommunale","Article L. 5211-43 du code général des collectivités territoriales",,,"M. Louis Boyard","Membre titulaire","2022-11-22"
"Commission départementale de coopération intercommunale","Article L. 5211-43 du code général des collectivités territoriales",,,"Mme Nathalie Oziol","Membre titulaire","2022-11-22"
"Commission départementale de coopération intercommunale","Article L. 5211-43 du code général des collectivités territoriales",,,"M. Jean-Philippe Nilor","Membre titulaire","2024-12-06"
"Commission départementale de coopération intercommunale","Article L. 5211-43 du code général des collectivités territoriales",,,"Mme Cyrielle Chatelain","Membre titulaire","2022-11-22"
"Commission départementale de coopération intercommunale","Article L. 5211-43 du code général des collectivités territoriales",,,"M. Max Mathiasin","Membre titulaire","2024-12-06"
"Commission départementale de coopération intercommunale","Article L. 5211-43 du code général des collectivités territoriales",,,"M. Xavier Breton","Membre titulaire","2019-03-14"
"Commission départementale de coopération intercommunale","Article L. 5211-43 du code général des collectivités territoriales",,,"Mme Bénédicte Peyrol","Membre titulaire","2019-03-14"
"Commission départementale de coopération intercommunale","Article L. 5211-43 du code général des collectivités territoriales",,,"M. Marc Le Fur","Membre titulaire","2022-11-22"
"Commission départementale de coopération intercommunale","Article L. 5211-43 du code général des collectivités territoriales",,,"Mme Annie Vidal","Membre titulaire","2024-12-06"
"Commission départementale de coopération intercommunale","Article L. 5211-43 du code général des collectivités territoriales",,,"M. Philippe Brun","Membre titulaire","2024-12-06"
"Commission départementale de coopération intercommunale","Article L. 5211-43 du code général des collectivités territoriales",,,"Mme Murielle Lepvraud","Membre titulaire","2024-12-06"
"Commission départementale de coopération intercommunale","Article L. 5211-43 du code général des collectivités territoriales",,,"M. Jean-Claude Bouchet","Membre titulaire","2019-03-14"
"Commission départementale de coopération intercommunale","Article L. 5211-43 du code général des collectivités territoriales",,,"Mme Danielle Brulebois","Membre titulaire","2019-03-14"
"Commission départementale de coopération intercommunale","Article L. 5211-43 du code général des collectivités territoriales",,,"M. Jean-Michel Mis","Membre titulaire","2019-03-14"
"Commission départementale de coopération intercommunale","Article L. 5211-43 du code général des collectivités territoriales",,,"Mme Isabelle Santiago","Membre titulaire","2024-12-06"
"Commission départementale de coopération intercommunale","Article L. 5211-43 du code général des collectivités territoriales",,,"M. Dominique Potier","Membre titulaire","2022-11-22"
"Commission départementale de coopération intercommunale","Article L. 5211-43 du code général des collectivités territoriales",,,"M. Nicolas Ray","Membre titulaire","2024-12-06"
"Commission départementale de coopération intercommunale","Article L. 5211-43 du code général des collectivités territoriales",,,"Mme Charlotte Leduc","Membre titulaire","2022-11-22"
"Commission départementale de coopération intercommunale","Article L. 5211-43 du code général des collectivités territoriales",,,"M. Bruno Questel","Membre titulaire","2019-03-14"
"Commission départementale de coopération intercommunale","Article L. 5211-43 du code général des collectivités territoriales",,,"M. Didier Le Gac","Membre titulaire","2019-03-14"
"Commission départementale de coopération intercommunale","Article L. 5211-43 du code général des collectivités territoriales",,,"M. Michel Lauzzana","Membre titulaire","2024-12-06"
"Commission départementale de coopération intercommunale","Article L. 5211-43 du code général des collectivités territoriales",,,"M. Xavier Albertini","Membre titulaire","2024-12-06"
"Commission départementale de coopération intercommunale","Article L. 5211-43 du code général des collectivités territoriales",,,"M. Guillaume Garot","Membre titulaire","2019-03-14"
"Commission départementale de coopération intercommunale","Article L. 5211-43 du code général des collectivités territoriales",,,"M. Ludovic Mendes","Membre titulaire","2019-03-14"
"Commission départementale de coopération intercommunale","Article L. 5211-43 du code général des collectivités territoriales",,,"M. Pascal Lecamp","Membre titulaire","2022-11-22"
"Commission départementale de coopération intercommunale","Article L. 5211-43 du code général des collectivités territoriales",,,"M. Daniel Labaronne","Membre titulaire","2022-11-22"
"Commission départementale de coopération intercommunale","Article L. 5211-43 du code général des collectivités territoriales",,,"Mme Émeline K/Bidi","Membre titulaire","2024-12-06"
"Commission départementale de coopération intercommunale","Article L. 5211-43 du code général des collectivités territoriales",,,"Mme Danielle Brulebois","Membre titulaire","2022-11-22"
"Commission départementale de coopération intercommunale","Article L. 5211-43 du code général des collectivités territoriales",,,"Mme Pauline Levasseur","Membre titulaire","2024-12-06"
"Commission départementale de coopération intercommunale","Article L. 5211-43 du code général des collectivités territoriales",,,"M. Philippe Frei","Membre titulaire","2024-05-06"
"Commission départementale de coopération intercommunale","Article L. 5211-43 du code général des collectivités territoriales",,,"Mme Laurence Trastour-Isnart","Membre titulaire","2019-03-14"
"Commission départementale de coopération intercommunale","Article L. 5211-43 du code général des collectivités territoriales",,,"Mme Caroline Colombier","Membre titulaire","2022-11-22"
"Commission départementale de coopération intercommunale","Article L. 5211-43 du code général des collectivités territoriales",,,"M. Arnaud Saint-Martin","Membre titulaire","2024-12-06"
"Commission départementale de coopération intercommunale","Article L. 5211-43 du code général des collectivités territoriales",,,"M. Nicolas Sansu","Membre titulaire","2022-11-22"
"Commission départementale de coopération intercommunale","Article L. 5211-43 du code général des collectivités territoriales",,,"Mme Caroline Colombier","Membre titulaire","2024-12-06"
"Commission départementale de coopération intercommunale","Article L. 5211-43 du code général des collectivités territoriales",,,"M. Pierre Henriet","Membre titulaire","2019-03-14"
"Commission départementale de coopération intercommunale","Article L. 5211-43 du code général des collectivités territoriales",,,"Mme Catherine Kamowski","Membre titulaire","2019-03-14"
"Commission départementale de coopération intercommunale","Article L. 5211-43 du code général des collectivités territoriales",,,"M. Éric Coquerel","Membre titulaire","2024-12-06"
"Commission départementale de coopération intercommunale","Article L. 5211-43 du code général des collectivités territoriales",,,"M. Jimmy Pahun","Membre titulaire","2022-11-22"
"Commission départementale de coopération intercommunale","Article L. 5211-43 du code général des collectivités territoriales",,,"M. Hervé Saulignac","Membre titulaire","2024-12-06"
"Commission départementale de coopération intercommunale","Article L. 5211-43 du code général des collectivités territoriales",,,"Mme Géraldine Bannier","Membre titulaire","2022-11-22"
"Commission départementale de coopération intercommunale","Article L. 5211-43 du code général des collectivités territoriales",,,"M. Karl Olive","Membre titulaire","2024-12-06"
"Commission départementale de coopération intercommunale","Article L. 5211-43 du code général des collectivités territoriales",,,"M. Philippe Vigier","Membre titulaire","2019-03-14"
"Commission départementale de coopération intercommunale","Article L. 5211-43 du code général des collectivités territoriales",,,"M. Philippe Berta","Membre titulaire","2019-03-14"
"Commission départementale de coopération intercommunale","Article L. 5211-43 du code général des collectivités territoriales",,,"M. Jean-Claude Leclabart","Membre titulaire","2019-03-14"
"Commission départementale de coopération intercommunale","Article L. 5211-43 du code général des collectivités territoriales",,,"Mme Anne Le Hénanff","Membre titulaire","2024-12-06"
"Commission départementale de coopération intercommunale","Article L. 5211-43 du code général des collectivités territoriales",,,"Mme Anne-Laure Cattelot","Membre titulaire","2019-03-14"
"Commission départementale de coopération intercommunale","Article L. 5211-43 du code général des collectivités territoriales",,,"Mme Ersilia Soudais","Membre titulaire","2022-11-22"
"Commission départementale de coopération intercommunale","Article L. 5211-43 du code général des collectivités territoriales",,,"M. Jean-Jacques Gaultier","Membre titulaire","2022-11-22"
"Commission départementale de coopération intercommunale","Article L. 5211-43 du code général des collectivités territoriales",,,"Mme Laurence Maillart-Méhaignerie","Membre titulaire","2022-11-22"
"Commission départementale de coopération intercommunale","Article L. 5211-43 du code général des collectivités territoriales",,,"Mme Danièle Carteron","Membre titulaire","2024-12-06"
"Commission départementale de coopération intercommunale","Article L. 5211-43 du code général des collectivités territoriales",,,"Mme Claire Colomb-Pitollat","Membre titulaire","2024-05-06"
"Commission départementale de coopération intercommunale","Article L. 5211-43 du code général des collectivités territoriales",,,"Mme Élisabeth Borne","Membre titulaire","2024-05-06"
"Commission départementale de coopération intercommunale","Article L. 5211-43 du code général des collectivités territoriales",,,"Mme Mireille Robert","Membre titulaire","2019-03-14"
"Commission départementale de coopération intercommunale","Article L. 5211-43 du code général des collectivités territoriales",,,"M. Christophe Plassard","Membre titulaire","2022-11-22"
"Commission départementale de coopération intercommunale","Article L. 5211-43 du code général des collectivités territoriales",,,"Mme Dieynaba Diop","Membre titulaire","2024-12-06"
"Commission départementale de coopération intercommunale","Article L. 5211-43 du code général des collectivités territoriales",,,"M. Pierre Cordier","Membre titulaire","2019-03-14"
"Commission départementale de coopération intercommunale","Article L. 5211-43 du code général des collectivités territoriales",,,"Mme Géraldine Grangier","Membre titulaire","2022-11-22"
"Commission départementale de coopération intercommunale","Article L. 5211-43 du code général des collectivités territoriales",,,"M. Nicolas Thierry","Membre titulaire","2024-12-06"
"Commission départementale de coopération intercommunale","Article L. 5211-43 du code général des collectivités territoriales",,,"M. Erwan Balanant","Membre titulaire","2024-12-06"
"Commission départementale de coopération intercommunale","Article L. 5211-43 du code général des collectivités territoriales",,,"M. Sébastien Jumel","Membre titulaire","2019-03-14"
"Commission départementale de coopération intercommunale","Article L. 5211-43 du code général des collectivités territoriales",,,"M. Alexandre Freschi","Membre titulaire","2019-03-14"
"Commission départementale de coopération intercommunale","Article L. 5211-43 du code général des collectivités territoriales",,,"M. Jean-Charles Taugourdeau","Membre titulaire","2019-03-14"
"Commission départementale de coopération intercommunale","Article L. 5211-43 du code général des collectivités territoriales",,,"M. Xavier Breton","Membre titulaire","2024-12-06"
"Commission départementale de coopération intercommunale","Article L. 5211-43 du code général des collectivités territoriales",,,"M. Alexandre Sabatou","Membre titulaire","2022-11-22"
"Commission départementale de coopération intercommunale","Article L. 5211-43 du code général des collectivités territoriales",,,"Mme Delphine Batho","Membre titulaire","2024-12-06"
"Commission départementale de coopération intercommunale","Article L. 5211-43 du code général des collectivités territoriales",,,"Mme Élisabeth Toutut-Picard","Membre titulaire","2019-03-14"
"Commission départementale de coopération intercommunale","Article L. 5211-43 du code général des collectivités territoriales",,,"M. Rémy Rebeyrotte","Membre titulaire","2019-03-14"
"Commission départementale de coopération intercommunale","Article L. 5211-43 du code général des collectivités territoriales",,,"M. Laurent Jacobelli","Membre titulaire","2024-12-06"
"Commission départementale de coopération intercommunale","Article L. 5211-43 du code général des collectivités territoriales",,,"M. Nicolas Ray","Membre titulaire","2022-11-22"
"Commission départementale de coopération intercommunale","Article L. 5211-43 du code général des collectivités territoriales",,,"M. Frédéric Weber","Membre titulaire","2024-12-06"
"Commission départementale de coopération intercommunale","Article L. 5211-43 du code général des collectivités territoriales",,,"Mme Carole Bureau-Bonnard","Membre titulaire","2019-03-14"
"Commission départementale de coopération intercommunale","Article L. 5211-43 du code général des collectivités territoriales",,,"M. Christophe Naegelen","Membre titulaire","2022-11-22"
"Commission départementale de coopération intercommunale","Article L. 5211-43 du code général des collectivités territoriales",,,"M. Pierre-Henri Dumont","Membre titulaire","2019-03-14"
"Commission départementale de coopération intercommunale","Article L. 5211-43 du code général des collectivités territoriales",,,"M. Julien Odoul","Membre titulaire","2022-11-22"
"Commission départementale de coopération intercommunale","Article L. 5211-43 du code général des collectivités territoriales",,,"Mme Andrée Taurinya","Membre titulaire","2022-11-22"
"Commission départementale de coopération intercommunale","Article L. 5211-43 du code général des collectivités territoriales",,,"M. Lionel Causse","Membre titulaire","2022-11-22"
"Commission départementale de coopération intercommunale","Article L. 5211-43 du code général des collectivités territoriales",,,"M. Olivier Dussopt","Membre titulaire","2024-05-06"
"Commission départementale de coopération intercommunale","Article L. 5211-43 du code général des collectivités territoriales",,,"M. Fabrice Brun","Membre titulaire","2019-03-14"
"Commission départementale de coopération intercommunale","Article L. 5211-43 du code général des collectivités territoriales",,,"Mme Valérie Bazin-Malgras","Membre titulaire","2019-03-14"
"Commission départementale de coopération intercommunale","Article L. 5211-43 du code général des collectivités territoriales",,,"M. Philippe Brun","Membre titulaire","2022-11-22"
"Commission départementale de coopération intercommunale","Article L. 5211-43 du code général des collectivités territoriales",,,"M. Philippe Vigier","Membre titulaire","2024-12-06"
"Commission départementale de coopération intercommunale","Article L. 5211-43 du code général des collectivités territoriales",,,"Mme Sylvie Josserand","Membre titulaire","2024-12-06"
"Commission départementale de coopération intercommunale","Article L. 5211-43 du code général des collectivités territoriales",,,"Mme Marianne Dubois","Membre titulaire","2019-03-14"
"Commission départementale de coopération intercommunale","Article L. 5211-43 du code général des collectivités territoriales",,,"M. Bertrand Sorre","Membre titulaire","2019-03-14"
"Commission départementale de coopération intercommunale","Article L. 5211-43 du code général des collectivités territoriales",,,"M. Jorys Bovet","Membre titulaire","2024-12-06"
"Commission départementale de coopération intercommunale","Article L. 5211-43 du code général des collectivités territoriales",,,"M. Ugo Bernalicis","Membre titulaire","2022-11-22"
"Commission départementale de coopération intercommunale","Article L. 5211-43 du code général des collectivités territoriales",,,"Mme Christine Engrand","Membre titulaire","2022-11-22"
"Commission départementale de coopération intercommunale","Article L. 5211-43 du code général des collectivités territoriales",,,"Mme Muriel Ressiguier","Membre titulaire","2019-07-17"
"Commission départementale de coopération intercommunale","Article L. 5211-43 du code général des collectivités territoriales",,,"M. Matthias Renault","Membre titulaire","2024-12-06"
"Commission départementale de coopération intercommunale","Article L. 5211-43 du code général des collectivités territoriales",,,"M. Éric Poulliat","Membre titulaire","2019-03-14"
"Commission départementale de coopération intercommunale","Article L. 5211-43 du code général des collectivités territoriales",,,"M. Adrien Morenas","Membre titulaire","2019-03-14"
"Commission départementale de coopération intercommunale","Article L. 5211-43 du code général des collectivités territoriales",,,"Mme Géraldine Bannier","Membre titulaire","2024-12-06"
"Commission départementale de coopération intercommunale","Article L. 5211-43 du code général des collectivités territoriales",,,"M. Jérôme Buisson","Membre titulaire","2022-11-22"
"Commission départementale de coopération intercommunale","Article L. 5211-43 du code général des collectivités territoriales",,,"Mme Marianne Maximi","Membre titulaire","2024-12-06"
"Commission départementale de coopération intercommunale","Article L. 5211-43 du code général des collectivités territoriales",,,"M. Pierre Cordier","Membre titulaire","2024-12-06"
"Commission départementale de coopération intercommunale","Article L. 5211-43 du code général des collectivités territoriales",,,"Mme Véronique Louwagie","Membre titulaire","2019-03-14"
"Commission départementale de coopération intercommunale","Article L. 5211-43 du code général des collectivités territoriales",,,"M. André Chassaigne","Membre titulaire","2019-03-14"
"Commission départementale de coopération intercommunale","Article L. 5211-43 du code général des collectivités territoriales",,,"M. Arnaud Le Gall","Membre titulaire","2022-11-22"
"Commission départementale de coopération intercommunale","Article L. 5211-43 du code général des collectivités territoriales",,,"Mme Julie Laernoes","Membre titulaire","2022-11-22"
"Commission départementale de coopération intercommunale","Article L. 5211-43 du code général des collectivités territoriales",,,"M. Florian Bachelier","Membre titulaire","2019-03-14"
"Commission départementale de coopération intercommunale","Article L. 5211-43 du code général des collectivités territoriales",,,"M. Roger Chudeau","Membre titulaire","2022-11-22"
"Commission départementale de coopération intercommunale","Article L. 5211-43 du code général des collectivités territoriales",,,"M. Saïd Ahamada","Membre titulaire","2019-03-14"
"Commission départementale de coopération intercommunale","Article L. 5211-43 du code général des collectivités territoriales",,,"M. Philippe Vigier","Membre titulaire","2022-11-22"
"Commission départementale de coopération intercommunale","Article L. 5211-43 du code général des collectivités territoriales",,,"M. Serge Muller","Membre titulaire","2022-11-22"
"Commission départementale de coopération intercommunale","Article L. 5211-43 du code général des collectivités territoriales",,,"M. Jacques Oberti","Membre titulaire","2024-12-06"
"Commission parlementaire d'évaluation de la politique du Gouvernement d'exportation de matériels de guerre et de matériels assimilés, de transfert de produits liés à la défense ainsi que d'exportation et de transfert de biens à double usage",,,,"M. Matthieu Bloch","Membre titulaire","2024-11-11"
"Commission parlementaire d'évaluation de la politique du Gouvernement d'exportation de matériels de guerre et de matériels assimilés, de transfert de produits liés à la défense ainsi que d'exportation et de transfert de biens à double usage",,,,"Mme Michèle Tabarot","Membre titulaire","2024-11-11"
"Conseil d'administration de l'Agence de financement des infrastructures de transport de France","Article L. 1512-19 du code des transports","http://www.afitf.net/","0","M. Jean-Baptiste Djebbari","Membre titulaire","2017-10-25"
"Conseil d'administration de l'Agence de financement des infrastructures de transport de France","Article L. 1512-19 du code des transports","http://www.afitf.net/","0","M. Gilles Savary","Membre titulaire","2014-07-18"
"Conseil d'administration de l'Agence de financement des infrastructures de transport de France","Article L. 1512-19 du code des transports","http://www.afitf.net/","0","M. Jean-Marc Zulesi","Membre titulaire","2020-12-08"
"Conseil d'administration de l'Agence de financement des infrastructures de transport de France","Article L. 1512-19 du code des transports","http://www.afitf.net/","0","Mme Edwige Diaz","Membre titulaire","2023-03-28"
"Conseil d'administration de l'Agence de financement des infrastructures de transport de France","Article L. 1512-19 du code des transports","http://www.afitf.net/","0","M. Auguste Evrard","Membre titulaire","2024-11-06"
"comité consultatif du Fonds pour le développement de la vie associative","Article 27 de la loi n° 2018-699 du 3 août 2018","https://www.associations.gouv.fr/le-fdva.html","4","Mme Barbara Pompili","Membre suppléante","2012-09-05"
"comité consultatif du Fonds pour le développement de la vie associative","Article 27 de la loi n° 2018-699 du 3 août 2018","https://www.associations.gouv.fr/le-fdva.html","4","Mme Muriel Marland-Militello","Membre titulaire","2012-03-02"
"comité consultatif du Fonds pour le développement de la vie associative","Article 27 de la loi n° 2018-699 du 3 août 2018","https://www.associations.gouv.fr/le-fdva.html","4","Mme Fabienne Colboc","Membre suppléante","2018-06-29"
"comité consultatif du Fonds pour le développement de la vie associative","Article 27 de la loi n° 2018-699 du 3 août 2018","https://www.associations.gouv.fr/le-fdva.html","4","M. Michel Ménard","Membre titulaire","2012-09-05"
"comité consultatif du Fonds pour le développement de la vie associative","Article 27 de la loi n° 2018-699 du 3 août 2018","https://www.associations.gouv.fr/le-fdva.html","4","M. Jean-Claude Raux","Membre titulaire","2024-11-06"
"comité consultatif du Fonds pour le développement de la vie associative","Article 27 de la loi n° 2018-699 du 3 août 2018","https://www.associations.gouv.fr/le-fdva.html","4","Mme Béatrice Bellamy","Membre titulaire","2022-10-21"
"comité consultatif du Fonds pour le développement de la vie associative","Article 27 de la loi n° 2018-699 du 3 août 2018","https://www.associations.gouv.fr/le-fdva.html","4","M. Patrick Vignal","Membre titulaire","2017-12-21"
"Conseil d'évaluation de l'école","Article L. 241-13 du code de l’éducation",,,"Mme Ayda Hadizadeh","Membre titulaire","2024-10-02"
"Conseil d'évaluation de l'école","Article L. 241-13 du code de l’éducation",,,"M. Maxime Minot","Membre titulaire","2019-11-20"
"Conseil d'évaluation de l'école","Article L. 241-13 du code de l’éducation",,,"Mme Cécile Rilhac","Membre titulaire","2022-09-28"
"Conseil d'évaluation de l'école","Article L. 241-13 du code de l’éducation",,,"M. Bertrand Sorre","Membre titulaire","2024-10-02"
"Conseil d'évaluation de l'école","Article L. 241-13 du code de l’éducation",,,"Mme Sylvie Charrière","Membre titulaire","2019-11-20"
"Conseil d'évaluation de l'école","Article L. 241-13 du code de l’éducation",,,"M. Alexis Corbière","Membre titulaire","2022-09-28"
"Conseil d'orientation des retraites","Article L. 114-2 du code de la sécurité sociale","http://www.cor-retraites.fr/","20","M. Marc Ferracci","Membre titulaire","2022-10-21"
"Conseil d'orientation des retraites","Article L. 114-2 du code de la sécurité sociale","http://www.cor-retraites.fr/","20","M. Denis Jacquat","Membre titulaire","2007-08-10"
"Conseil d'orientation des retraites","Article L. 114-2 du code de la sécurité sociale","http://www.cor-retraites.fr/","20","M. Denis Jacquat","Membre titulaire","2012-07-10"
"Conseil d'orientation des retraites","Article L. 114-2 du code de la sécurité sociale","http://www.cor-retraites.fr/","20","Mme Félicie Gérard","Membre titulaire","2024-11-06"
"Conseil d'orientation des retraites","Article L. 114-2 du code de la sécurité sociale","http://www.cor-retraites.fr/","20","M. Manuel Aeschlimann","Membre titulaire","2004-07-08"
"Conseil d'orientation des retraites","Article L. 114-2 du code de la sécurité sociale","http://www.cor-retraites.fr/","20","M. Pascal Terrasse","Membre titulaire","2007-08-10"
"Conseil d'orientation des retraites","Article L. 114-2 du code de la sécurité sociale","http://www.cor-retraites.fr/","20","M. Jean-Christophe Fromantin","Membre titulaire","2012-07-10"
"Conseil d'orientation des retraites","Article L. 114-2 du code de la sécurité sociale","http://www.cor-retraites.fr/","20","Mme Gabrielle Cathala","Membre titulaire","2024-11-06"
"Conseil d'orientation des retraites","Article L. 114-2 du code de la sécurité sociale","http://www.cor-retraites.fr/","20","M. Denis Jacquat","Membre titulaire","2004-07-08"
"Conseil d'orientation des retraites","Article L. 114-2 du code de la sécurité sociale","http://www.cor-retraites.fr/","20","M. Pascal Terrasse","Membre titulaire","2004-07-08"
"Conseil d'orientation des retraites","Article L. 114-2 du code de la sécurité sociale","http://www.cor-retraites.fr/","20","M. Belkhir Belhaddad","Membre titulaire","2020-03-03"
"Conseil d'orientation des retraites","Article L. 114-2 du code de la sécurité sociale","http://www.cor-retraites.fr/","20","M. Denis Jacquat","Membre titulaire","2000-05-25"
"Conseil d'orientation des retraites","Article L. 114-2 du code de la sécurité sociale","http://www.cor-retraites.fr/","20","M. Jean-François Parigi","Membre titulaire","2017-10-09"
"Conseil d'orientation des retraites","Article L. 114-2 du code de la sécurité sociale","http://www.cor-retraites.fr/","20","M. Laurent Pietraszewski","Membre titulaire","2017-10-09"
"Conseil d'orientation des retraites","Article L. 114-2 du code de la sécurité sociale","http://www.cor-retraites.fr/","20","M. Fabrice Brun","Membre titulaire","2021-10-25"
"Conseil d'orientation des retraites","Article L. 114-2 du code de la sécurité sociale","http://www.cor-retraites.fr/","20","M. Jean-Luc Préel","Membre titulaire","2002-08-01"
"Conseil d'orientation des retraites","Article L. 114-2 du code de la sécurité sociale","http://www.cor-retraites.fr/","20","M. Paul Christophe","Membre titulaire","2022-10-21"
"Conseil d'orientation des retraites","Article L. 114-2 du code de la sécurité sociale","http://www.cor-retraites.fr/","20","Mme Eva Sas","Membre titulaire","2022-10-21"
"Conseil d'orientation des retraites","Article L. 114-2 du code de la sécurité sociale","http://www.cor-retraites.fr/","20","M. Maxime Gremetz","Membre titulaire","2007-08-10"
"Conseil d'orientation des retraites","Article L. 114-2 du code de la sécurité sociale","http://www.cor-retraites.fr/","20","M. Jean-Luc Préel","Membre titulaire","2007-08-10"
"Conseil d'orientation des retraites","Article L. 114-2 du code de la sécurité sociale","http://www.cor-retraites.fr/","20","Mme Jacqueline Fraysse","Membre titulaire","2012-07-10"
"Conseil d'orientation des retraites","Article L. 114-2 du code de la sécurité sociale","http://www.cor-retraites.fr/","20","M. Mathieu Lefèvre","Membre titulaire","2024-11-06"
"Conseil d'orientation des retraites","Article L. 114-2 du code de la sécurité sociale","http://www.cor-retraites.fr/","20","M. Maxime Gremetz","Membre titulaire","2004-07-08"
"Conseil d'orientation des retraites","Article L. 114-2 du code de la sécurité sociale","http://www.cor-retraites.fr/","20","M. Michel Issindou","Membre titulaire","2012-07-10"
"Conseil d'orientation des retraites","Article L. 114-2 du code de la sécurité sociale","http://www.cor-retraites.fr/","20","M. Thomas Ménagé","Membre titulaire","2024-11-06"
"Conseil d'orientation des retraites","Article L. 114-2 du code de la sécurité sociale","http://www.cor-retraites.fr/","20","M. Jean-Luc Préel","Membre titulaire","2004-07-08"
"Conseil d'orientation des retraites","Article L. 114-2 du code de la sécurité sociale","http://www.cor-retraites.fr/","20","M. Maxime Gremetz","Membre titulaire","2000-05-25"
"Conseil d'orientation des retraites","Article L. 114-2 du code de la sécurité sociale","http://www.cor-retraites.fr/","20","M. Jean Le Garrec","Membre titulaire","2006-05-12"
"Conseil d'orientation des retraites","Article L. 114-2 du code de la sécurité sociale","http://www.cor-retraites.fr/","20","M. Alfred Recours","Membre titulaire","2000-05-25"
"Conseil d'orientation des retraites","Article L. 114-2 du code de la sécurité sociale","http://www.cor-retraites.fr/","20","Mme Elsa Faucillon","Membre titulaire","2017-10-09"
"Conseil d'orientation des retraites","Article L. 114-2 du code de la sécurité sociale","http://www.cor-retraites.fr/","20","Mme Nathalie Elimas","Membre titulaire","2017-10-09"
"Conseil d'orientation des retraites","Article L. 114-2 du code de la sécurité sociale","http://www.cor-retraites.fr/","20","M. Denis Jacquat","Membre titulaire","2002-08-01"
"Conseil d'orientation des retraites","Article L. 114-2 du code de la sécurité sociale","http://www.cor-retraites.fr/","20","M. Pascal Terrasse","Membre titulaire","2002-08-01"
"Conseil d'orientation des retraites","Article L. 114-2 du code de la sécurité sociale","http://www.cor-retraites.fr/","20","M. Roland Muzeau","Membre titulaire","2011-06-09"
"Conseil d'orientation des retraites","Article L. 114-2 du code de la sécurité sociale","http://www.cor-retraites.fr/","20","Mme Michèle de Vaucouleurs","Membre titulaire","2020-11-06"
"Conseil d'orientation des retraites","Article L. 114-2 du code de la sécurité sociale","http://www.cor-retraites.fr/","20","Mme Josiane Corneloup","Membre titulaire","2022-10-21"
"Commission scientifique nationale des collections","Article L. 115-2 du code du patrimoine","http://www.culture.gouv.fr/Nous-connaitre/Organisation/Services-rattaches-a-la-ministre/La-Commission-scientifique-nationale-des-collections","1","Mme Dominique Nachury","Membre titulaire","2012-10-04"
"Commission scientifique nationale des collections","Article L. 115-2 du code du patrimoine","http://www.culture.gouv.fr/Nous-connaitre/Organisation/Services-rattaches-a-la-ministre/La-Commission-scientifique-nationale-des-collections","1","M. Raphaël Gérard","Membre titulaire","2017-11-13"
"Commission scientifique nationale des collections","Article L. 115-2 du code du patrimoine","http://www.culture.gouv.fr/Nous-connaitre/Organisation/Services-rattaches-a-la-ministre/La-Commission-scientifique-nationale-des-collections","1","Mme Marie-Hélène Thoraval","Membre titulaire","2011-04-07"
"Commission départementale prévue à l'article L. 2334-37 du code général des collectivités territoriales","Article L. 2334-37 du code général des collectivités territoriales","https://www.collectivites-locales.gouv.fr/dotation-dequipement-des-territoires-ruraux-detr",,"Mme Brigitte Liso","Membre titulaire","2024-12-06"
"Commission départementale prévue à l'article L. 2334-37 du code général des collectivités territoriales","Article L. 2334-37 du code général des collectivités territoriales","https://www.collectivites-locales.gouv.fr/dotation-dequipement-des-territoires-ruraux-detr",,"Mme Marie-Christine Dalloz","Membre titulaire","2018-01-10"
"Commission départementale prévue à l'article L. 2334-37 du code général des collectivités territoriales","Article L. 2334-37 du code général des collectivités territoriales","https://www.collectivites-locales.gouv.fr/dotation-dequipement-des-territoires-ruraux-detr",,"Mme Christine Pirès Beaune","Membre titulaire","2022-11-10"
"Commission départementale prévue à l'article L. 2334-37 du code général des collectivités territoriales","Article L. 2334-37 du code général des collectivités territoriales","https://www.collectivites-locales.gouv.fr/dotation-dequipement-des-territoires-ruraux-detr",,"M. Thierry Robert","Membre titulaire","2018-01-10"
"Commission départementale prévue à l'article L. 2334-37 du code général des collectivités territoriales","Article L. 2334-37 du code général des collectivités territoriales","https://www.collectivites-locales.gouv.fr/dotation-dequipement-des-territoires-ruraux-detr",,"Mme Chantal Jourdan","Membre titulaire","2022-11-10"
"Commission départementale prévue à l'article L. 2334-37 du code général des collectivités territoriales","Article L. 2334-37 du code général des collectivités territoriales","https://www.collectivites-locales.gouv.fr/dotation-dequipement-des-territoires-ruraux-detr",,"M. Christophe Bex","Membre titulaire","2024-12-06"
"Commission départementale prévue à l'article L. 2334-37 du code général des collectivités territoriales","Article L. 2334-37 du code général des collectivités territoriales","https://www.collectivites-locales.gouv.fr/dotation-dequipement-des-territoires-ruraux-detr",,"M. Philippe Pradal","Membre titulaire","2022-11-10"
"Commission départementale prévue à l'article L. 2334-37 du code général des collectivités territoriales","Article L. 2334-37 du code général des collectivités territoriales","https://www.collectivites-locales.gouv.fr/dotation-dequipement-des-territoires-ruraux-detr",,"Mme Cyrielle Chatelain","Membre titulaire","2024-12-06"
"Commission départementale prévue à l'article L. 2334-37 du code général des collectivités territoriales","Article L. 2334-37 du code général des collectivités territoriales","https://www.collectivites-locales.gouv.fr/dotation-dequipement-des-territoires-ruraux-detr",,"M. Christophe Blanchet","Membre titulaire","2022-11-10"
"Commission départementale prévue à l'article L. 2334-37 du code général des collectivités territoriales","Article L. 2334-37 du code général des collectivités territoriales","https://www.collectivites-locales.gouv.fr/dotation-dequipement-des-territoires-ruraux-detr",,"M. Vincent Thiébaut","Membre titulaire","2018-01-10"
"Commission départementale prévue à l'article L. 2334-37 du code général des collectivités territoriales","Article L. 2334-37 du code général des collectivités territoriales","https://www.collectivites-locales.gouv.fr/dotation-dequipement-des-territoires-ruraux-detr",,"M. Stéphane Rambaud","Membre titulaire","2024-12-06"
"Commission départementale prévue à l'article L. 2334-37 du code général des collectivités territoriales","Article L. 2334-37 du code général des collectivités territoriales","https://www.collectivites-locales.gouv.fr/dotation-dequipement-des-territoires-ruraux-detr",,"M. Paul Molac","Membre titulaire","2018-01-10"
"Commission départementale prévue à l'article L. 2334-37 du code général des collectivités territoriales","Article L. 2334-37 du code général des collectivités territoriales","https://www.collectivites-locales.gouv.fr/dotation-dequipement-des-territoires-ruraux-detr",,"Mme Isabelle Rauch","Membre titulaire","2018-01-10"
"Commission départementale prévue à l'article L. 2334-37 du code général des collectivités territoriales","Article L. 2334-37 du code général des collectivités territoriales","https://www.collectivites-locales.gouv.fr/dotation-dequipement-des-territoires-ruraux-detr",,"M. Didier Padey","Membre titulaire","2024-03-13"
"Commission départementale prévue à l'article L. 2334-37 du code général des collectivités territoriales","Article L. 2334-37 du code général des collectivités territoriales","https://www.collectivites-locales.gouv.fr/dotation-dequipement-des-territoires-ruraux-detr",,"Mme Marie-Noëlle Battistel","Membre titulaire","2022-11-10"
"Commission départementale prévue à l'article L. 2334-37 du code général des collectivités territoriales","Article L. 2334-37 du code général des collectivités territoriales","https://www.collectivites-locales.gouv.fr/dotation-dequipement-des-territoires-ruraux-detr",,"M. Jean-Michel Clément","Membre titulaire","2018-01-10"
"Commission départementale prévue à l'article L. 2334-37 du code général des collectivités territoriales","Article L. 2334-37 du code général des collectivités territoriales","https://www.collectivites-locales.gouv.fr/dotation-dequipement-des-territoires-ruraux-detr",,"Mme Laurence Maillart-Méhaignerie","Membre titulaire","2022-11-10"
"Commission départementale prévue à l'article L. 2334-37 du code général des collectivités territoriales","Article L. 2334-37 du code général des collectivités territoriales","https://www.collectivites-locales.gouv.fr/dotation-dequipement-des-territoires-ruraux-detr",,"M. Adrien Morenas","Membre titulaire","2018-01-10"
"Commission départementale prévue à l'article L. 2334-37 du code général des collectivités territoriales","Article L. 2334-37 du code général des collectivités territoriales","https://www.collectivites-locales.gouv.fr/dotation-dequipement-des-territoires-ruraux-detr",,"M. Michel Delpon","Membre titulaire","2021-03-22"
"Commission départementale prévue à l'article L. 2334-37 du code général des collectivités territoriales","Article L. 2334-37 du code général des collectivités territoriales","https://www.collectivites-locales.gouv.fr/dotation-dequipement-des-territoires-ruraux-detr",,"M. Jean-Luc Warsmann","Membre titulaire","2024-12-06"
"Commission départementale prévue à l'article L. 2334-37 du code général des collectivités territoriales","Article L. 2334-37 du code général des collectivités territoriales","https://www.collectivites-locales.gouv.fr/dotation-dequipement-des-territoires-ruraux-detr",,"M. Laurent Alexandre","Membre titulaire","2024-12-06"
"Commission départementale prévue à l'article L. 2334-37 du code général des collectivités territoriales","Article L. 2334-37 du code général des collectivités territoriales","https://www.collectivites-locales.gouv.fr/dotation-dequipement-des-territoires-ruraux-detr",,"Mme Aude Bono-Vandorme","Membre titulaire","2018-01-10"
"Commission départementale prévue à l'article L. 2334-37 du code général des collectivités territoriales","Article L. 2334-37 du code général des collectivités territoriales","https://www.collectivites-locales.gouv.fr/dotation-dequipement-des-territoires-ruraux-detr",,"M. Carlos Martens Bilongo","Membre titulaire","2022-11-10"
"Commission départementale prévue à l'article L. 2334-37 du code général des collectivités territoriales","Article L. 2334-37 du code général des collectivités territoriales","https://www.collectivites-locales.gouv.fr/dotation-dequipement-des-territoires-ruraux-detr",,"M. Olivier Serva","Membre titulaire","2022-11-10"
"Commission départementale prévue à l'article L. 2334-37 du code général des collectivités territoriales","Article L. 2334-37 du code général des collectivités territoriales","https://www.collectivites-locales.gouv.fr/dotation-dequipement-des-territoires-ruraux-detr",,"Mme Claire Marais-Beuil","Membre titulaire","2024-12-06"
"Commission départementale prévue à l'article L. 2334-37 du code général des collectivités territoriales","Article L. 2334-37 du code général des collectivités territoriales","https://www.collectivites-locales.gouv.fr/dotation-dequipement-des-territoires-ruraux-detr",,"M. Philippe Fait","Membre titulaire","2024-12-06"
"Commission départementale prévue à l'article L. 2334-37 du code général des collectivités territoriales","Article L. 2334-37 du code général des collectivités territoriales","https://www.collectivites-locales.gouv.fr/dotation-dequipement-des-territoires-ruraux-detr",,"Mme Frédérique Lardet","Membre titulaire","2018-01-10"
"Commission départementale prévue à l'article L. 2334-37 du code général des collectivités territoriales","Article L. 2334-37 du code général des collectivités territoriales","https://www.collectivites-locales.gouv.fr/dotation-dequipement-des-territoires-ruraux-detr",,"Mme Sandrine Dogor-Such","Membre titulaire","2022-11-10"
"Commission départementale prévue à l'article L. 2334-37 du code général des collectivités territoriales","Article L. 2334-37 du code général des collectivités territoriales","https://www.collectivites-locales.gouv.fr/dotation-dequipement-des-territoires-ruraux-detr",,"M. Hervé Saulignac","Membre titulaire","2022-11-10"
"Commission départementale prévue à l'article L. 2334-37 du code général des collectivités territoriales","Article L. 2334-37 du code général des collectivités territoriales","https://www.collectivites-locales.gouv.fr/dotation-dequipement-des-territoires-ruraux-detr",,"Mme Mathilde Hignet","Membre titulaire","2024-12-06"
"Commission départementale prévue à l'article L. 2334-37 du code général des collectivités territoriales","Article L. 2334-37 du code général des collectivités territoriales","https://www.collectivites-locales.gouv.fr/dotation-dequipement-des-territoires-ruraux-detr",,"M. Sébastien Delogu","Membre titulaire","2022-11-10"
"Commission départementale prévue à l'article L. 2334-37 du code général des collectivités territoriales","Article L. 2334-37 du code général des collectivités territoriales","https://www.collectivites-locales.gouv.fr/dotation-dequipement-des-territoires-ruraux-detr",,"M. Philippe Chassaing","Membre titulaire","2018-01-10"
"Commission départementale prévue à l'article L. 2334-37 du code général des collectivités territoriales","Article L. 2334-37 du code général des collectivités territoriales","https://www.collectivites-locales.gouv.fr/dotation-dequipement-des-territoires-ruraux-detr",,"Mme Béatrice Bellamy","Membre titulaire","2024-12-06"
"Commission départementale prévue à l'article L. 2334-37 du code général des collectivités territoriales","Article L. 2334-37 du code général des collectivités territoriales","https://www.collectivites-locales.gouv.fr/dotation-dequipement-des-territoires-ruraux-detr",,"M. Guy Bricout","Membre titulaire","2018-01-10"
"Commission départementale prévue à l'article L. 2334-37 du code général des collectivités territoriales","Article L. 2334-37 du code général des collectivités territoriales","https://www.collectivites-locales.gouv.fr/dotation-dequipement-des-territoires-ruraux-detr",,"M. Antoine Léaument","Membre titulaire","2024-12-06"
"Commission départementale prévue à l'article L. 2334-37 du code général des collectivités territoriales","Article L. 2334-37 du code général des collectivités territoriales","https://www.collectivites-locales.gouv.fr/dotation-dequipement-des-territoires-ruraux-detr",,"M. Pierre Vatin","Membre titulaire","2018-01-10"
"Commission départementale prévue à l'article L. 2334-37 du code général des collectivités territoriales","Article L. 2334-37 du code général des collectivités territoriales","https://www.collectivites-locales.gouv.fr/dotation-dequipement-des-territoires-ruraux-detr",,"Mme Marie-Christine Dalloz","Membre titulaire","2022-11-10"
"Commission départementale prévue à l'article L. 2334-37 du code général des collectivités territoriales","Article L. 2334-37 du code général des collectivités territoriales","https://www.collectivites-locales.gouv.fr/dotation-dequipement-des-territoires-ruraux-detr",,"Mme Emmanuelle Anthoine","Membre titulaire","2018-01-10"
"Commission départementale prévue à l'article L. 2334-37 du code général des collectivités territoriales","Article L. 2334-37 du code général des collectivités territoriales","https://www.collectivites-locales.gouv.fr/dotation-dequipement-des-territoires-ruraux-detr",,"M. Emmanuel Mandon","Membre titulaire","2022-11-10"
"Commission départementale prévue à l'article L. 2334-37 du code général des collectivités territoriales","Article L. 2334-37 du code général des collectivités territoriales","https://www.collectivites-locales.gouv.fr/dotation-dequipement-des-territoires-ruraux-detr",,"Mme Marie Tamarelle-Verhaeghe","Membre titulaire","2021-02-05"
"Commission départementale prévue à l'article L. 2334-37 du code général des collectivités territoriales","Article L. 2334-37 du code général des collectivités territoriales","https://www.collectivites-locales.gouv.fr/dotation-dequipement-des-territoires-ruraux-detr",,"M. Christophe Barthès","Membre titulaire","2024-12-06"
"Commission départementale prévue à l'article L. 2334-37 du code général des collectivités territoriales","Article L. 2334-37 du code général des collectivités territoriales","https://www.collectivites-locales.gouv.fr/dotation-dequipement-des-territoires-ruraux-detr",,"Mme Gisèle Lelouis","Membre titulaire","2024-12-06"
"Commission départementale prévue à l'article L. 2334-37 du code général des collectivités territoriales","Article L. 2334-37 du code général des collectivités territoriales","https://www.collectivites-locales.gouv.fr/dotation-dequipement-des-territoires-ruraux-detr",,"M. Jean-Paul Dufrègne","Membre titulaire","2018-01-10"
"Commission départementale prévue à l'article L. 2334-37 du code général des collectivités territoriales","Article L. 2334-37 du code général des collectivités territoriales","https://www.collectivites-locales.gouv.fr/dotation-dequipement-des-territoires-ruraux-detr",,"Mme Aurore Bergé","Membre titulaire","2022-11-10"
"Commission départementale prévue à l'article L. 2334-37 du code général des collectivités territoriales","Article L. 2334-37 du code général des collectivités territoriales","https://www.collectivites-locales.gouv.fr/dotation-dequipement-des-territoires-ruraux-detr",,"Mme Delphine Batho","Membre titulaire","2022-11-10"
"Commission départementale prévue à l'article L. 2334-37 du code général des collectivités territoriales","Article L. 2334-37 du code général des collectivités territoriales","https://www.collectivites-locales.gouv.fr/dotation-dequipement-des-territoires-ruraux-detr",,"Mme Chantal Jourdan","Membre titulaire","2024-12-06"
"Commission départementale prévue à l'article L. 2334-37 du code général des collectivités territoriales","Article L. 2334-37 du code général des collectivités territoriales","https://www.collectivites-locales.gouv.fr/dotation-dequipement-des-territoires-ruraux-detr",,"Mme Françoise Buffet","Membre titulaire","2024-12-06"
"Commission départementale prévue à l'article L. 2334-37 du code général des collectivités territoriales","Article L. 2334-37 du code général des collectivités territoriales","https://www.collectivites-locales.gouv.fr/dotation-dequipement-des-territoires-ruraux-detr",,"Mme Laurianne Rossi","Membre titulaire","2018-01-10"
"Commission départementale prévue à l'article L. 2334-37 du code général des collectivités territoriales","Article L. 2334-37 du code général des collectivités territoriales","https://www.collectivites-locales.gouv.fr/dotation-dequipement-des-territoires-ruraux-detr",,"M. Emmanuel Fernandes","Membre titulaire","2022-11-10"
"Commission départementale prévue à l'article L. 2334-37 du code général des collectivités territoriales","Article L. 2334-37 du code général des collectivités territoriales","https://www.collectivites-locales.gouv.fr/dotation-dequipement-des-territoires-ruraux-detr",,"M. Éric Straumann","Membre titulaire","2018-01-10"
"Commission départementale prévue à l'article L. 2334-37 du code général des collectivités territoriales","Article L. 2334-37 du code général des collectivités territoriales","https://www.collectivites-locales.gouv.fr/dotation-dequipement-des-territoires-ruraux-detr",,"M. David Habib","Membre titulaire","2022-11-10"
"Commission départementale prévue à l'article L. 2334-37 du code général des collectivités territoriales","Article L. 2334-37 du code général des collectivités territoriales","https://www.collectivites-locales.gouv.fr/dotation-dequipement-des-territoires-ruraux-detr",,"M. Denis Masséglia","Membre titulaire","2024-12-06"
"Commission départementale prévue à l'article L. 2334-37 du code général des collectivités territoriales","Article L. 2334-37 du code général des collectivités territoriales","https://www.collectivites-locales.gouv.fr/dotation-dequipement-des-territoires-ruraux-detr",,"M. Hubert Brigand","Membre titulaire","2022-11-10"
"Commission départementale prévue à l'article L. 2334-37 du code général des collectivités territoriales","Article L. 2334-37 du code général des collectivités territoriales","https://www.collectivites-locales.gouv.fr/dotation-dequipement-des-territoires-ruraux-detr",,"M. Boris Vallaud","Membre titulaire","2024-12-06"
"Commission départementale prévue à l'article L. 2334-37 du code général des collectivités territoriales","Article L. 2334-37 du code général des collectivités territoriales","https://www.collectivites-locales.gouv.fr/dotation-dequipement-des-territoires-ruraux-detr",,"Mme Marie-Pierre Rixain","Membre titulaire","2024-12-06"
"Commission départementale prévue à l'article L. 2334-37 du code général des collectivités territoriales","Article L. 2334-37 du code général des collectivités territoriales","https://www.collectivites-locales.gouv.fr/dotation-dequipement-des-territoires-ruraux-detr",,"M. Pascal Lecamp","Membre titulaire","2024-12-06"
"Commission départementale prévue à l'article L. 2334-37 du code général des collectivités territoriales","Article L. 2334-37 du code général des collectivités territoriales","https://www.collectivites-locales.gouv.fr/dotation-dequipement-des-territoires-ruraux-detr",,"M. Jérôme Nury","Membre titulaire","2018-01-10"
"Commission départementale prévue à l'article L. 2334-37 du code général des collectivités territoriales","Article L. 2334-37 du code général des collectivités territoriales","https://www.collectivites-locales.gouv.fr/dotation-dequipement-des-territoires-ruraux-detr",,"Mme Marie Tamarelle-Verhaeghe","Membre titulaire","2018-01-10"
"Commission départementale prévue à l'article L. 2334-37 du code général des collectivités territoriales","Article L. 2334-37 du code général des collectivités territoriales","https://www.collectivites-locales.gouv.fr/dotation-dequipement-des-territoires-ruraux-detr",,"M. Lionel Causse","Membre titulaire","2022-11-10"
"Commission départementale prévue à l'article L. 2334-37 du code général des collectivités territoriales","Article L. 2334-37 du code général des collectivités territoriales","https://www.collectivites-locales.gouv.fr/dotation-dequipement-des-territoires-ruraux-detr",,"Mme Catherine Kamowski","Membre titulaire","2020-02-06"
"Commission départementale prévue à l'article L. 2334-37 du code général des collectivités territoriales","Article L. 2334-37 du code général des collectivités territoriales","https://www.collectivites-locales.gouv.fr/dotation-dequipement-des-territoires-ruraux-detr",,"M. Arthur Delaporte","Membre titulaire","2024-12-06"
"Commission départementale prévue à l'article L. 2334-37 du code général des collectivités territoriales","Article L. 2334-37 du code général des collectivités territoriales","https://www.collectivites-locales.gouv.fr/dotation-dequipement-des-territoires-ruraux-detr",,"M. Alain Perea","Membre titulaire","2018-01-10"
"Commission départementale prévue à l'article L. 2334-37 du code général des collectivités territoriales","Article L. 2334-37 du code général des collectivités territoriales","https://www.collectivites-locales.gouv.fr/dotation-dequipement-des-territoires-ruraux-detr",,"M. Fabrice Brun","Membre titulaire","2018-01-10"
"Commission départementale prévue à l'article L. 2334-37 du code général des collectivités territoriales","Article L. 2334-37 du code général des collectivités territoriales","https://www.collectivites-locales.gouv.fr/dotation-dequipement-des-territoires-ruraux-detr",,"M. Antoine Léaument","Membre titulaire","2022-11-10"
"Commission départementale prévue à l'article L. 2334-37 du code général des collectivités territoriales","Article L. 2334-37 du code général des collectivités territoriales","https://www.collectivites-locales.gouv.fr/dotation-dequipement-des-territoires-ruraux-detr",,"M. Raphaël Schellenberger","Membre titulaire","2024-12-06"
"Commission départementale prévue à l'article L. 2334-37 du code général des collectivités territoriales","Article L. 2334-37 du code général des collectivités territoriales","https://www.collectivites-locales.gouv.fr/dotation-dequipement-des-territoires-ruraux-detr",,"Mme Marie-Ange Magne","Membre titulaire","2018-01-10"
"Commission départementale prévue à l'article L. 2334-37 du code général des collectivités territoriales","Article L. 2334-37 du code général des collectivités territoriales","https://www.collectivites-locales.gouv.fr/dotation-dequipement-des-territoires-ruraux-detr",,"Mme Brigitte Klinkert","Membre titulaire","2022-11-10"
"Commission départementale prévue à l'article L. 2334-37 du code général des collectivités territoriales","Article L. 2334-37 du code général des collectivités territoriales","https://www.collectivites-locales.gouv.fr/dotation-dequipement-des-territoires-ruraux-detr",,"M. Maurice Leroy","Membre titulaire","2018-01-10"
"Commission départementale prévue à l'article L. 2334-37 du code général des collectivités territoriales","Article L. 2334-37 du code général des collectivités territoriales","https://www.collectivites-locales.gouv.fr/dotation-dequipement-des-territoires-ruraux-detr",,"M. Gabriel Amard","Membre titulaire","2022-11-10"
"Commission départementale prévue à l'article L. 2334-37 du code général des collectivités territoriales","Article L. 2334-37 du code général des collectivités territoriales","https://www.collectivites-locales.gouv.fr/dotation-dequipement-des-territoires-ruraux-detr",,"Mme Marie-Christine Dalloz","Membre titulaire","2024-12-06"
"Commission départementale prévue à l'article L. 2334-37 du code général des collectivités territoriales","Article L. 2334-37 du code général des collectivités territoriales","https://www.collectivites-locales.gouv.fr/dotation-dequipement-des-territoires-ruraux-detr",,"M. Mickaël Cosson","Membre titulaire","2022-11-10"
"Commission départementale prévue à l'article L. 2334-37 du code général des collectivités territoriales","Article L. 2334-37 du code général des collectivités territoriales","https://www.collectivites-locales.gouv.fr/dotation-dequipement-des-territoires-ruraux-detr",,"M. Roger Chudeau","Membre titulaire","2024-12-06"
"Commission départementale prévue à l'article L. 2334-37 du code général des collectivités territoriales","Article L. 2334-37 du code général des collectivités territoriales","https://www.collectivites-locales.gouv.fr/dotation-dequipement-des-territoires-ruraux-detr",,"M. Jean-Philippe Ardouin","Membre titulaire","2022-11-10"
"Commission départementale prévue à l'article L. 2334-37 du code général des collectivités territoriales","Article L. 2334-37 du code général des collectivités territoriales","https://www.collectivites-locales.gouv.fr/dotation-dequipement-des-territoires-ruraux-detr",,"Mme Manon Meunier","Membre titulaire","2024-12-06"
"Commission départementale prévue à l'article L. 2334-37 du code général des collectivités territoriales","Article L. 2334-37 du code général des collectivités territoriales","https://www.collectivites-locales.gouv.fr/dotation-dequipement-des-territoires-ruraux-detr",,"M. Michel Fanget","Membre titulaire","2018-01-10"
"Commission départementale prévue à l'article L. 2334-37 du code général des collectivités territoriales","Article L. 2334-37 du code général des collectivités territoriales","https://www.collectivites-locales.gouv.fr/dotation-dequipement-des-territoires-ruraux-detr",,"M. Romain Grau","Membre titulaire","2018-01-10"
"Commission départementale prévue à l'article L. 2334-37 du code général des collectivités territoriales","Article L. 2334-37 du code général des collectivités territoriales","https://www.collectivites-locales.gouv.fr/dotation-dequipement-des-territoires-ruraux-detr",,"Mme Laure de La Raudière","Membre titulaire","2018-01-10"
"Commission départementale prévue à l'article L. 2334-37 du code général des collectivités territoriales","Article L. 2334-37 du code général des collectivités territoriales","https://www.collectivites-locales.gouv.fr/dotation-dequipement-des-territoires-ruraux-detr",,"Mme Stella Dupont","Membre titulaire","2022-11-10"
"Commission départementale prévue à l'article L. 2334-37 du code général des collectivités territoriales","Article L. 2334-37 du code général des collectivités territoriales","https://www.collectivites-locales.gouv.fr/dotation-dequipement-des-territoires-ruraux-detr",,"M. Jean-Michel Jacques","Membre titulaire","2020-09-11"
"Commission départementale prévue à l'article L. 2334-37 du code général des collectivités territoriales","Article L. 2334-37 du code général des collectivités territoriales","https://www.collectivites-locales.gouv.fr/dotation-dequipement-des-territoires-ruraux-detr",,"M. Charles de Courson","Membre titulaire","2022-11-10"
"Commission départementale prévue à l'article L. 2334-37 du code général des collectivités territoriales","Article L. 2334-37 du code général des collectivités territoriales","https://www.collectivites-locales.gouv.fr/dotation-dequipement-des-territoires-ruraux-detr",,"M. Adrien Morenas","Membre titulaire","2021-04-12"
"Commission départementale prévue à l'article L. 2334-37 du code général des collectivités territoriales","Article L. 2334-37 du code général des collectivités territoriales","https://www.collectivites-locales.gouv.fr/dotation-dequipement-des-territoires-ruraux-detr",,"M. François Cormier-Bouligeon","Membre titulaire","2024-12-06"
"Commission départementale prévue à l'article L. 2334-37 du code général des collectivités territoriales","Article L. 2334-37 du code général des collectivités territoriales","https://www.collectivites-locales.gouv.fr/dotation-dequipement-des-territoires-ruraux-detr",,"Mme Michèle Tabarot","Membre titulaire","2018-01-10"
"Commission départementale prévue à l'article L. 2334-37 du code général des collectivités territoriales","Article L. 2334-37 du code général des collectivités territoriales","https://www.collectivites-locales.gouv.fr/dotation-dequipement-des-territoires-ruraux-detr",,"M. Laurent Croizier","Membre titulaire","2024-12-06"
"Commission départementale prévue à l'article L. 2334-37 du code général des collectivités territoriales","Article L. 2334-37 du code général des collectivités territoriales","https://www.collectivites-locales.gouv.fr/dotation-dequipement-des-territoires-ruraux-detr",,"M. Jean-Luc Warsmann","Membre titulaire","2018-01-10"
"Commission départementale prévue à l'article L. 2334-37 du code général des collectivités territoriales","Article L. 2334-37 du code général des collectivités territoriales","https://www.collectivites-locales.gouv.fr/dotation-dequipement-des-territoires-ruraux-detr",,"Mme Yaël Ménaché","Membre titulaire","2022-11-10"
"Commission départementale prévue à l'article L. 2334-37 du code général des collectivités territoriales","Article L. 2334-37 du code général des collectivités territoriales","https://www.collectivites-locales.gouv.fr/dotation-dequipement-des-territoires-ruraux-detr",,"M. Jean Terlier","Membre titulaire","2022-11-10"
"Commission départementale prévue à l'article L. 2334-37 du code général des collectivités territoriales","Article L. 2334-37 du code général des collectivités territoriales","https://www.collectivites-locales.gouv.fr/dotation-dequipement-des-territoires-ruraux-detr",,"Mme Sandrine Dogor-Such","Membre titulaire","2024-12-06"
"Commission départementale prévue à l'article L. 2334-37 du code général des collectivités territoriales","Article L. 2334-37 du code général des collectivités territoriales","https://www.collectivites-locales.gouv.fr/dotation-dequipement-des-territoires-ruraux-detr",,"M. Iñaki Echaniz","Membre titulaire","2024-12-06"
"Commission départementale prévue à l'article L. 2334-37 du code général des collectivités territoriales","Article L. 2334-37 du code général des collectivités territoriales","https://www.collectivites-locales.gouv.fr/dotation-dequipement-des-territoires-ruraux-detr",,"M. Jean-Michel Mis","Membre titulaire","2018-01-10"
"Commission départementale prévue à l'article L. 2334-37 du code général des collectivités territoriales","Article L. 2334-37 du code général des collectivités territoriales","https://www.collectivites-locales.gouv.fr/dotation-dequipement-des-territoires-ruraux-detr",,"M. Rémy Rebeyrotte","Membre titulaire","2022-11-10"
"Commission départementale prévue à l'article L. 2334-37 du code général des collectivités territoriales","Article L. 2334-37 du code général des collectivités territoriales","https://www.collectivites-locales.gouv.fr/dotation-dequipement-des-territoires-ruraux-detr",,"Mme Sandra Marsaud","Membre titulaire","2022-11-10"
"Commission départementale prévue à l'article L. 2334-37 du code général des collectivités territoriales","Article L. 2334-37 du code général des collectivités territoriales","https://www.collectivites-locales.gouv.fr/dotation-dequipement-des-territoires-ruraux-detr",,"M. Jean-Pierre Taite","Membre titulaire","2024-12-06"
"Commission départementale prévue à l'article L. 2334-37 du code général des collectivités territoriales","Article L. 2334-37 du code général des collectivités territoriales","https://www.collectivites-locales.gouv.fr/dotation-dequipement-des-territoires-ruraux-detr",,"Mme Annie Genevard","Membre titulaire","2022-11-10"
"Commission départementale prévue à l'article L. 2334-37 du code général des collectivités territoriales","Article L. 2334-37 du code général des collectivités territoriales","https://www.collectivites-locales.gouv.fr/dotation-dequipement-des-territoires-ruraux-detr",,"M. Gaëtan Dussausaye","Membre titulaire","2024-12-06"
"Commission départementale prévue à l'article L. 2334-37 du code général des collectivités territoriales","Article L. 2334-37 du code général des collectivités territoriales","https://www.collectivites-locales.gouv.fr/dotation-dequipement-des-territoires-ruraux-detr",,"Mme Josy Poueyto","Membre titulaire","2018-01-10"
"Commission départementale prévue à l'article L. 2334-37 du code général des collectivités territoriales","Article L. 2334-37 du code général des collectivités territoriales","https://www.collectivites-locales.gouv.fr/dotation-dequipement-des-territoires-ruraux-detr",,"M. Marcellin Nadeau","Membre titulaire","2024-12-06"
"Commission départementale prévue à l'article L. 2334-37 du code général des collectivités territoriales","Article L. 2334-37 du code général des collectivités territoriales","https://www.collectivites-locales.gouv.fr/dotation-dequipement-des-territoires-ruraux-detr",,"M. Bruno Bilde","Membre titulaire","2018-01-10"
"Commission départementale prévue à l'article L. 2334-37 du code général des collectivités territoriales","Article L. 2334-37 du code général des collectivités territoriales","https://www.collectivites-locales.gouv.fr/dotation-dequipement-des-territoires-ruraux-detr",,"Mme Sandrine Le Feur","Membre titulaire","2018-01-10"
"Commission départementale prévue à l'article L. 2334-37 du code général des collectivités territoriales","Article L. 2334-37 du code général des collectivités territoriales","https://www.collectivites-locales.gouv.fr/dotation-dequipement-des-territoires-ruraux-detr",,"M. Stéphane Travert","Membre titulaire","2022-11-10"
"Commission départementale prévue à l'article L. 2334-37 du code général des collectivités territoriales","Article L. 2334-37 du code général des collectivités territoriales","https://www.collectivites-locales.gouv.fr/dotation-dequipement-des-territoires-ruraux-detr",,"Mme Corinne Vignon","Membre titulaire","2018-01-10"
"Commission départementale prévue à l'article L. 2334-37 du code général des collectivités territoriales","Article L. 2334-37 du code général des collectivités territoriales","https://www.collectivites-locales.gouv.fr/dotation-dequipement-des-territoires-ruraux-detr",,"M. Rodrigue Kokouendo","Membre titulaire","2020-10-09"
"Commission départementale prévue à l'article L. 2334-37 du code général des collectivités territoriales","Article L. 2334-37 du code général des collectivités territoriales","https://www.collectivites-locales.gouv.fr/dotation-dequipement-des-territoires-ruraux-detr",,"Mme Stéphanie Rist","Membre titulaire","2022-11-10"
"Commission départementale prévue à l'article L. 2334-37 du code général des collectivités territoriales","Article L. 2334-37 du code général des collectivités territoriales","https://www.collectivites-locales.gouv.fr/dotation-dequipement-des-territoires-ruraux-detr",,"Mme Nadine Lechon","Membre titulaire","2024-12-06"
"Commission départementale prévue à l'article L. 2334-37 du code général des collectivités territoriales","Article L. 2334-37 du code général des collectivités territoriales","https://www.collectivites-locales.gouv.fr/dotation-dequipement-des-territoires-ruraux-detr",,"M. Paul Christophle","Membre titulaire","2024-12-06"
"Commission départementale prévue à l'article L. 2334-37 du code général des collectivités territoriales","Article L. 2334-37 du code général des collectivités territoriales","https://www.collectivites-locales.gouv.fr/dotation-dequipement-des-territoires-ruraux-detr",,"Mme Valérie Bazin-Malgras","Membre titulaire","2018-01-10"
"Commission départementale prévue à l'article L. 2334-37 du code général des collectivités territoriales","Article L. 2334-37 du code général des collectivités territoriales","https://www.collectivites-locales.gouv.fr/dotation-dequipement-des-territoires-ruraux-detr",,"M. Johnny Hajjar","Membre titulaire","2022-11-10"
"Commission départementale prévue à l'article L. 2334-37 du code général des collectivités territoriales","Article L. 2334-37 du code général des collectivités territoriales","https://www.collectivites-locales.gouv.fr/dotation-dequipement-des-territoires-ruraux-detr",,"Mme Nathalie Bassire","Membre titulaire","2022-11-10"
"Commission départementale prévue à l'article L. 2334-37 du code général des collectivités territoriales","Article L. 2334-37 du code général des collectivités territoriales","https://www.collectivites-locales.gouv.fr/dotation-dequipement-des-territoires-ruraux-detr",,"Mme Delphine Lingemann","Membre titulaire","2024-12-06"
"Commission départementale prévue à l'article L. 2334-37 du code général des collectivités territoriales","Article L. 2334-37 du code général des collectivités territoriales","https://www.collectivites-locales.gouv.fr/dotation-dequipement-des-territoires-ruraux-detr",,"M. René Pilato","Membre titulaire","2023-03-28"
"Commission départementale prévue à l'article L. 2334-37 du code général des collectivités territoriales","Article L. 2334-37 du code général des collectivités territoriales","https://www.collectivites-locales.gouv.fr/dotation-dequipement-des-territoires-ruraux-detr",,"M. Idir Boumertit","Membre titulaire","2024-12-06"
"Commission départementale prévue à l'article L. 2334-37 du code général des collectivités territoriales","Article L. 2334-37 du code général des collectivités territoriales","https://www.collectivites-locales.gouv.fr/dotation-dequipement-des-territoires-ruraux-detr",,"M. Michel Lauzzana","Membre titulaire","2018-01-10"
"Commission départementale prévue à l'article L. 2334-37 du code général des collectivités territoriales","Article L. 2334-37 du code général des collectivités territoriales","https://www.collectivites-locales.gouv.fr/dotation-dequipement-des-territoires-ruraux-detr",,"Mme Virginie Duby-Muller","Membre titulaire","2022-11-10"
"Commission départementale prévue à l'article L. 2334-37 du code général des collectivités territoriales","Article L. 2334-37 du code général des collectivités territoriales","https://www.collectivites-locales.gouv.fr/dotation-dequipement-des-territoires-ruraux-detr",,"Mme Stella Dupont","Membre titulaire","2018-01-10"
"Commission départementale prévue à l'article L. 2334-37 du code général des collectivités territoriales","Article L. 2334-37 du code général des collectivités territoriales","https://www.collectivites-locales.gouv.fr/dotation-dequipement-des-territoires-ruraux-detr",,"M. Matthias Tavel","Membre titulaire","2024-12-06"
"Commission départementale prévue à l'article L. 2334-37 du code général des collectivités territoriales","Article L. 2334-37 du code général des collectivités territoriales","https://www.collectivites-locales.gouv.fr/dotation-dequipement-des-territoires-ruraux-detr",,"M. Philippe Brun","Membre titulaire","2022-11-10"
"Commission départementale prévue à l'article L. 2334-37 du code général des collectivités territoriales","Article L. 2334-37 du code général des collectivités territoriales","https://www.collectivites-locales.gouv.fr/dotation-dequipement-des-territoires-ruraux-detr",,"Mme Hélène Laporte","Membre titulaire","2024-12-06"
"Commission départementale prévue à l'article L. 2334-37 du code général des collectivités territoriales","Article L. 2334-37 du code général des collectivités territoriales","https://www.collectivites-locales.gouv.fr/dotation-dequipement-des-territoires-ruraux-detr",,"M. Stéphane Viry","Membre titulaire","2018-01-10"
"Commission départementale prévue à l'article L. 2334-37 du code général des collectivités territoriales","Article L. 2334-37 du code général des collectivités territoriales","https://www.collectivites-locales.gouv.fr/dotation-dequipement-des-territoires-ruraux-detr",,"M. Raphaël Arnault","Membre titulaire","2024-12-06"
"Commission départementale prévue à l'article L. 2334-37 du code général des collectivités territoriales","Article L. 2334-37 du code général des collectivités territoriales","https://www.collectivites-locales.gouv.fr/dotation-dequipement-des-territoires-ruraux-detr",,"Mme Karine Lebon","Membre titulaire","2024-12-06"
"Commission départementale prévue à l'article L. 2334-37 du code général des collectivités territoriales","Article L. 2334-37 du code général des collectivités territoriales","https://www.collectivites-locales.gouv.fr/dotation-dequipement-des-territoires-ruraux-detr",,"Mme Marina Ferrari","Membre titulaire","2022-11-10"
"Commission départementale prévue à l'article L. 2334-37 du code général des collectivités territoriales","Article L. 2334-37 du code général des collectivités territoriales","https://www.collectivites-locales.gouv.fr/dotation-dequipement-des-territoires-ruraux-detr",,"M. Jean-Luc Fugit","Membre titulaire","2018-01-10"
"Commission départementale prévue à l'article L. 2334-37 du code général des collectivités territoriales","Article L. 2334-37 du code général des collectivités territoriales","https://www.collectivites-locales.gouv.fr/dotation-dequipement-des-territoires-ruraux-detr",,"M. Anthony Cellier","Membre titulaire","2018-01-10"
"Commission départementale prévue à l'article L. 2334-37 du code général des collectivités territoriales","Article L. 2334-37 du code général des collectivités territoriales","https://www.collectivites-locales.gouv.fr/dotation-dequipement-des-territoires-ruraux-detr",,"M. Loïc Prud'homme","Membre titulaire","2018-01-10"
"Commission départementale prévue à l'article L. 2334-37 du code général des collectivités territoriales","Article L. 2334-37 du code général des collectivités territoriales","https://www.collectivites-locales.gouv.fr/dotation-dequipement-des-territoires-ruraux-detr",,"M. Michel Lauzzana","Membre titulaire","2022-11-10"
"Commission départementale prévue à l'article L. 2334-37 du code général des collectivités territoriales","Article L. 2334-37 du code général des collectivités territoriales","https://www.collectivites-locales.gouv.fr/dotation-dequipement-des-territoires-ruraux-detr",,"M. Philippe Brun","Membre titulaire","2024-12-06"
"Commission départementale prévue à l'article L. 2334-37 du code général des collectivités territoriales","Article L. 2334-37 du code général des collectivités territoriales","https://www.collectivites-locales.gouv.fr/dotation-dequipement-des-territoires-ruraux-detr",,"Mme Anne Blanc","Membre titulaire","2018-01-10"
"Commission départementale prévue à l'article L. 2334-37 du code général des collectivités territoriales","Article L. 2334-37 du code général des collectivités territoriales","https://www.collectivites-locales.gouv.fr/dotation-dequipement-des-territoires-ruraux-detr",,"Mme Nadia Essayan","Membre titulaire","2018-01-10"
"Commission départementale prévue à l'article L. 2334-37 du code général des collectivités territoriales","Article L. 2334-37 du code général des collectivités territoriales","https://www.collectivites-locales.gouv.fr/dotation-dequipement-des-territoires-ruraux-detr",,"M. Perceval Gaillard","Membre titulaire","2022-11-10"
"Commission départementale prévue à l'article L. 2334-37 du code général des collectivités territoriales","Article L. 2334-37 du code général des collectivités territoriales","https://www.collectivites-locales.gouv.fr/dotation-dequipement-des-territoires-ruraux-detr",,"M. Arnaud Sanvert","Membre titulaire","2024-12-06"
"Commission départementale prévue à l'article L. 2334-37 du code général des collectivités territoriales","Article L. 2334-37 du code général des collectivités territoriales","https://www.collectivites-locales.gouv.fr/dotation-dequipement-des-territoires-ruraux-detr",,"Mme Stéphanie Rist","Membre titulaire","2018-01-10"
"Commission départementale prévue à l'article L. 2334-37 du code général des collectivités territoriales","Article L. 2334-37 du code général des collectivités territoriales","https://www.collectivites-locales.gouv.fr/dotation-dequipement-des-territoires-ruraux-detr",,"Mme Élise Leboucher","Membre titulaire","2022-11-10"
"Commission départementale prévue à l'article L. 2334-37 du code général des collectivités territoriales","Article L. 2334-37 du code général des collectivités territoriales","https://www.collectivites-locales.gouv.fr/dotation-dequipement-des-territoires-ruraux-detr",,"Mme Carole Grandjean","Membre titulaire","2018-01-10"
"Commission départementale prévue à l'article L. 2334-37 du code général des collectivités territoriales","Article L. 2334-37 du code général des collectivités territoriales","https://www.collectivites-locales.gouv.fr/dotation-dequipement-des-territoires-ruraux-detr",,"M. Thomas Ménagé","Membre titulaire","2024-12-06"
"Commission départementale prévue à l'article L. 2334-37 du code général des collectivités territoriales","Article L. 2334-37 du code général des collectivités territoriales","https://www.collectivites-locales.gouv.fr/dotation-dequipement-des-territoires-ruraux-detr",,"M. Olivier Marleix","Membre titulaire","2022-11-10"
"Commission départementale prévue à l'article L. 2334-37 du code général des collectivités territoriales","Article L. 2334-37 du code général des collectivités territoriales","https://www.collectivites-locales.gouv.fr/dotation-dequipement-des-territoires-ruraux-detr",,"Mme Anna Pic","Membre titulaire","2024-12-06"
"Commission départementale prévue à l'article L. 2334-37 du code général des collectivités territoriales","Article L. 2334-37 du code général des collectivités territoriales","https://www.collectivites-locales.gouv.fr/dotation-dequipement-des-territoires-ruraux-detr",,"Mme Pascale Martin","Membre titulaire","2022-11-10"
"Commission départementale prévue à l'article L. 2334-37 du code général des collectivités territoriales","Article L. 2334-37 du code général des collectivités territoriales","https://www.collectivites-locales.gouv.fr/dotation-dequipement-des-territoires-ruraux-detr",,"M. Xavier Batut","Membre titulaire","2018-01-10"
"Commission départementale prévue à l'article L. 2334-37 du code général des collectivités territoriales","Article L. 2334-37 du code général des collectivités territoriales","https://www.collectivites-locales.gouv.fr/dotation-dequipement-des-territoires-ruraux-detr",,"Mme Nathalie Oziol","Membre titulaire","2024-12-06"
"Commission départementale prévue à l'article L. 2334-37 du code général des collectivités territoriales","Article L. 2334-37 du code général des collectivités territoriales","https://www.collectivites-locales.gouv.fr/dotation-dequipement-des-territoires-ruraux-detr",,"M. Jérôme Buisson","Membre titulaire","2022-11-10"
"Commission départementale prévue à l'article L. 2334-37 du code général des collectivités territoriales","Article L. 2334-37 du code général des collectivités territoriales","https://www.collectivites-locales.gouv.fr/dotation-dequipement-des-territoires-ruraux-detr",,"M. Aurélien Taché","Membre titulaire","2024-12-06"
"Commission départementale prévue à l'article L. 2334-37 du code général des collectivités territoriales","Article L. 2334-37 du code général des collectivités territoriales","https://www.collectivites-locales.gouv.fr/dotation-dequipement-des-territoires-ruraux-detr",,"Mme Alma Dufour","Membre titulaire","2022-11-10"
"Commission départementale prévue à l'article L. 2334-37 du code général des collectivités territoriales","Article L. 2334-37 du code général des collectivités territoriales","https://www.collectivites-locales.gouv.fr/dotation-dequipement-des-territoires-ruraux-detr",,"M. Rémy Rebeyrotte","Membre titulaire","2018-01-10"
"Commission départementale prévue à l'article L. 2334-37 du code général des collectivités territoriales","Article L. 2334-37 du code général des collectivités territoriales","https://www.collectivites-locales.gouv.fr/dotation-dequipement-des-territoires-ruraux-detr",,"M. Stéphane Testé","Membre titulaire","2018-01-10"
"Commission départementale prévue à l'article L. 2334-37 du code général des collectivités territoriales","Article L. 2334-37 du code général des collectivités territoriales","https://www.collectivites-locales.gouv.fr/dotation-dequipement-des-territoires-ruraux-detr",,"M. Olivier Serva","Membre titulaire","2018-01-10"
"Commission départementale prévue à l'article L. 2334-37 du code général des collectivités territoriales","Article L. 2334-37 du code général des collectivités territoriales","https://www.collectivites-locales.gouv.fr/dotation-dequipement-des-territoires-ruraux-detr",,"Mme Caroline Fiat","Membre titulaire","2022-11-10"
"Commission départementale prévue à l'article L. 2334-37 du code général des collectivités territoriales","Article L. 2334-37 du code général des collectivités territoriales","https://www.collectivites-locales.gouv.fr/dotation-dequipement-des-territoires-ruraux-detr",,"Mme Géraldine Bannier","Membre titulaire","2022-11-10"
"Commission départementale prévue à l'article L. 2334-37 du code général des collectivités territoriales","Article L. 2334-37 du code général des collectivités territoriales","https://www.collectivites-locales.gouv.fr/dotation-dequipement-des-territoires-ruraux-detr",,"M. Hubert Brigand","Membre titulaire","2024-12-06"
"Commission départementale prévue à l'article L. 2334-37 du code général des collectivités territoriales","Article L. 2334-37 du code général des collectivités territoriales","https://www.collectivites-locales.gouv.fr/dotation-dequipement-des-territoires-ruraux-detr",,"M. Fabrice Le Vigoureux","Membre titulaire","2018-01-10"
"Commission départementale prévue à l'article L. 2334-37 du code général des collectivités territoriales","Article L. 2334-37 du code général des collectivités territoriales","https://www.collectivites-locales.gouv.fr/dotation-dequipement-des-territoires-ruraux-detr",,"Mme Sandra Marsaud","Membre titulaire","2024-12-06"
"Commission départementale prévue à l'article L. 2334-37 du code général des collectivités territoriales","Article L. 2334-37 du code général des collectivités territoriales","https://www.collectivites-locales.gouv.fr/dotation-dequipement-des-territoires-ruraux-detr",,"Mme Sandra Marsaud","Membre titulaire","2018-01-10"
"Commission départementale prévue à l'article L. 2334-37 du code général des collectivités territoriales","Article L. 2334-37 du code général des collectivités territoriales","https://www.collectivites-locales.gouv.fr/dotation-dequipement-des-territoires-ruraux-detr",,"Mme Laurence Heydel Grillere","Membre titulaire","2022-11-10"
"Commission départementale prévue à l'article L. 2334-37 du code général des collectivités territoriales","Article L. 2334-37 du code général des collectivités territoriales","https://www.collectivites-locales.gouv.fr/dotation-dequipement-des-territoires-ruraux-detr",,"M. Fabien Lainé","Membre titulaire","2022-11-10"
"Commission départementale prévue à l'article L. 2334-37 du code général des collectivités territoriales","Article L. 2334-37 du code général des collectivités territoriales","https://www.collectivites-locales.gouv.fr/dotation-dequipement-des-territoires-ruraux-detr",,"Mme Élise Leboucher","Membre titulaire","2024-12-06"
"Commission départementale prévue à l'article L. 2334-37 du code général des collectivités territoriales","Article L. 2334-37 du code général des collectivités territoriales","https://www.collectivites-locales.gouv.fr/dotation-dequipement-des-territoires-ruraux-detr",,"Mme Agnès Firmin Le Bodo","Membre titulaire","2024-12-06"
"Commission départementale prévue à l'article L. 2334-37 du code général des collectivités territoriales","Article L. 2334-37 du code général des collectivités territoriales","https://www.collectivites-locales.gouv.fr/dotation-dequipement-des-territoires-ruraux-detr",,"M. Éric Girardin","Membre titulaire","2018-01-10"
"Commission départementale prévue à l'article L. 2334-37 du code général des collectivités territoriales","Article L. 2334-37 du code général des collectivités territoriales","https://www.collectivites-locales.gouv.fr/dotation-dequipement-des-territoires-ruraux-detr",,"Mme Marie Pochon","Membre titulaire","2022-11-10"
"Commission départementale prévue à l'article L. 2334-37 du code général des collectivités territoriales","Article L. 2334-37 du code général des collectivités territoriales","https://www.collectivites-locales.gouv.fr/dotation-dequipement-des-territoires-ruraux-detr",,"M. Charles de Courson","Membre titulaire","2024-12-06"
"Commission départementale prévue à l'article L. 2334-37 du code général des collectivités territoriales","Article L. 2334-37 du code général des collectivités territoriales","https://www.collectivites-locales.gouv.fr/dotation-dequipement-des-territoires-ruraux-detr",,"M. Éric Alauzet","Membre titulaire","2022-11-10"
"Commission départementale prévue à l'article L. 2334-37 du code général des collectivités territoriales","Article L. 2334-37 du code général des collectivités territoriales","https://www.collectivites-locales.gouv.fr/dotation-dequipement-des-territoires-ruraux-detr",,"M. André Villiers","Membre titulaire","2018-01-10"
"Commission départementale prévue à l'article L. 2334-37 du code général des collectivités territoriales","Article L. 2334-37 du code général des collectivités territoriales","https://www.collectivites-locales.gouv.fr/dotation-dequipement-des-territoires-ruraux-detr",,"M. Jocelyn Dessigny","Membre titulaire","2024-12-06"
"Commission départementale prévue à l'article L. 2334-37 du code général des collectivités territoriales","Article L. 2334-37 du code général des collectivités territoriales","https://www.collectivites-locales.gouv.fr/dotation-dequipement-des-territoires-ruraux-detr",,"M. Emmanuel Lacresse","Membre titulaire","2024-05-06"
"Commission départementale prévue à l'article L. 2334-37 du code général des collectivités territoriales","Article L. 2334-37 du code général des collectivités territoriales","https://www.collectivites-locales.gouv.fr/dotation-dequipement-des-territoires-ruraux-detr",,"Mme Edwige Diaz","Membre titulaire","2024-12-06"
"Commission départementale prévue à l'article L. 2334-37 du code général des collectivités territoriales","Article L. 2334-37 du code général des collectivités territoriales","https://www.collectivites-locales.gouv.fr/dotation-dequipement-des-territoires-ruraux-detr",,"M. Nicolas Dragon","Membre titulaire","2022-11-10"
"Commission départementale prévue à l'article L. 2334-37 du code général des collectivités territoriales","Article L. 2334-37 du code général des collectivités territoriales","https://www.collectivites-locales.gouv.fr/dotation-dequipement-des-territoires-ruraux-detr",,"M. Elie Califer","Membre titulaire","2024-12-06"
"Commission départementale prévue à l'article L. 2334-37 du code général des collectivités territoriales","Article L. 2334-37 du code général des collectivités territoriales","https://www.collectivites-locales.gouv.fr/dotation-dequipement-des-territoires-ruraux-detr",,"Mme Béatrice Bellamy","Membre titulaire","2022-11-10"
"Commission départementale prévue à l'article L. 2334-37 du code général des collectivités territoriales","Article L. 2334-37 du code général des collectivités territoriales","https://www.collectivites-locales.gouv.fr/dotation-dequipement-des-territoires-ruraux-detr",,"Mme Zivka Park","Membre titulaire","2018-01-10"
"Commission départementale prévue à l'article L. 2334-37 du code général des collectivités territoriales","Article L. 2334-37 du code général des collectivités territoriales","https://www.collectivites-locales.gouv.fr/dotation-dequipement-des-territoires-ruraux-detr",,"M. Pierre-Alain Raphan","Membre titulaire","2018-01-10"
"Commission départementale prévue à l'article L. 2334-37 du code général des collectivités territoriales","Article L. 2334-37 du code général des collectivités territoriales","https://www.collectivites-locales.gouv.fr/dotation-dequipement-des-territoires-ruraux-detr",,"M. Vincent Seitlinger","Membre titulaire","2022-11-10"
"Commission départementale prévue à l'article L. 2334-37 du code général des collectivités territoriales","Article L. 2334-37 du code général des collectivités territoriales","https://www.collectivites-locales.gouv.fr/dotation-dequipement-des-territoires-ruraux-detr",,"Mme Laurence Maillart-Méhaignerie","Membre titulaire","2018-01-10"
"Commission départementale prévue à l'article L. 2334-37 du code général des collectivités territoriales","Article L. 2334-37 du code général des collectivités territoriales","https://www.collectivites-locales.gouv.fr/dotation-dequipement-des-territoires-ruraux-detr",,"M. Guy Bricout","Membre titulaire","2022-11-10"
"Commission départementale prévue à l'article L. 2334-37 du code général des collectivités territoriales","Article L. 2334-37 du code général des collectivités territoriales","https://www.collectivites-locales.gouv.fr/dotation-dequipement-des-territoires-ruraux-detr",,"Mme Murielle Lepvraud","Membre titulaire","2024-12-06"
"Commission départementale prévue à l'article L. 2334-37 du code général des collectivités territoriales","Article L. 2334-37 du code général des collectivités territoriales","https://www.collectivites-locales.gouv.fr/dotation-dequipement-des-territoires-ruraux-detr",,"M. Harold Huwart","Membre titulaire","2024-12-06"
"Commission départementale prévue à l'article L. 2334-37 du code général des collectivités territoriales","Article L. 2334-37 du code général des collectivités territoriales","https://www.collectivites-locales.gouv.fr/dotation-dequipement-des-territoires-ruraux-detr",,"M. Jean-Luc Warsmann","Membre titulaire","2022-11-10"
"Commission départementale prévue à l'article L. 2334-37 du code général des collectivités territoriales","Article L. 2334-37 du code général des collectivités territoriales","https://www.collectivites-locales.gouv.fr/dotation-dequipement-des-territoires-ruraux-detr",,"Mme Véronique Riotton","Membre titulaire","2020-01-13"
"Commission départementale prévue à l'article L. 2334-37 du code général des collectivités territoriales","Article L. 2334-37 du code général des collectivités territoriales","https://www.collectivites-locales.gouv.fr/dotation-dequipement-des-territoires-ruraux-detr",,"M. Jean-Philippe Ardouin","Membre titulaire","2018-01-10"
"Commission départementale prévue à l'article L. 2334-37 du code général des collectivités territoriales","Article L. 2334-37 du code général des collectivités territoriales","https://www.collectivites-locales.gouv.fr/dotation-dequipement-des-territoires-ruraux-detr",,"Mme Patricia Lemoine","Membre titulaire","2022-11-10"
"Commission départementale prévue à l'article L. 2334-37 du code général des collectivités territoriales","Article L. 2334-37 du code général des collectivités territoriales","https://www.collectivites-locales.gouv.fr/dotation-dequipement-des-territoires-ruraux-detr",,"Mme Virginie Duby-Muller","Membre titulaire","2024-12-06"
"Commission départementale prévue à l'article L. 2334-37 du code général des collectivités territoriales","Article L. 2334-37 du code général des collectivités territoriales","https://www.collectivites-locales.gouv.fr/dotation-dequipement-des-territoires-ruraux-detr",,"M. Franck Riester","Membre titulaire","2024-12-06"
"Commission départementale prévue à l'article L. 2334-37 du code général des collectivités territoriales","Article L. 2334-37 du code général des collectivités territoriales","https://www.collectivites-locales.gouv.fr/dotation-dequipement-des-territoires-ruraux-detr",,"Mme Géraldine Bannier","Membre titulaire","2018-01-10"
"Commission départementale prévue à l'article L. 2334-37 du code général des collectivités territoriales","Article L. 2334-37 du code général des collectivités territoriales","https://www.collectivites-locales.gouv.fr/dotation-dequipement-des-territoires-ruraux-detr",,"Mme Josette Manin","Membre titulaire","2018-01-10"
"Commission départementale prévue à l'article L. 2334-37 du code général des collectivités territoriales","Article L. 2334-37 du code général des collectivités territoriales","https://www.collectivites-locales.gouv.fr/dotation-dequipement-des-territoires-ruraux-detr",,"M. Stéphane Travert","Membre titulaire","2019-03-06"
"Commission départementale prévue à l'article L. 2334-37 du code général des collectivités territoriales","Article L. 2334-37 du code général des collectivités territoriales","https://www.collectivites-locales.gouv.fr/dotation-dequipement-des-territoires-ruraux-detr",,"M. Damien Girard","Membre titulaire","2024-12-06"
"Commission départementale prévue à l'article L. 2334-37 du code général des collectivités territoriales","Article L. 2334-37 du code général des collectivités territoriales","https://www.collectivites-locales.gouv.fr/dotation-dequipement-des-territoires-ruraux-detr",,"M. François Piquemal","Membre titulaire","2022-11-10"
"Commission départementale prévue à l'article L. 2334-37 du code général des collectivités territoriales","Article L. 2334-37 du code général des collectivités territoriales","https://www.collectivites-locales.gouv.fr/dotation-dequipement-des-territoires-ruraux-detr",,"M. Jean Terlier","Membre titulaire","2018-01-10"
"Commission départementale prévue à l'article L. 2334-37 du code général des collectivités territoriales","Article L. 2334-37 du code général des collectivités territoriales","https://www.collectivites-locales.gouv.fr/dotation-dequipement-des-territoires-ruraux-detr",,"M. Olivier Dussopt","Membre titulaire","2024-05-06"
"Commission départementale prévue à l'article L. 2334-37 du code général des collectivités territoriales","Article L. 2334-37 du code général des collectivités territoriales","https://www.collectivites-locales.gouv.fr/dotation-dequipement-des-territoires-ruraux-detr",,"Mme Michèle Crouzet","Membre titulaire","2018-01-10"
"Commission départementale prévue à l'article L. 2334-37 du code général des collectivités territoriales","Article L. 2334-37 du code général des collectivités territoriales","https://www.collectivites-locales.gouv.fr/dotation-dequipement-des-territoires-ruraux-detr",,"M. Julien Odoul","Membre titulaire","2024-12-06"
"Commission départementale prévue à l'article L. 2334-37 du code général des collectivités territoriales","Article L. 2334-37 du code général des collectivités territoriales","https://www.collectivites-locales.gouv.fr/dotation-dequipement-des-territoires-ruraux-detr",,"M. Lionel Vuibert","Membre titulaire","2022-11-10"
"Commission départementale prévue à l'article L. 2334-37 du code général des collectivités territoriales","Article L. 2334-37 du code général des collectivités territoriales","https://www.collectivites-locales.gouv.fr/dotation-dequipement-des-territoires-ruraux-detr",,"M. Didier Padey","Membre titulaire","2024-12-06"
"Commission départementale prévue à l'article L. 2334-37 du code général des collectivités territoriales","Article L. 2334-37 du code général des collectivités territoriales","https://www.collectivites-locales.gouv.fr/dotation-dequipement-des-territoires-ruraux-detr",,"M. Xavier Batut","Membre titulaire","2022-11-10"
"Commission départementale prévue à l'article L. 2334-37 du code général des collectivités territoriales","Article L. 2334-37 du code général des collectivités territoriales","https://www.collectivites-locales.gouv.fr/dotation-dequipement-des-territoires-ruraux-detr",,"M. Stéphane Delautrette","Membre titulaire","2022-11-10"
"Commission départementale prévue à l'article L. 2334-37 du code général des collectivités territoriales","Article L. 2334-37 du code général des collectivités territoriales","https://www.collectivites-locales.gouv.fr/dotation-dequipement-des-territoires-ruraux-detr",,"M. Guillaume Vuilletet","Membre titulaire","2018-01-10"
"Commission départementale prévue à l'article L. 2334-37 du code général des collectivités territoriales","Article L. 2334-37 du code général des collectivités territoriales","https://www.collectivites-locales.gouv.fr/dotation-dequipement-des-territoires-ruraux-detr",,"Mme Christine Pirès Beaune","Membre titulaire","2019-03-22"
"Commission départementale prévue à l'article L. 2334-37 du code général des collectivités territoriales","Article L. 2334-37 du code général des collectivités territoriales","https://www.collectivites-locales.gouv.fr/dotation-dequipement-des-territoires-ruraux-detr",,"Mme Muriel Ressiguier","Membre titulaire","2018-01-10"
"Commission départementale prévue à l'article L. 2334-37 du code général des collectivités territoriales","Article L. 2334-37 du code général des collectivités territoriales","https://www.collectivites-locales.gouv.fr/dotation-dequipement-des-territoires-ruraux-detr",,"Mme Géraldine Bannier","Membre titulaire","2024-12-06"
"Commission départementale prévue à l'article L. 2334-37 du code général des collectivités territoriales","Article L. 2334-37 du code général des collectivités territoriales","https://www.collectivites-locales.gouv.fr/dotation-dequipement-des-territoires-ruraux-detr",,"M. Daniel Labaronne","Membre titulaire","2018-01-10"
"Commission départementale prévue à l'article L. 2334-37 du code général des collectivités territoriales","Article L. 2334-37 du code général des collectivités territoriales","https://www.collectivites-locales.gouv.fr/dotation-dequipement-des-territoires-ruraux-detr",,"M. Victor Habert-Dassault","Membre titulaire","2022-11-10"
"Commission départementale prévue à l'article L. 2334-37 du code général des collectivités territoriales","Article L. 2334-37 du code général des collectivités territoriales","https://www.collectivites-locales.gouv.fr/dotation-dequipement-des-territoires-ruraux-detr",,"M. Christophe Blanchet","Membre titulaire","2019-12-20"
"Commission départementale prévue à l'article L. 2334-37 du code général des collectivités territoriales","Article L. 2334-37 du code général des collectivités territoriales","https://www.collectivites-locales.gouv.fr/dotation-dequipement-des-territoires-ruraux-detr",,"M. Didier Le Gac","Membre titulaire","2024-12-06"
"Commission départementale prévue à l'article L. 2334-37 du code général des collectivités territoriales","Article L. 2334-37 du code général des collectivités territoriales","https://www.collectivites-locales.gouv.fr/dotation-dequipement-des-territoires-ruraux-detr",,"Mme Valérie Bazin-Malgras","Membre titulaire","2022-11-10"
"Commission départementale prévue à l'article L. 2334-37 du code général des collectivités territoriales","Article L. 2334-37 du code général des collectivités territoriales","https://www.collectivites-locales.gouv.fr/dotation-dequipement-des-territoires-ruraux-detr",,"M. Bruno Questel","Membre titulaire","2019-03-15"
"Commission départementale prévue à l'article L. 2334-37 du code général des collectivités territoriales","Article L. 2334-37 du code général des collectivités territoriales","https://www.collectivites-locales.gouv.fr/dotation-dequipement-des-territoires-ruraux-detr",,"M. Bernard Reynès","Membre titulaire","2018-01-10"
"Commission départementale prévue à l'article L. 2334-37 du code général des collectivités territoriales","Article L. 2334-37 du code général des collectivités territoriales","https://www.collectivites-locales.gouv.fr/dotation-dequipement-des-territoires-ruraux-detr",,"Mme Jacqueline Dubois","Membre titulaire","2019-02-12"
"Commission départementale prévue à l'article L. 2334-37 du code général des collectivités territoriales","Article L. 2334-37 du code général des collectivités territoriales","https://www.collectivites-locales.gouv.fr/dotation-dequipement-des-territoires-ruraux-detr",,"M. Marc Le Fur","Membre titulaire","2018-01-10"
"Commission départementale prévue à l'article L. 2334-37 du code général des collectivités territoriales","Article L. 2334-37 du code général des collectivités territoriales","https://www.collectivites-locales.gouv.fr/dotation-dequipement-des-territoires-ruraux-detr",,"M. Aurélien Rousseau","Membre titulaire","2024-12-06"
"Commission départementale prévue à l'article L. 2334-37 du code général des collectivités territoriales","Article L. 2334-37 du code général des collectivités territoriales","https://www.collectivites-locales.gouv.fr/dotation-dequipement-des-territoires-ruraux-detr",,"M. Olivier Damaisin","Membre titulaire","2018-01-10"
"Commission départementale prévue à l'article L. 2334-37 du code général des collectivités territoriales","Article L. 2334-37 du code général des collectivités territoriales","https://www.collectivites-locales.gouv.fr/dotation-dequipement-des-territoires-ruraux-detr",,"M. Grégory Galbadon","Membre titulaire","2018-01-10"
"Commission départementale prévue à l'article L. 2334-37 du code général des collectivités territoriales","Article L. 2334-37 du code général des collectivités territoriales","https://www.collectivites-locales.gouv.fr/dotation-dequipement-des-territoires-ruraux-detr",,"M. Guillaume Garot","Membre titulaire","2024-12-06"
"Commission départementale prévue à l'article L. 2334-37 du code général des collectivités territoriales","Article L. 2334-37 du code général des collectivités territoriales","https://www.collectivites-locales.gouv.fr/dotation-dequipement-des-territoires-ruraux-detr",,"M. Yoann Gillet","Membre titulaire","2022-11-10"
"Commission départementale prévue à l'article L. 2334-37 du code général des collectivités territoriales","Article L. 2334-37 du code général des collectivités territoriales","https://www.collectivites-locales.gouv.fr/dotation-dequipement-des-territoires-ruraux-detr",,"Mme Stéphanie Do","Membre titulaire","2018-01-10"
"Commission départementale prévue à l'article L. 2334-37 du code général des collectivités territoriales","Article L. 2334-37 du code général des collectivités territoriales","https://www.collectivites-locales.gouv.fr/dotation-dequipement-des-territoires-ruraux-detr",,"Mme Stéphanie Galzy","Membre titulaire","2022-11-10"
"Commission départementale prévue à l'article L. 2334-37 du code général des collectivités territoriales","Article L. 2334-37 du code général des collectivités territoriales","https://www.collectivites-locales.gouv.fr/dotation-dequipement-des-territoires-ruraux-detr",,"M. Philippe Latombe","Membre titulaire","2018-01-10"
"Commission départementale prévue à l'article L. 2334-37 du code général des collectivités territoriales","Article L. 2334-37 du code général des collectivités territoriales","https://www.collectivites-locales.gouv.fr/dotation-dequipement-des-territoires-ruraux-detr",,"M. Hervé Saulignac","Membre titulaire","2024-12-06"
"Commission départementale prévue à l'article L. 2334-37 du code général des collectivités territoriales","Article L. 2334-37 du code général des collectivités territoriales","https://www.collectivites-locales.gouv.fr/dotation-dequipement-des-territoires-ruraux-detr",,"M. Julien Dive","Membre titulaire","2024-12-06"
"Commission départementale prévue à l'article L. 2334-37 du code général des collectivités territoriales","Article L. 2334-37 du code général des collectivités territoriales","https://www.collectivites-locales.gouv.fr/dotation-dequipement-des-territoires-ruraux-detr",,"Mme Lisa Belluco","Membre titulaire","2022-11-10"
"Commission départementale prévue à l'article L. 2334-37 du code général des collectivités territoriales","Article L. 2334-37 du code général des collectivités territoriales","https://www.collectivites-locales.gouv.fr/dotation-dequipement-des-territoires-ruraux-detr",,"M. Stéphane Viry","Membre titulaire","2022-11-10"
"Commission départementale prévue à l'article L. 2334-37 du code général des collectivités territoriales","Article L. 2334-37 du code général des collectivités territoriales","https://www.collectivites-locales.gouv.fr/dotation-dequipement-des-territoires-ruraux-detr",,"Mme Marietta Karamanli","Membre titulaire","2018-01-10"
"Commission départementale prévue à l'article L. 2334-37 du code général des collectivités territoriales","Article L. 2334-37 du code général des collectivités territoriales","https://www.collectivites-locales.gouv.fr/dotation-dequipement-des-territoires-ruraux-detr",,"M. Pascal Brindeau","Membre titulaire","2019-03-22"
"Commission départementale prévue à l'article L. 2334-37 du code général des collectivités territoriales","Article L. 2334-37 du code général des collectivités territoriales","https://www.collectivites-locales.gouv.fr/dotation-dequipement-des-territoires-ruraux-detr",,"M. Thibault Bazin","Membre titulaire","2024-12-06"
"Commission départementale prévue à l'article L. 2334-37 du code général des collectivités territoriales","Article L. 2334-37 du code général des collectivités territoriales","https://www.collectivites-locales.gouv.fr/dotation-dequipement-des-territoires-ruraux-detr",,"Mme Cendra Motin","Membre titulaire","2018-01-10"
"Commission départementale prévue à l'article L. 2334-37 du code général des collectivités territoriales","Article L. 2334-37 du code général des collectivités territoriales","https://www.collectivites-locales.gouv.fr/dotation-dequipement-des-territoires-ruraux-detr",,"Mme Brigitte Liso","Membre titulaire","2022-11-10"
"Commission départementale prévue à l'article L. 2334-37 du code général des collectivités territoriales","Article L. 2334-37 du code général des collectivités territoriales","https://www.collectivites-locales.gouv.fr/dotation-dequipement-des-territoires-ruraux-detr",,"Mme Delphine Lingemann","Membre titulaire","2022-11-10"
"Commission départementale prévue à l'article L. 2334-37 du code général des collectivités territoriales","Article L. 2334-37 du code général des collectivités territoriales","https://www.collectivites-locales.gouv.fr/dotation-dequipement-des-territoires-ruraux-detr",,"Mme Pascale Bordes","Membre titulaire","2024-12-06"
"Commission départementale prévue à l'article L. 2334-37 du code général des collectivités territoriales","Article L. 2334-37 du code général des collectivités territoriales","https://www.collectivites-locales.gouv.fr/dotation-dequipement-des-territoires-ruraux-detr",,"M. Julien Rancoule","Membre titulaire","2022-11-10"
"Commission départementale prévue à l'article L. 2334-37 du code général des collectivités territoriales","Article L. 2334-37 du code général des collectivités territoriales","https://www.collectivites-locales.gouv.fr/dotation-dequipement-des-territoires-ruraux-detr",,"M. Rémi Delatte","Membre titulaire","2018-01-10"
"Commission départementale prévue à l'article L. 2334-37 du code général des collectivités territoriales","Article L. 2334-37 du code général des collectivités territoriales","https://www.collectivites-locales.gouv.fr/dotation-dequipement-des-territoires-ruraux-detr",,"M. Thomas Cazenave","Membre titulaire","2024-12-06"
"Commission départementale prévue à l'article L. 2334-37 du code général des collectivités territoriales","Article L. 2334-37 du code général des collectivités territoriales","https://www.collectivites-locales.gouv.fr/dotation-dequipement-des-territoires-ruraux-detr",,"M. Guillaume Chiche","Membre titulaire","2018-01-10"
"Commission départementale prévue à l'article L. 2334-37 du code général des collectivités territoriales","Article L. 2334-37 du code général des collectivités territoriales","https://www.collectivites-locales.gouv.fr/dotation-dequipement-des-territoires-ruraux-detr",,"M. Bastien Marchive","Membre titulaire","2024-12-06"
"Commission départementale prévue à l'article L. 2334-37 du code général des collectivités territoriales","Article L. 2334-37 du code général des collectivités territoriales","https://www.collectivites-locales.gouv.fr/dotation-dequipement-des-territoires-ruraux-detr",,"M. Philippe Bonnecarrère","Membre titulaire","2024-12-06"
"Commission départementale prévue à l'article L. 2334-37 du code général des collectivités territoriales","Article L. 2334-37 du code général des collectivités territoriales","https://www.collectivites-locales.gouv.fr/dotation-dequipement-des-territoires-ruraux-detr",,"Mme Sophie Panonacle","Membre titulaire","2022-11-10"
"Commission départementale prévue à l'article L. 2334-37 du code général des collectivités territoriales","Article L. 2334-37 du code général des collectivités territoriales","https://www.collectivites-locales.gouv.fr/dotation-dequipement-des-territoires-ruraux-detr",,"M. Charles Fournier","Membre titulaire","2022-11-10"
"Commission départementale prévue à l'article L. 2334-37 du code général des collectivités territoriales","Article L. 2334-37 du code général des collectivités territoriales","https://www.collectivites-locales.gouv.fr/dotation-dequipement-des-territoires-ruraux-detr",,"Mme Florence Granjus","Membre titulaire","2018-01-10"
"Commission départementale prévue à l'article L. 2334-37 du code général des collectivités territoriales","Article L. 2334-37 du code général des collectivités territoriales","https://www.collectivites-locales.gouv.fr/dotation-dequipement-des-territoires-ruraux-detr",,"M. Lionel Tivoli","Membre titulaire","2024-12-06"
"Commission départementale prévue à l'article L. 2334-37 du code général des collectivités territoriales","Article L. 2334-37 du code général des collectivités territoriales","https://www.collectivites-locales.gouv.fr/dotation-dequipement-des-territoires-ruraux-detr",,"M. Jorys Bovet","Membre titulaire","2024-12-06"
"Commission départementale prévue à l'article L. 2334-37 du code général des collectivités territoriales","Article L. 2334-37 du code général des collectivités territoriales","https://www.collectivites-locales.gouv.fr/dotation-dequipement-des-territoires-ruraux-detr",,"Mme Émilie Chandler","Membre titulaire","2022-11-10"
"Commission départementale prévue à l'article L. 2334-37 du code général des collectivités territoriales","Article L. 2334-37 du code général des collectivités territoriales","https://www.collectivites-locales.gouv.fr/dotation-dequipement-des-territoires-ruraux-detr",,"Mme Typhanie Degois","Membre titulaire","2018-01-10"
"Commission départementale prévue à l'article L. 2334-37 du code général des collectivités territoriales","Article L. 2334-37 du code général des collectivités territoriales","https://www.collectivites-locales.gouv.fr/dotation-dequipement-des-territoires-ruraux-detr",,"Mme Christine Pirès Beaune","Membre titulaire","2024-12-06"
"Commission départementale prévue à l'article L. 2334-37 du code général des collectivités territoriales","Article L. 2334-37 du code général des collectivités territoriales","https://www.collectivites-locales.gouv.fr/dotation-dequipement-des-territoires-ruraux-detr",,"Mme Danielle Brulebois","Membre titulaire","2018-01-10"
"Commission départementale prévue à l'article L. 2334-37 du code général des collectivités territoriales","Article L. 2334-37 du code général des collectivités territoriales","https://www.collectivites-locales.gouv.fr/dotation-dequipement-des-territoires-ruraux-detr",,"Mme Caroline Parmentier","Membre titulaire","2022-11-10"
"Commission départementale prévue à l'article L. 2334-37 du code général des collectivités territoriales","Article L. 2334-37 du code général des collectivités territoriales","https://www.collectivites-locales.gouv.fr/dotation-dequipement-des-territoires-ruraux-detr",,"Mme Nathalie Bassire","Membre titulaire","2018-01-10"
"Commission départementale prévue à l'article L. 2334-37 du code général des collectivités territoriales","Article L. 2334-37 du code général des collectivités territoriales","https://www.collectivites-locales.gouv.fr/dotation-dequipement-des-territoires-ruraux-detr",,"M. Michel Guiniot","Membre titulaire","2022-11-10"
"Commission départementale prévue à l'article L. 2334-37 du code général des collectivités territoriales","Article L. 2334-37 du code général des collectivités territoriales","https://www.collectivites-locales.gouv.fr/dotation-dequipement-des-territoires-ruraux-detr",,"Mme Corinne Vignon","Membre titulaire","2024-12-06"
"Commission départementale prévue à l'article L. 2334-37 du code général des collectivités territoriales","Article L. 2334-37 du code général des collectivités territoriales","https://www.collectivites-locales.gouv.fr/dotation-dequipement-des-territoires-ruraux-detr",,"M. Jean-François Rousset","Membre titulaire","2022-11-10"
"Commission départementale prévue à l'article L. 2334-37 du code général des collectivités territoriales","Article L. 2334-37 du code général des collectivités territoriales","https://www.collectivites-locales.gouv.fr/dotation-dequipement-des-territoires-ruraux-detr",,"Mme Sabine Thillaye","Membre titulaire","2024-12-06"
"Commission départementale prévue à l'article L. 2334-37 du code général des collectivités territoriales","Article L. 2334-37 du code général des collectivités territoriales","https://www.collectivites-locales.gouv.fr/dotation-dequipement-des-territoires-ruraux-detr",,"Mme Anne-Laurence Petel","Membre titulaire","2022-11-10"
"Commission départementale prévue à l'article L. 2334-37 du code général des collectivités territoriales","Article L. 2334-37 du code général des collectivités territoriales","https://www.collectivites-locales.gouv.fr/dotation-dequipement-des-territoires-ruraux-detr",,"M. Laurent Furst","Membre titulaire","2018-01-10"
"Commission départementale prévue à l'article L. 2334-37 du code général des collectivités territoriales","Article L. 2334-37 du code général des collectivités territoriales","https://www.collectivites-locales.gouv.fr/dotation-dequipement-des-territoires-ruraux-detr",,"Mme Zahia Hamdane","Membre titulaire","2024-12-06"
"Commission départementale prévue à l'article L. 2334-37 du code général des collectivités territoriales","Article L. 2334-37 du code général des collectivités territoriales","https://www.collectivites-locales.gouv.fr/dotation-dequipement-des-territoires-ruraux-detr",,"M. Yannick Chenevard","Membre titulaire","2024-12-06"
"Commission départementale prévue à l'article L. 2334-37 du code général des collectivités territoriales","Article L. 2334-37 du code général des collectivités territoriales","https://www.collectivites-locales.gouv.fr/dotation-dequipement-des-territoires-ruraux-detr",,"Mme Nicole Le Peih","Membre titulaire","2018-01-10"
"Commission départementale prévue à l'article L. 2334-37 du code général des collectivités territoriales","Article L. 2334-37 du code général des collectivités territoriales","https://www.collectivites-locales.gouv.fr/dotation-dequipement-des-territoires-ruraux-detr",,"Mme Anne-Laure Cattelot","Membre titulaire","2018-01-10"
"Commission départementale prévue à l'article L. 2334-37 du code général des collectivités territoriales","Article L. 2334-37 du code général des collectivités territoriales","https://www.collectivites-locales.gouv.fr/dotation-dequipement-des-territoires-ruraux-detr",,"Mme Cyrielle Chatelain","Membre titulaire","2022-11-10"
"Commission départementale prévue à l'article L. 2334-37 du code général des collectivités territoriales","Article L. 2334-37 du code général des collectivités territoriales","https://www.collectivites-locales.gouv.fr/dotation-dequipement-des-territoires-ruraux-detr",,"M. François Ruffin","Membre titulaire","2018-01-10"
"Commission départementale prévue à l'article L. 2334-37 du code général des collectivités territoriales","Article L. 2334-37 du code général des collectivités territoriales","https://www.collectivites-locales.gouv.fr/dotation-dequipement-des-territoires-ruraux-detr",,"M. Jean-Claude Leclabart","Membre titulaire","2018-01-10"
"Commission départementale prévue à l'article L. 2334-37 du code général des collectivités territoriales","Article L. 2334-37 du code général des collectivités territoriales","https://www.collectivites-locales.gouv.fr/dotation-dequipement-des-territoires-ruraux-detr",,"M. Pierre Cordier","Membre titulaire","2024-12-06"
"Commission départementale prévue à l'article L. 2334-37 du code général des collectivités territoriales","Article L. 2334-37 du code général des collectivités territoriales","https://www.collectivites-locales.gouv.fr/dotation-dequipement-des-territoires-ruraux-detr",,"M. Charles de la Verpillière","Membre titulaire","2018-01-10"
"Commission départementale prévue à l'article L. 2334-37 du code général des collectivités territoriales","Article L. 2334-37 du code général des collectivités territoriales","https://www.collectivites-locales.gouv.fr/dotation-dequipement-des-territoires-ruraux-detr",,"M. Julien Odoul","Membre titulaire","2022-11-10"
"Commission départementale prévue à l'article L. 2334-37 du code général des collectivités territoriales","Article L. 2334-37 du code général des collectivités territoriales","https://www.collectivites-locales.gouv.fr/dotation-dequipement-des-territoires-ruraux-detr",,"M. William Martinet","Membre titulaire","2022-11-10"
"Commission départementale prévue à l'article L. 2334-37 du code général des collectivités territoriales","Article L. 2334-37 du code général des collectivités territoriales","https://www.collectivites-locales.gouv.fr/dotation-dequipement-des-territoires-ruraux-detr",,"M. Thierry Tesson","Membre titulaire","2024-12-06"
"Commission départementale prévue à l'article L. 2334-37 du code général des collectivités territoriales","Article L. 2334-37 du code général des collectivités territoriales","https://www.collectivites-locales.gouv.fr/dotation-dequipement-des-territoires-ruraux-detr",,"M. Lionel Causse","Membre titulaire","2018-01-10"
"Commission départementale prévue à l'article L. 2334-37 du code général des collectivités territoriales","Article L. 2334-37 du code général des collectivités territoriales","https://www.collectivites-locales.gouv.fr/dotation-dequipement-des-territoires-ruraux-detr",,"M. Jérôme Nury","Membre titulaire","2024-12-06"
"Commission départementale prévue à l'article L. 2334-37 du code général des collectivités territoriales","Article L. 2334-37 du code général des collectivités territoriales","https://www.collectivites-locales.gouv.fr/dotation-dequipement-des-territoires-ruraux-detr",,"Mme Frédérique Dumas","Membre titulaire","2018-01-10"
"Commission départementale prévue à l'article L. 2334-37 du code général des collectivités territoriales","Article L. 2334-37 du code général des collectivités territoriales","https://www.collectivites-locales.gouv.fr/dotation-dequipement-des-territoires-ruraux-detr",,"M. Jérôme Nury","Membre titulaire","2022-11-10"
"Commission départementale prévue à l'article L. 2334-37 du code général des collectivités territoriales","Article L. 2334-37 du code général des collectivités territoriales","https://www.collectivites-locales.gouv.fr/dotation-dequipement-des-territoires-ruraux-detr",,"Mme Christelle D'Intorni","Membre titulaire","2022-11-10"
"Commission départementale prévue à l'article L. 2334-37 du code général des collectivités territoriales","Article L. 2334-37 du code général des collectivités territoriales","https://www.collectivites-locales.gouv.fr/dotation-dequipement-des-territoires-ruraux-detr",,"M. Yannick Neuder","Membre titulaire","2024-12-06"
"Commission départementale prévue à l'article L. 2334-37 du code général des collectivités territoriales","Article L. 2334-37 du code général des collectivités territoriales","https://www.collectivites-locales.gouv.fr/dotation-dequipement-des-territoires-ruraux-detr",,"M. Bertrand Bouyx","Membre titulaire","2022-11-10"
"Commission départementale prévue à l'article L. 2334-37 du code général des collectivités territoriales","Article L. 2334-37 du code général des collectivités territoriales","https://www.collectivites-locales.gouv.fr/dotation-dequipement-des-territoires-ruraux-detr",,"Mme Fannette Charvier","Membre titulaire","2018-01-10"
"Commission départementale prévue à l'article L. 2334-37 du code général des collectivités territoriales","Article L. 2334-37 du code général des collectivités territoriales","https://www.collectivites-locales.gouv.fr/dotation-dequipement-des-territoires-ruraux-detr",,"Mme Catherine Rimbert","Membre titulaire","2024-12-06"
"Commission départementale prévue à l'article L. 2334-37 du code général des collectivités territoriales","Article L. 2334-37 du code général des collectivités territoriales","https://www.collectivites-locales.gouv.fr/dotation-dequipement-des-territoires-ruraux-detr",,"Mme Nicole Trisse","Membre titulaire","2018-01-10"
"Commission départementale prévue à l'article L. 2334-37 du code général des collectivités territoriales","Article L. 2334-37 du code général des collectivités territoriales","https://www.collectivites-locales.gouv.fr/dotation-dequipement-des-territoires-ruraux-detr",,"Mme Agnès Thill","Membre titulaire","2018-01-10"
"Commission départementale prévue à l'article L. 2334-37 du code général des collectivités territoriales","Article L. 2334-37 du code général des collectivités territoriales","https://www.collectivites-locales.gouv.fr/dotation-dequipement-des-territoires-ruraux-detr",,"Mme Véronique de Montchalin","Membre titulaire","2024-03-13"
"Commission départementale prévue à l'article L. 2334-37 du code général des collectivités territoriales","Article L. 2334-37 du code général des collectivités territoriales","https://www.collectivites-locales.gouv.fr/dotation-dequipement-des-territoires-ruraux-detr",,"Mme Danielle Brulebois","Membre titulaire","2022-11-10"
"Commission départementale prévue à l'article L. 2334-37 du code général des collectivités territoriales","Article L. 2334-37 du code général des collectivités territoriales","https://www.collectivites-locales.gouv.fr/dotation-dequipement-des-territoires-ruraux-detr",,"M. Nicolas Turquois","Membre titulaire","2018-01-10"
"Commission départementale prévue à l'article L. 2334-37 du code général des collectivités territoriales","Article L. 2334-37 du code général des collectivités territoriales","https://www.collectivites-locales.gouv.fr/dotation-dequipement-des-territoires-ruraux-detr",,"Mme Célia de Lavergne","Membre titulaire","2018-01-10"
"Commission départementale prévue à l'article L. 2334-37 du code général des collectivités territoriales","Article L. 2334-37 du code général des collectivités territoriales","https://www.collectivites-locales.gouv.fr/dotation-dequipement-des-territoires-ruraux-detr",,"Mme Andrée Taurinya","Membre titulaire","2022-11-10"
"Commission départementale prévue à l'article L. 2334-37 du code général des collectivités territoriales","Article L. 2334-37 du code général des collectivités territoriales","https://www.collectivites-locales.gouv.fr/dotation-dequipement-des-territoires-ruraux-detr",,"M. Fabien Gouttefarde","Membre titulaire","2021-02-05"
"Commission départementale prévue à l'article L. 2334-37 du code général des collectivités territoriales","Article L. 2334-37 du code général des collectivités territoriales","https://www.collectivites-locales.gouv.fr/dotation-dequipement-des-territoires-ruraux-detr",,"Mme Valérie Bazin-Malgras","Membre titulaire","2024-12-06"
"Commission départementale prévue à l'article L. 2334-37 du code général des collectivités territoriales","Article L. 2334-37 du code général des collectivités territoriales","https://www.collectivites-locales.gouv.fr/dotation-dequipement-des-territoires-ruraux-detr",,"M. Jean-François Rousset","Membre titulaire","2024-12-06"
"Commission départementale prévue à l'article L. 2334-37 du code général des collectivités territoriales","Article L. 2334-37 du code général des collectivités territoriales","https://www.collectivites-locales.gouv.fr/dotation-dequipement-des-territoires-ruraux-detr",,"M. Julien Dive","Membre titulaire","2018-01-10"
"Commission départementale prévue à l'article L. 2334-37 du code général des collectivités territoriales","Article L. 2334-37 du code général des collectivités territoriales","https://www.collectivites-locales.gouv.fr/dotation-dequipement-des-territoires-ruraux-detr",,"Mme Marie-Pierre Rixain","Membre titulaire","2022-11-10"
"Commission départementale prévue à l'article L. 2334-37 du code général des collectivités territoriales","Article L. 2334-37 du code général des collectivités territoriales","https://www.collectivites-locales.gouv.fr/dotation-dequipement-des-territoires-ruraux-detr",,"M. Christian Baptiste","Membre titulaire","2022-11-10"
"Commission départementale prévue à l'article L. 2334-37 du code général des collectivités territoriales","Article L. 2334-37 du code général des collectivités territoriales","https://www.collectivites-locales.gouv.fr/dotation-dequipement-des-territoires-ruraux-detr",,"M. Éric Woerth","Membre titulaire","2024-12-06"
"Commission départementale prévue à l'article L. 2334-37 du code général des collectivités territoriales","Article L. 2334-37 du code général des collectivités territoriales","https://www.collectivites-locales.gouv.fr/dotation-dequipement-des-territoires-ruraux-detr",,"Mme Caroline Parmentier","Membre titulaire","2024-12-06"
"Commission départementale prévue à l'article L. 2334-37 du code général des collectivités territoriales","Article L. 2334-37 du code général des collectivités territoriales","https://www.collectivites-locales.gouv.fr/dotation-dequipement-des-territoires-ruraux-detr",,"Mme Virginie Duby-Muller","Membre titulaire","2018-01-10"
"Commission départementale prévue à l'article L. 2334-37 du code général des collectivités territoriales","Article L. 2334-37 du code général des collectivités territoriales","https://www.collectivites-locales.gouv.fr/dotation-dequipement-des-territoires-ruraux-detr",,"Mme Michèle Martinez","Membre titulaire","2022-11-10"
"Commission départementale prévue à l'article L. 2334-37 du code général des collectivités territoriales","Article L. 2334-37 du code général des collectivités territoriales","https://www.collectivites-locales.gouv.fr/dotation-dequipement-des-territoires-ruraux-detr",,"M. Hubert Ott","Membre titulaire","2022-11-10"
"Commission départementale prévue à l'article L. 2334-37 du code général des collectivités territoriales","Article L. 2334-37 du code général des collectivités territoriales","https://www.collectivites-locales.gouv.fr/dotation-dequipement-des-territoires-ruraux-detr",,"Mme Christine Le Nabour","Membre titulaire","2024-12-06"
"Commission départementale prévue à l'article L. 2334-37 du code général des collectivités territoriales","Article L. 2334-37 du code général des collectivités territoriales","https://www.collectivites-locales.gouv.fr/dotation-dequipement-des-territoires-ruraux-detr",,"M. Loïc Kervran","Membre titulaire","2022-11-10"
"Commission départementale prévue à l'article L. 2334-37 du code général des collectivités territoriales","Article L. 2334-37 du code général des collectivités territoriales","https://www.collectivites-locales.gouv.fr/dotation-dequipement-des-territoires-ruraux-detr",,"M. Jean-Pierre Cubertafon","Membre titulaire","2018-01-10"
"Commission départementale prévue à l'article L. 2334-37 du code général des collectivités territoriales","Article L. 2334-37 du code général des collectivités territoriales","https://www.collectivites-locales.gouv.fr/dotation-dequipement-des-territoires-ruraux-detr",,"M. Lionel Causse","Membre titulaire","2024-12-06"
"Commission départementale prévue à l'article L. 2334-37 du code général des collectivités territoriales","Article L. 2334-37 du code général des collectivités territoriales","https://www.collectivites-locales.gouv.fr/dotation-dequipement-des-territoires-ruraux-detr",,"M. Stéphane Buchou","Membre titulaire","2024-12-06"
"Commission départementale prévue à l'article L. 2334-37 du code général des collectivités territoriales","Article L. 2334-37 du code général des collectivités territoriales","https://www.collectivites-locales.gouv.fr/dotation-dequipement-des-territoires-ruraux-detr",,"Mme Lisa Belluco","Membre titulaire","2024-12-06"
"Commission départementale prévue à l'article L. 2334-37 du code général des collectivités territoriales","Article L. 2334-37 du code général des collectivités territoriales","https://www.collectivites-locales.gouv.fr/dotation-dequipement-des-territoires-ruraux-detr",,"M. Joaquim Pueyo","Membre titulaire","2018-01-10"
"Commission départementale prévue à l'article L. 2334-37 du code général des collectivités territoriales","Article L. 2334-37 du code général des collectivités territoriales","https://www.collectivites-locales.gouv.fr/dotation-dequipement-des-territoires-ruraux-detr",,"M. Frédéric Mathieu","Membre titulaire","2022-11-10"
"Commission départementale prévue à l'article L. 2334-37 du code général des collectivités territoriales","Article L. 2334-37 du code général des collectivités territoriales","https://www.collectivites-locales.gouv.fr/dotation-dequipement-des-territoires-ruraux-detr",,"M. Fabien Gouttefarde","Membre titulaire","2018-01-10"
"Commission départementale prévue à l'article L. 2334-37 du code général des collectivités territoriales","Article L. 2334-37 du code général des collectivités territoriales","https://www.collectivites-locales.gouv.fr/dotation-dequipement-des-territoires-ruraux-detr",,"M. Andy Kerbrat","Membre titulaire","2022-11-10"
"Commission départementale prévue à l'article L. 2334-37 du code général des collectivités territoriales","Article L. 2334-37 du code général des collectivités territoriales","https://www.collectivites-locales.gouv.fr/dotation-dequipement-des-territoires-ruraux-detr",,"Mme Caroline Abadie","Membre titulaire","2020-02-06"
"Commission départementale prévue à l'article L. 2334-37 du code général des collectivités territoriales","Article L. 2334-37 du code général des collectivités territoriales","https://www.collectivites-locales.gouv.fr/dotation-dequipement-des-territoires-ruraux-detr",,"M. Frédéric Falcon","Membre titulaire","2024-12-06"
"Commission départementale prévue à l'article L. 2334-37 du code général des collectivités territoriales","Article L. 2334-37 du code général des collectivités territoriales","https://www.collectivites-locales.gouv.fr/dotation-dequipement-des-territoires-ruraux-detr",,"M. Hendrik Davi","Membre titulaire","2024-12-06"
"Commission départementale prévue à l'article L. 2334-37 du code général des collectivités territoriales","Article L. 2334-37 du code général des collectivités territoriales","https://www.collectivites-locales.gouv.fr/dotation-dequipement-des-territoires-ruraux-detr",,"Mme Laurence Vanceunebrock","Membre titulaire","2018-01-10"
"Commission départementale prévue à l'article L. 2334-37 du code général des collectivités territoriales","Article L. 2334-37 du code général des collectivités territoriales","https://www.collectivites-locales.gouv.fr/dotation-dequipement-des-territoires-ruraux-detr",,"M. Hervé Saulignac","Membre titulaire","2018-01-10"
"Commission départementale prévue à l'article L. 2334-37 du code général des collectivités territoriales","Article L. 2334-37 du code général des collectivités territoriales","https://www.collectivites-locales.gouv.fr/dotation-dequipement-des-territoires-ruraux-detr",,"M. Jean-Marie Fiévet","Membre titulaire","2022-11-10"
"Commission départementale prévue à l'article L. 2334-37 du code général des collectivités territoriales","Article L. 2334-37 du code général des collectivités territoriales","https://www.collectivites-locales.gouv.fr/dotation-dequipement-des-territoires-ruraux-detr",,"Mme Brigitte Klinkert","Membre titulaire","2024-12-06"
"Commission départementale prévue à l'article L. 2334-37 du code général des collectivités territoriales","Article L. 2334-37 du code général des collectivités territoriales","https://www.collectivites-locales.gouv.fr/dotation-dequipement-des-territoires-ruraux-detr",,"Mme Sophie Beaudouin-Hubiere","Membre titulaire","2018-01-10"
"Commission départementale prévue à l'article L. 2334-37 du code général des collectivités territoriales","Article L. 2334-37 du code général des collectivités territoriales","https://www.collectivites-locales.gouv.fr/dotation-dequipement-des-territoires-ruraux-detr",,"Mme Françoise Buffet","Membre titulaire","2022-11-10"
"Commission départementale prévue à l'article L. 2334-37 du code général des collectivités territoriales","Article L. 2334-37 du code général des collectivités territoriales","https://www.collectivites-locales.gouv.fr/dotation-dequipement-des-territoires-ruraux-detr",,"M. Marc Fesneau","Membre titulaire","2018-01-10"
"Commission départementale prévue à l'article L. 2334-37 du code général des collectivités territoriales","Article L. 2334-37 du code général des collectivités territoriales","https://www.collectivites-locales.gouv.fr/dotation-dequipement-des-territoires-ruraux-detr",,"Mme Blandine Brocard","Membre titulaire","2022-11-10"
"Commission départementale prévue à l'article L. 2334-37 du code général des collectivités territoriales","Article L. 2334-37 du code général des collectivités territoriales","https://www.collectivites-locales.gouv.fr/dotation-dequipement-des-territoires-ruraux-detr",,"Mme Danielle Brulebois","Membre titulaire","2024-12-06"
"Commission départementale prévue à l'article L. 2334-37 du code général des collectivités territoriales","Article L. 2334-37 du code général des collectivités territoriales","https://www.collectivites-locales.gouv.fr/dotation-dequipement-des-territoires-ruraux-detr",,"M. Didier Paris","Membre titulaire","2022-11-10"
"Commission départementale prévue à l'article L. 2334-37 du code général des collectivités territoriales","Article L. 2334-37 du code général des collectivités territoriales","https://www.collectivites-locales.gouv.fr/dotation-dequipement-des-territoires-ruraux-detr",,"M. Marc Fesneau","Membre titulaire","2024-12-06"
"Commission départementale prévue à l'article L. 2334-37 du code général des collectivités territoriales","Article L. 2334-37 du code général des collectivités territoriales","https://www.collectivites-locales.gouv.fr/dotation-dequipement-des-territoires-ruraux-detr",,"Mme Anne-Laure Babault","Membre titulaire","2022-11-10"
"Commission départementale prévue à l'article L. 2334-37 du code général des collectivités territoriales","Article L. 2334-37 du code général des collectivités territoriales","https://www.collectivites-locales.gouv.fr/dotation-dequipement-des-territoires-ruraux-detr",,"Mme Claire Lejeune","Membre titulaire","2024-12-06"
"Commission départementale prévue à l'article L. 2334-37 du code général des collectivités territoriales","Article L. 2334-37 du code général des collectivités territoriales","https://www.collectivites-locales.gouv.fr/dotation-dequipement-des-territoires-ruraux-detr",,"M. Stéphane Delautrette","Membre titulaire","2024-12-06"
"Commission départementale prévue à l'article L. 2334-37 du code général des collectivités territoriales","Article L. 2334-37 du code général des collectivités territoriales","https://www.collectivites-locales.gouv.fr/dotation-dequipement-des-territoires-ruraux-detr",,"Mme Brigitte Bourguignon","Membre titulaire","2018-01-10"
"Commission départementale prévue à l'article L. 2334-37 du code général des collectivités territoriales","Article L. 2334-37 du code général des collectivités territoriales","https://www.collectivites-locales.gouv.fr/dotation-dequipement-des-territoires-ruraux-detr",,"M. Vincent Bru","Membre titulaire","2018-01-10"
"Commission départementale prévue à l'article L. 2334-37 du code général des collectivités territoriales","Article L. 2334-37 du code général des collectivités territoriales","https://www.collectivites-locales.gouv.fr/dotation-dequipement-des-territoires-ruraux-detr",,"M. Guillaume Kasbarian","Membre titulaire","2018-01-10"
"Commission départementale prévue à l'article L. 2334-37 du code général des collectivités territoriales","Article L. 2334-37 du code général des collectivités territoriales","https://www.collectivites-locales.gouv.fr/dotation-dequipement-des-territoires-ruraux-detr",,"M. Roger Chudeau","Membre titulaire","2022-11-10"
"Commission départementale prévue à l'article L. 2334-37 du code général des collectivités territoriales","Article L. 2334-37 du code général des collectivités territoriales","https://www.collectivites-locales.gouv.fr/dotation-dequipement-des-territoires-ruraux-detr",,"Mme Anne-Laure Blin","Membre titulaire","2021-01-12"
"Commission départementale prévue à l'article L. 2334-37 du code général des collectivités territoriales","Article L. 2334-37 du code général des collectivités territoriales","https://www.collectivites-locales.gouv.fr/dotation-dequipement-des-territoires-ruraux-detr",,"M. Jean-Louis Thiériot","Membre titulaire","2020-11-05"
"Commission départementale prévue à l'article L. 2334-37 du code général des collectivités territoriales","Article L. 2334-37 du code général des collectivités territoriales","https://www.collectivites-locales.gouv.fr/dotation-dequipement-des-territoires-ruraux-detr",,"M. Christophe Plassard","Membre titulaire","2024-12-06"
"Commission départementale prévue à l'article L. 2334-37 du code général des collectivités territoriales","Article L. 2334-37 du code général des collectivités territoriales","https://www.collectivites-locales.gouv.fr/dotation-dequipement-des-territoires-ruraux-detr",,"Mme Mireille Robert","Membre titulaire","2018-01-10"
"Commission départementale prévue à l'article L. 2334-37 du code général des collectivités territoriales","Article L. 2334-37 du code général des collectivités territoriales","https://www.collectivites-locales.gouv.fr/dotation-dequipement-des-territoires-ruraux-detr",,"Mme Bérengère Poletti","Membre titulaire","2018-01-10"
"Commission départementale prévue à l'article L. 2334-37 du code général des collectivités territoriales","Article L. 2334-37 du code général des collectivités territoriales","https://www.collectivites-locales.gouv.fr/dotation-dequipement-des-territoires-ruraux-detr",,"M. Emmanuel Maquet","Membre titulaire","2022-11-10"
"Commission départementale prévue à l'article L. 2334-37 du code général des collectivités territoriales","Article L. 2334-37 du code général des collectivités territoriales","https://www.collectivites-locales.gouv.fr/dotation-dequipement-des-territoires-ruraux-detr",,"Mme Karen Erodi","Membre titulaire","2022-11-10"
"Commission départementale prévue à l'article L. 2334-37 du code général des collectivités territoriales","Article L. 2334-37 du code général des collectivités territoriales","https://www.collectivites-locales.gouv.fr/dotation-dequipement-des-territoires-ruraux-detr",,"Mme Sophie Blanc","Membre titulaire","2024-12-06"
"Commission départementale prévue à l'article L. 2334-37 du code général des collectivités territoriales","Article L. 2334-37 du code général des collectivités territoriales","https://www.collectivites-locales.gouv.fr/dotation-dequipement-des-territoires-ruraux-detr",,"M. Bruno Fuchs","Membre titulaire","2018-01-10"
"Commission départementale prévue à l'article L. 2334-37 du code général des collectivités territoriales","Article L. 2334-37 du code général des collectivités territoriales","https://www.collectivites-locales.gouv.fr/dotation-dequipement-des-territoires-ruraux-detr",,"Mme Josy Poueyto","Membre titulaire","2024-12-06"
"Commission départementale prévue à l'article L. 2334-37 du code général des collectivités territoriales","Article L. 2334-37 du code général des collectivités territoriales","https://www.collectivites-locales.gouv.fr/dotation-dequipement-des-territoires-ruraux-detr",,"M. Régis Juanico","Membre titulaire","2018-01-10"
"Commission départementale prévue à l'article L. 2334-37 du code général des collectivités territoriales","Article L. 2334-37 du code général des collectivités territoriales","https://www.collectivites-locales.gouv.fr/dotation-dequipement-des-territoires-ruraux-detr",,"Mme Josiane Corneloup","Membre titulaire","2022-11-10"
"Commission départementale prévue à l'article L. 2334-37 du code général des collectivités territoriales","Article L. 2334-37 du code général des collectivités territoriales","https://www.collectivites-locales.gouv.fr/dotation-dequipement-des-territoires-ruraux-detr",,"Mme Murielle Lepvraud","Membre titulaire","2022-11-10"
"Commission départementale prévue à l'article L. 2334-37 du code général des collectivités territoriales","Article L. 2334-37 du code général des collectivités territoriales","https://www.collectivites-locales.gouv.fr/dotation-dequipement-des-territoires-ruraux-detr",,"Mme Andrée Taurinya","Membre titulaire","2024-12-06"
"Commission départementale prévue à l'article L. 2334-37 du code général des collectivités territoriales","Article L. 2334-37 du code général des collectivités territoriales","https://www.collectivites-locales.gouv.fr/dotation-dequipement-des-territoires-ruraux-detr",,"M. Nicolas Sansu","Membre titulaire","2022-11-10"
"Commission départementale prévue à l'article L. 2334-37 du code général des collectivités territoriales","Article L. 2334-37 du code général des collectivités territoriales","https://www.collectivites-locales.gouv.fr/dotation-dequipement-des-territoires-ruraux-detr",,"M. Stéphane Viry","Membre titulaire","2024-12-06"
"Commission départementale prévue à l'article L. 2334-37 du code général des collectivités territoriales","Article L. 2334-37 du code général des collectivités territoriales","https://www.collectivites-locales.gouv.fr/dotation-dequipement-des-territoires-ruraux-detr",,"M. André Chassaigne","Membre titulaire","2018-01-10"
"Commission départementale prévue à l'article L. 2334-37 du code général des collectivités territoriales","Article L. 2334-37 du code général des collectivités territoriales","https://www.collectivites-locales.gouv.fr/dotation-dequipement-des-territoires-ruraux-detr",,"M. Sébastien Cazenove","Membre titulaire","2018-01-10"
"Commission départementale prévue à l'article L. 2334-37 du code général des collectivités territoriales","Article L. 2334-37 du code général des collectivités territoriales","https://www.collectivites-locales.gouv.fr/dotation-dequipement-des-territoires-ruraux-detr",,"M. Didier Le Gac","Membre titulaire","2018-01-10"
"Commission départementale prévue à l'article L. 2334-37 du code général des collectivités territoriales","Article L. 2334-37 du code général des collectivités territoriales","https://www.collectivites-locales.gouv.fr/dotation-dequipement-des-territoires-ruraux-detr",,"M. Philippe Bolo","Membre titulaire","2022-11-10"
"Commission départementale prévue à l'article L. 2334-37 du code général des collectivités territoriales","Article L. 2334-37 du code général des collectivités territoriales","https://www.collectivites-locales.gouv.fr/dotation-dequipement-des-territoires-ruraux-detr",,"M. Philippe Berta","Membre titulaire","2018-01-10"
"Commission départementale prévue à l'article L. 2334-37 du code général des collectivités territoriales","Article L. 2334-37 du code général des collectivités territoriales","https://www.collectivites-locales.gouv.fr/dotation-dequipement-des-territoires-ruraux-detr",,"M. Hervé Pellois","Membre titulaire","2020-09-11"
"Commission départementale prévue à l'article L. 2334-37 du code général des collectivités territoriales","Article L. 2334-37 du code général des collectivités territoriales","https://www.collectivites-locales.gouv.fr/dotation-dequipement-des-territoires-ruraux-detr",,"Mme Sophie Errante","Membre titulaire","2022-11-10"
"Commission départementale prévue à l'article L. 2334-37 du code général des collectivités territoriales","Article L. 2334-37 du code général des collectivités territoriales","https://www.collectivites-locales.gouv.fr/dotation-dequipement-des-territoires-ruraux-detr",,"M. Nicolas Sansu","Membre titulaire","2024-12-06"
"Commission départementale prévue à l'article L. 2334-37 du code général des collectivités territoriales","Article L. 2334-37 du code général des collectivités territoriales","https://www.collectivites-locales.gouv.fr/dotation-dequipement-des-territoires-ruraux-detr",,"Mme Dominique Voynet","Membre titulaire","2024-12-06"
"Commission départementale prévue à l'article L. 2334-37 du code général des collectivités territoriales","Article L. 2334-37 du code général des collectivités territoriales","https://www.collectivites-locales.gouv.fr/dotation-dequipement-des-territoires-ruraux-detr",,"M. Grégory Besson-Moreau","Membre titulaire","2018-01-10"
"Commission départementale prévue à l'article L. 2334-37 du code général des collectivités territoriales","Article L. 2334-37 du code général des collectivités territoriales","https://www.collectivites-locales.gouv.fr/dotation-dequipement-des-territoires-ruraux-detr",,"M. Marcellin Nadeau","Membre titulaire","2022-11-10"
"Commission départementale prévue à l'article L. 2334-37 du code général des collectivités territoriales","Article L. 2334-37 du code général des collectivités territoriales","https://www.collectivites-locales.gouv.fr/dotation-dequipement-des-territoires-ruraux-detr",,"M. Yannick Chenevard","Membre titulaire","2022-11-10"
"Commission départementale prévue à l'article L. 2334-37 du code général des collectivités territoriales","Article L. 2334-37 du code général des collectivités territoriales","https://www.collectivites-locales.gouv.fr/dotation-dequipement-des-territoires-ruraux-detr",,"M. Thierry Sother","Membre titulaire","2024-12-06"
"Commission départementale prévue à l'article L. 2334-37 du code général des collectivités territoriales","Article L. 2334-37 du code général des collectivités territoriales","https://www.collectivites-locales.gouv.fr/dotation-dequipement-des-territoires-ruraux-detr",,"Mme Laure Miller","Membre titulaire","2023-03-28"
"Commission départementale prévue à l'article L. 2334-37 du code général des collectivités territoriales","Article L. 2334-37 du code général des collectivités territoriales","https://www.collectivites-locales.gouv.fr/dotation-dequipement-des-territoires-ruraux-detr",,"Mme Blandine Brocard","Membre titulaire","2024-12-06"
"Commission départementale prévue à l'article L. 2334-37 du code général des collectivités territoriales","Article L. 2334-37 du code général des collectivités territoriales","https://www.collectivites-locales.gouv.fr/dotation-dequipement-des-territoires-ruraux-detr",,"M. Yves Daniel","Membre titulaire","2018-01-10"
"Commission départementale prévue à l'article L. 2334-37 du code général des collectivités territoriales","Article L. 2334-37 du code général des collectivités territoriales","https://www.collectivites-locales.gouv.fr/dotation-dequipement-des-territoires-ruraux-detr",,"Mme Julie Delpech","Membre titulaire","2022-11-10"
"Commission départementale prévue à l'article L. 2334-37 du code général des collectivités territoriales","Article L. 2334-37 du code général des collectivités territoriales","https://www.collectivites-locales.gouv.fr/dotation-dequipement-des-territoires-ruraux-detr",,"Mme Sandrine Josso","Membre titulaire","2024-12-06"
"Commission départementale prévue à l'article L. 2334-37 du code général des collectivités territoriales","Article L. 2334-37 du code général des collectivités territoriales","https://www.collectivites-locales.gouv.fr/dotation-dequipement-des-territoires-ruraux-detr",,"Mme Mireille Clapot","Membre titulaire","2022-11-10"
"Commission départementale prévue à l'article L. 2334-37 du code général des collectivités territoriales","Article L. 2334-37 du code général des collectivités territoriales","https://www.collectivites-locales.gouv.fr/dotation-dequipement-des-territoires-ruraux-detr",,"M. Michel Lauzzana","Membre titulaire","2024-12-06"
"Commission départementale prévue à l'article L. 2334-37 du code général des collectivités territoriales","Article L. 2334-37 du code général des collectivités territoriales","https://www.collectivites-locales.gouv.fr/dotation-dequipement-des-territoires-ruraux-detr",,"M. Vincent Rolland","Membre titulaire","2018-01-10"
"Commission départementale prévue à l'article L. 2334-37 du code général des collectivités territoriales","Article L. 2334-37 du code général des collectivités territoriales","https://www.collectivites-locales.gouv.fr/dotation-dequipement-des-territoires-ruraux-detr",,"Mme Sophie-Laurence Roy","Membre titulaire","2024-12-06"
"Commission départementale prévue à l'article L. 2334-37 du code général des collectivités territoriales","Article L. 2334-37 du code général des collectivités territoriales","https://www.collectivites-locales.gouv.fr/dotation-dequipement-des-territoires-ruraux-detr",,"Mme Béatrice Bellay","Membre titulaire","2024-12-06"
"Commission départementale prévue à l'article L. 2334-37 du code général des collectivités territoriales","Article L. 2334-37 du code général des collectivités territoriales","https://www.collectivites-locales.gouv.fr/dotation-dequipement-des-territoires-ruraux-detr",,"Mme Anne Brugnera","Membre titulaire","2018-01-10"
"Commission départementale prévue à l'article L. 2334-37 du code général des collectivités territoriales","Article L. 2334-37 du code général des collectivités territoriales","https://www.collectivites-locales.gouv.fr/dotation-dequipement-des-territoires-ruraux-detr",,"Mme Annie Genevard","Membre titulaire","2018-01-10"
"Commission départementale prévue à l'article L. 2334-37 du code général des collectivités territoriales","Article L. 2334-37 du code général des collectivités territoriales","https://www.collectivites-locales.gouv.fr/dotation-dequipement-des-territoires-ruraux-detr",,"Mme Anna Pic","Membre titulaire","2022-11-10"
"Commission départementale prévue à l'article L. 2334-37 du code général des collectivités territoriales","Article L. 2334-37 du code général des collectivités territoriales","https://www.collectivites-locales.gouv.fr/dotation-dequipement-des-territoires-ruraux-detr",,"M. Jean-François Portarrieu","Membre titulaire","2018-01-10"
"Commission départementale prévue à l'article L. 2334-37 du code général des collectivités territoriales","Article L. 2334-37 du code général des collectivités territoriales","https://www.collectivites-locales.gouv.fr/dotation-dequipement-des-territoires-ruraux-detr",,"Mme Mathilde Paris","Membre titulaire","2022-11-10"
"Commission départementale prévue à l'article L. 2334-37 du code général des collectivités territoriales","Article L. 2334-37 du code général des collectivités territoriales","https://www.collectivites-locales.gouv.fr/dotation-dequipement-des-territoires-ruraux-detr",,"M. Sébastien Peytavie","Membre titulaire","2024-12-06"
"Commission départementale prévue à l'article L. 2334-37 du code général des collectivités territoriales","Article L. 2334-37 du code général des collectivités territoriales","https://www.collectivites-locales.gouv.fr/dotation-dequipement-des-territoires-ruraux-detr",,"Mme Lisette Pollet","Membre titulaire","2024-12-06"
"Commission départementale prévue à l'article L. 2334-37 du code général des collectivités territoriales","Article L. 2334-37 du code général des collectivités territoriales","https://www.collectivites-locales.gouv.fr/dotation-dequipement-des-territoires-ruraux-detr",,"M. Loïc Dombreval","Membre titulaire","2018-01-10"
"Commission départementale prévue à l'article L. 2334-37 du code général des collectivités territoriales","Article L. 2334-37 du code général des collectivités territoriales","https://www.collectivites-locales.gouv.fr/dotation-dequipement-des-territoires-ruraux-detr",,"Mme Laurence Dumont","Membre titulaire","2018-01-10"
"Commission départementale prévue à l'article L. 2334-37 du code général des collectivités territoriales","Article L. 2334-37 du code général des collectivités territoriales","https://www.collectivites-locales.gouv.fr/dotation-dequipement-des-territoires-ruraux-detr",,"Mme Julie Lechanteux","Membre titulaire","2022-11-10"
"Commission départementale prévue à l'article L. 2334-37 du code général des collectivités territoriales","Article L. 2334-37 du code général des collectivités territoriales","https://www.collectivites-locales.gouv.fr/dotation-dequipement-des-territoires-ruraux-detr",,"Mme Josiane Corneloup","Membre titulaire","2024-12-06"
"Commission départementale prévue à l'article L. 2334-37 du code général des collectivités territoriales","Article L. 2334-37 du code général des collectivités territoriales","https://www.collectivites-locales.gouv.fr/dotation-dequipement-des-territoires-ruraux-detr",,"Mme Sandrine Josso","Membre titulaire","2018-01-10"
"Commission départementale prévue à l'article L. 2334-37 du code général des collectivités territoriales","Article L. 2334-37 du code général des collectivités territoriales","https://www.collectivites-locales.gouv.fr/dotation-dequipement-des-territoires-ruraux-detr",,"M. Xavier Roseren","Membre titulaire","2022-11-10"
"Commission départementale prévue à l'article L. 2334-37 du code général des collectivités territoriales","Article L. 2334-37 du code général des collectivités territoriales","https://www.collectivites-locales.gouv.fr/dotation-dequipement-des-territoires-ruraux-detr",,"M. Jean-Charles Taugourdeau","Membre titulaire","2018-01-10"
"Commission départementale prévue à l'article L. 2334-37 du code général des collectivités territoriales","Article L. 2334-37 du code général des collectivités territoriales","https://www.collectivites-locales.gouv.fr/dotation-dequipement-des-territoires-ruraux-detr",,"Mme Constance de Pélichy","Membre titulaire","2024-12-06"
"Commission départementale prévue à l'article L. 2334-37 du code général des collectivités territoriales","Article L. 2334-37 du code général des collectivités territoriales","https://www.collectivites-locales.gouv.fr/dotation-dequipement-des-territoires-ruraux-detr",,"M. Guillaume Kasbarian","Membre titulaire","2022-11-10"
"Commission départementale prévue à l'article L. 2334-37 du code général des collectivités territoriales","Article L. 2334-37 du code général des collectivités territoriales","https://www.collectivites-locales.gouv.fr/dotation-dequipement-des-territoires-ruraux-detr",,"M. François Gernigon","Membre titulaire","2024-12-06"
"Commission départementale prévue à l'article L. 2334-37 du code général des collectivités territoriales","Article L. 2334-37 du code général des collectivités territoriales","https://www.collectivites-locales.gouv.fr/dotation-dequipement-des-territoires-ruraux-detr",,"Mme Christine Loir","Membre titulaire","2022-11-10"
"Commission départementale prévue à l'article L. 2334-37 du code général des collectivités territoriales","Article L. 2334-37 du code général des collectivités territoriales","https://www.collectivites-locales.gouv.fr/dotation-dequipement-des-territoires-ruraux-detr",,"M. Christophe Naegelen","Membre titulaire","2018-01-10"
"Commission départementale prévue à l'article L. 2334-37 du code général des collectivités territoriales","Article L. 2334-37 du code général des collectivités territoriales","https://www.collectivites-locales.gouv.fr/dotation-dequipement-des-territoires-ruraux-detr",,"M. Jordan Guitton","Membre titulaire","2024-12-06"
"Commission départementale prévue à l'article L. 2334-37 du code général des collectivités territoriales","Article L. 2334-37 du code général des collectivités territoriales","https://www.collectivites-locales.gouv.fr/dotation-dequipement-des-territoires-ruraux-detr",,"M. Nicolas Ray","Membre titulaire","2022-11-10"
"Commission départementale prévue à l'article L. 2334-37 du code général des collectivités territoriales","Article L. 2334-37 du code général des collectivités territoriales","https://www.collectivites-locales.gouv.fr/dotation-dequipement-des-territoires-ruraux-detr",,"Mme Naïma Moutchou","Membre titulaire","2024-12-06"
"Commission départementale prévue à l'article L. 2334-37 du code général des collectivités territoriales","Article L. 2334-37 du code général des collectivités territoriales","https://www.collectivites-locales.gouv.fr/dotation-dequipement-des-territoires-ruraux-detr",,"M. Jean-Hugues Ratenon","Membre titulaire","2024-12-06"
"Commission départementale prévue à l'article L. 2334-37 du code général des collectivités territoriales","Article L. 2334-37 du code général des collectivités territoriales","https://www.collectivites-locales.gouv.fr/dotation-dequipement-des-territoires-ruraux-detr",,"M. Vincent Rolland","Membre titulaire","2022-11-10"
"Commission départementale prévue à l'article L. 2334-37 du code général des collectivités territoriales","Article L. 2334-37 du code général des collectivités territoriales","https://www.collectivites-locales.gouv.fr/dotation-dequipement-des-territoires-ruraux-detr",,"Mme Josiane Corneloup","Membre titulaire","2018-01-10"
"Commission départementale prévue à l'article L. 2334-37 du code général des collectivités territoriales","Article L. 2334-37 du code général des collectivités territoriales","https://www.collectivites-locales.gouv.fr/dotation-dequipement-des-territoires-ruraux-detr",,"Mme Véronique Hammerer","Membre titulaire","2018-01-10"
"Commission départementale prévue à l'article L. 2334-37 du code général des collectivités territoriales","Article L. 2334-37 du code général des collectivités territoriales","https://www.collectivites-locales.gouv.fr/dotation-dequipement-des-territoires-ruraux-detr",,"Mme Hélène Laporte","Membre titulaire","2022-11-10"
"Commission départementale prévue à l'article L. 2334-37 du code général des collectivités territoriales","Article L. 2334-37 du code général des collectivités territoriales","https://www.collectivites-locales.gouv.fr/dotation-dequipement-des-territoires-ruraux-detr",,"Mme Catherine Hervieu","Membre titulaire","2024-12-06"
"Commission départementale prévue à l'article L. 2334-37 du code général des collectivités territoriales","Article L. 2334-37 du code général des collectivités territoriales","https://www.collectivites-locales.gouv.fr/dotation-dequipement-des-territoires-ruraux-detr",,"M. Arnaud Viala","Membre titulaire","2018-01-10"
"Commission départementale prévue à l'article L. 2334-37 du code général des collectivités territoriales","Article L. 2334-37 du code général des collectivités territoriales","https://www.collectivites-locales.gouv.fr/dotation-dequipement-des-territoires-ruraux-detr",,"M. Loïc Kervran","Membre titulaire","2018-01-10"
"Commission départementale prévue à l'article L. 2334-37 du code général des collectivités territoriales","Article L. 2334-37 du code général des collectivités territoriales","https://www.collectivites-locales.gouv.fr/dotation-dequipement-des-territoires-ruraux-detr",,"Mme Bénédicte Auzanot","Membre titulaire","2022-11-10"
"Commission départementale prévue à l'article L. 2334-37 du code général des collectivités territoriales","Article L. 2334-37 du code général des collectivités territoriales","https://www.collectivites-locales.gouv.fr/dotation-dequipement-des-territoires-ruraux-detr",,"M. Philippe Guillemard","Membre titulaire","2022-11-10"
"Commission départementale prévue à l'article L. 2334-37 du code général des collectivités territoriales","Article L. 2334-37 du code général des collectivités territoriales","https://www.collectivites-locales.gouv.fr/dotation-dequipement-des-territoires-ruraux-detr",,"M. Éric Martineau","Membre titulaire","2024-12-06"
"Commission départementale prévue à l'article L. 2334-37 du code général des collectivités territoriales","Article L. 2334-37 du code général des collectivités territoriales","https://www.collectivites-locales.gouv.fr/dotation-dequipement-des-territoires-ruraux-detr",,"M. Claude de Ganay","Membre titulaire","2018-01-10"
"Commission départementale prévue à l'article L. 2334-37 du code général des collectivités territoriales","Article L. 2334-37 du code général des collectivités territoriales","https://www.collectivites-locales.gouv.fr/dotation-dequipement-des-territoires-ruraux-detr",,"M. Xavier Roseren","Membre titulaire","2024-12-06"
"Commission départementale prévue à l'article L. 2334-37 du code général des collectivités territoriales","Article L. 2334-37 du code général des collectivités territoriales","https://www.collectivites-locales.gouv.fr/dotation-dequipement-des-territoires-ruraux-detr",,"M. Philippe Gosselin","Membre titulaire","2018-01-10"
"Commission départementale prévue à l'article L. 2334-37 du code général des collectivités territoriales","Article L. 2334-37 du code général des collectivités territoriales","https://www.collectivites-locales.gouv.fr/dotation-dequipement-des-territoires-ruraux-detr",,"M. Jean-Charles Larsonneur","Membre titulaire","2022-11-10"
"Commission départementale prévue à l'article L. 2334-37 du code général des collectivités territoriales","Article L. 2334-37 du code général des collectivités territoriales","https://www.collectivites-locales.gouv.fr/dotation-dequipement-des-territoires-ruraux-detr",,"Mme Lise Magnier","Membre titulaire","2024-12-06"
"Commission départementale prévue à l'article L. 2334-37 du code général des collectivités territoriales","Article L. 2334-37 du code général des collectivités territoriales","https://www.collectivites-locales.gouv.fr/dotation-dequipement-des-territoires-ruraux-detr",,"M. Jean-Pierre Cubertafon","Membre titulaire","2022-11-10"
"Commission départementale prévue à l'article L. 2334-37 du code général des collectivités territoriales","Article L. 2334-37 du code général des collectivités territoriales","https://www.collectivites-locales.gouv.fr/dotation-dequipement-des-territoires-ruraux-detr",,"Mme Marie-Christine Verdier-Jouclas","Membre titulaire","2018-01-10"
"Commission départementale prévue à l'article L. 2334-37 du code général des collectivités territoriales","Article L. 2334-37 du code général des collectivités territoriales","https://www.collectivites-locales.gouv.fr/dotation-dequipement-des-territoires-ruraux-detr",,"M. Aurélien Lopez-Liguori","Membre titulaire","2024-12-06"
"Commission départementale prévue à l'article L. 2334-37 du code général des collectivités territoriales","Article L. 2334-37 du code général des collectivités territoriales","https://www.collectivites-locales.gouv.fr/dotation-dequipement-des-territoires-ruraux-detr",,"M. Damien Abad","Membre titulaire","2022-11-10"
"Commission départementale prévue à l'article L. 2334-37 du code général des collectivités territoriales","Article L. 2334-37 du code général des collectivités territoriales","https://www.collectivites-locales.gouv.fr/dotation-dequipement-des-territoires-ruraux-detr",,"M. Olivier Serva","Membre titulaire","2024-12-06"
"Commission départementale prévue à l'article L. 2334-37 du code général des collectivités territoriales","Article L. 2334-37 du code général des collectivités territoriales","https://www.collectivites-locales.gouv.fr/dotation-dequipement-des-territoires-ruraux-detr",,"Mme Marie-France Lorho","Membre titulaire","2022-11-10"
"Commission départementale prévue à l'article L. 2334-37 du code général des collectivités territoriales","Article L. 2334-37 du code général des collectivités territoriales","https://www.collectivites-locales.gouv.fr/dotation-dequipement-des-territoires-ruraux-detr",,"M. Jean François Mbaye","Membre titulaire","2018-01-10"
"Commission départementale prévue à l'article L. 2334-37 du code général des collectivités territoriales","Article L. 2334-37 du code général des collectivités territoriales","https://www.collectivites-locales.gouv.fr/dotation-dequipement-des-territoires-ruraux-detr",,"M. Max Mathiasin","Membre titulaire","2018-01-10"
"Commission départementale prévue à l'article L. 2334-37 du code général des collectivités territoriales","Article L. 2334-37 du code général des collectivités territoriales","https://www.collectivites-locales.gouv.fr/dotation-dequipement-des-territoires-ruraux-detr",,"M. Jean-Michel Jacques","Membre titulaire","2022-11-10"
"Commission départementale prévue à l'article L. 2334-37 du code général des collectivités territoriales","Article L. 2334-37 du code général des collectivités territoriales","https://www.collectivites-locales.gouv.fr/dotation-dequipement-des-territoires-ruraux-detr",,"M. Jean-François Eliaou","Membre titulaire","2018-01-10"
"Commission départementale prévue à l'article L. 2334-37 du code général des collectivités territoriales","Article L. 2334-37 du code général des collectivités territoriales","https://www.collectivites-locales.gouv.fr/dotation-dequipement-des-territoires-ruraux-detr",,"M. Yannick Favennec-Bécot","Membre titulaire","2022-11-10"
"Commission départementale prévue à l'article L. 2334-37 du code général des collectivités territoriales","Article L. 2334-37 du code général des collectivités territoriales","https://www.collectivites-locales.gouv.fr/dotation-dequipement-des-territoires-ruraux-detr",,"M. Hervé Berville","Membre titulaire","2024-12-06"
"Commission départementale prévue à l'article L. 2334-37 du code général des collectivités territoriales","Article L. 2334-37 du code général des collectivités territoriales","https://www.collectivites-locales.gouv.fr/dotation-dequipement-des-territoires-ruraux-detr",,"M. Benoît Biteau","Membre titulaire","2024-12-06"
"Commission départementale prévue à l'article L. 2334-37 du code général des collectivités territoriales","Article L. 2334-37 du code général des collectivités territoriales","https://www.collectivites-locales.gouv.fr/dotation-dequipement-des-territoires-ruraux-detr",,"M. Thomas Gassilloud","Membre titulaire","2019-12-20"
"Commission départementale prévue à l'article L. 2334-37 du code général des collectivités territoriales","Article L. 2334-37 du code général des collectivités territoriales","https://www.collectivites-locales.gouv.fr/dotation-dequipement-des-territoires-ruraux-detr",,"M. Jérôme Lambert","Membre titulaire","2018-01-10"
"Commission départementale prévue à l'article L. 2334-37 du code général des collectivités territoriales","Article L. 2334-37 du code général des collectivités territoriales","https://www.collectivites-locales.gouv.fr/dotation-dequipement-des-territoires-ruraux-detr",,"Mme Mathilde Desjonquères","Membre titulaire","2022-11-10"
"Commission départementale prévue à l'article L. 2334-37 du code général des collectivités territoriales","Article L. 2334-37 du code général des collectivités territoriales","https://www.collectivites-locales.gouv.fr/dotation-dequipement-des-territoires-ruraux-detr",,"Mme Émilie Bonnivard","Membre titulaire","2024-12-06"
"Commission départementale prévue à l'article L. 2334-37 du code général des collectivités territoriales","Article L. 2334-37 du code général des collectivités territoriales","https://www.collectivites-locales.gouv.fr/dotation-dequipement-des-territoires-ruraux-detr",,"M. Robert Le Bourgeois","Membre titulaire","2024-12-06"
"Commission départementale prévue à l'article L. 2334-37 du code général des collectivités territoriales","Article L. 2334-37 du code général des collectivités territoriales","https://www.collectivites-locales.gouv.fr/dotation-dequipement-des-territoires-ruraux-detr",,"M. Charles de Courson","Membre titulaire","2018-01-10"
"Commission départementale prévue à l'article L. 2334-37 du code général des collectivités territoriales","Article L. 2334-37 du code général des collectivités territoriales","https://www.collectivites-locales.gouv.fr/dotation-dequipement-des-territoires-ruraux-detr",,"Mme Émilie Bonnivard","Membre titulaire","2019-03-13"
"Commission départementale prévue à l'article L. 2334-37 du code général des collectivités territoriales","Article L. 2334-37 du code général des collectivités territoriales","https://www.collectivites-locales.gouv.fr/dotation-dequipement-des-territoires-ruraux-detr",,"Mme Anne Le Hénanff","Membre titulaire","2024-12-06"
"Commission départementale prévue à l'article L. 2334-37 du code général des collectivités territoriales","Article L. 2334-37 du code général des collectivités territoriales","https://www.collectivites-locales.gouv.fr/dotation-dequipement-des-territoires-ruraux-detr",,"Mme Corinne Vignon","Membre titulaire","2022-11-10"
"Commission départementale prévue à l'article L. 2334-37 du code général des collectivités territoriales","Article L. 2334-37 du code général des collectivités territoriales","https://www.collectivites-locales.gouv.fr/dotation-dequipement-des-territoires-ruraux-detr",,"Mme Valérie Lacroute","Membre titulaire","2018-01-10"
"Commission départementale prévue à l'article L. 2334-37 du code général des collectivités territoriales","Article L. 2334-37 du code général des collectivités territoriales","https://www.collectivites-locales.gouv.fr/dotation-dequipement-des-territoires-ruraux-detr",,"Mme Béatrice Piron","Membre titulaire","2024-05-06"
"Commission départementale prévue à l'article L. 2334-37 du code général des collectivités territoriales","Article L. 2334-37 du code général des collectivités territoriales","https://www.collectivites-locales.gouv.fr/dotation-dequipement-des-territoires-ruraux-detr",,"Mme Sereine Mauborgne","Membre titulaire","2018-01-10"
"Commission départementale prévue à l'article L. 2334-37 du code général des collectivités territoriales","Article L. 2334-37 du code général des collectivités territoriales","https://www.collectivites-locales.gouv.fr/dotation-dequipement-des-territoires-ruraux-detr",,"M. Kévin Pfeffer","Membre titulaire","2024-12-06"
"Commission départementale prévue à l'article L. 2334-37 du code général des collectivités territoriales","Article L. 2334-37 du code général des collectivités territoriales","https://www.collectivites-locales.gouv.fr/dotation-dequipement-des-territoires-ruraux-detr",,"M. Yannick Monnet","Membre titulaire","2022-11-10"
"Commission départementale prévue à l'article L. 2334-37 du code général des collectivités territoriales","Article L. 2334-37 du code général des collectivités territoriales","https://www.collectivites-locales.gouv.fr/dotation-dequipement-des-territoires-ruraux-detr",,"Mme Sophie Delorme Duret","Membre titulaire","2024-12-06"
"Commission départementale prévue à l'article L. 2334-37 du code général des collectivités territoriales","Article L. 2334-37 du code général des collectivités territoriales","https://www.collectivites-locales.gouv.fr/dotation-dequipement-des-territoires-ruraux-detr",,"M. Pierre Henriet","Membre titulaire","2022-11-10"
"Commission départementale prévue à l'article L. 2334-37 du code général des collectivités territoriales","Article L. 2334-37 du code général des collectivités territoriales","https://www.collectivites-locales.gouv.fr/dotation-dequipement-des-territoires-ruraux-detr",,"M. Gilles Carrez","Membre titulaire","2018-01-10"
"Commission départementale prévue à l'article L. 2334-37 du code général des collectivités territoriales","Article L. 2334-37 du code général des collectivités territoriales","https://www.collectivites-locales.gouv.fr/dotation-dequipement-des-territoires-ruraux-detr",,"Mme Laëtitia Romeiro Dias","Membre titulaire","2018-01-10"
"Commission départementale prévue à l'article L. 2334-37 du code général des collectivités territoriales","Article L. 2334-37 du code général des collectivités territoriales","https://www.collectivites-locales.gouv.fr/dotation-dequipement-des-territoires-ruraux-detr",,"Mme Anne Le Hénanff","Membre titulaire","2022-11-10"
"Commission départementale prévue à l'article L. 2334-37 du code général des collectivités territoriales","Article L. 2334-37 du code général des collectivités territoriales","https://www.collectivites-locales.gouv.fr/dotation-dequipement-des-territoires-ruraux-detr",,"M. Thierry Benoit","Membre titulaire","2018-01-10"
"Commission départementale prévue à l'article L. 2334-37 du code général des collectivités territoriales","Article L. 2334-37 du code général des collectivités territoriales","https://www.collectivites-locales.gouv.fr/dotation-dequipement-des-territoires-ruraux-detr",,"M. Fabien Roussel","Membre titulaire","2022-11-10"
"Commission départementale prévue à l'article L. 2334-37 du code général des collectivités territoriales","Article L. 2334-37 du code général des collectivités territoriales","https://www.collectivites-locales.gouv.fr/dotation-dequipement-des-territoires-ruraux-detr",,"M. René Pilato","Membre titulaire","2024-12-06"
"Commission départementale prévue à l'article L. 2334-37 du code général des collectivités territoriales","Article L. 2334-37 du code général des collectivités territoriales","https://www.collectivites-locales.gouv.fr/dotation-dequipement-des-territoires-ruraux-detr",,"M. Philippe Vigier","Membre titulaire","2024-12-06"
"Commission départementale prévue à l'article L. 2334-37 du code général des collectivités territoriales","Article L. 2334-37 du code général des collectivités territoriales","https://www.collectivites-locales.gouv.fr/dotation-dequipement-des-territoires-ruraux-detr",,"M. Jordan Guitton","Membre titulaire","2022-11-10"
"Commission départementale prévue à l'article L. 2334-37 du code général des collectivités territoriales","Article L. 2334-37 du code général des collectivités territoriales","https://www.collectivites-locales.gouv.fr/dotation-dequipement-des-territoires-ruraux-detr",,"Mme Claire O'Petit","Membre titulaire","2019-03-15"
"Commission départementale prévue à l'article L. 2334-37 du code général des collectivités territoriales","Article L. 2334-37 du code général des collectivités territoriales","https://www.collectivites-locales.gouv.fr/dotation-dequipement-des-territoires-ruraux-detr",,"M. Didier Quentin","Membre titulaire","2018-01-10"
"Commission départementale prévue à l'article L. 2334-37 du code général des collectivités territoriales","Article L. 2334-37 du code général des collectivités territoriales","https://www.collectivites-locales.gouv.fr/dotation-dequipement-des-territoires-ruraux-detr",,"Mme Yolaine de Courson","Membre titulaire","2018-01-10"
"Commission départementale prévue à l'article L. 2334-37 du code général des collectivités territoriales","Article L. 2334-37 du code général des collectivités territoriales","https://www.collectivites-locales.gouv.fr/dotation-dequipement-des-territoires-ruraux-detr",,"Mme Céline Thiébault-Martinez","Membre titulaire","2024-12-06"
"Commission départementale prévue à l'article L. 2334-37 du code général des collectivités territoriales","Article L. 2334-37 du code général des collectivités territoriales","https://www.collectivites-locales.gouv.fr/dotation-dequipement-des-territoires-ruraux-detr",,"M. Yannick Favennec-Bécot","Membre titulaire","2018-01-10"
"Commission départementale prévue à l'article L. 2334-37 du code général des collectivités territoriales","Article L. 2334-37 du code général des collectivités territoriales","https://www.collectivites-locales.gouv.fr/dotation-dequipement-des-territoires-ruraux-detr",,"M. Jean-Philippe Nilor","Membre titulaire","2018-01-10"
"Commission départementale prévue à l'article L. 2334-37 du code général des collectivités territoriales","Article L. 2334-37 du code général des collectivités territoriales","https://www.collectivites-locales.gouv.fr/dotation-dequipement-des-territoires-ruraux-detr",,"Mme Nathalie Colin-Oesterlé","Membre titulaire","2024-12-06"
"Commission départementale prévue à l'article L. 2334-37 du code général des collectivités territoriales","Article L. 2334-37 du code général des collectivités territoriales","https://www.collectivites-locales.gouv.fr/dotation-dequipement-des-territoires-ruraux-detr",,"Mme Sandrine Le Feur","Membre titulaire","2022-11-10"
"Commission départementale prévue à l'article L. 2334-37 du code général des collectivités territoriales","Article L. 2334-37 du code général des collectivités territoriales","https://www.collectivites-locales.gouv.fr/dotation-dequipement-des-territoires-ruraux-detr",,"M. Jean-Louis Masson","Membre titulaire","2018-01-10"
"Commission départementale prévue à l'article L. 2334-37 du code général des collectivités territoriales","Article L. 2334-37 du code général des collectivités territoriales","https://www.collectivites-locales.gouv.fr/dotation-dequipement-des-territoires-ruraux-detr",,"Mme Laurence Cristol","Membre titulaire","2022-11-10"
"Commission départementale prévue à l'article L. 2334-37 du code général des collectivités territoriales","Article L. 2334-37 du code général des collectivités territoriales","https://www.collectivites-locales.gouv.fr/dotation-dequipement-des-territoires-ruraux-detr",,"M. Julien Aubert","Membre titulaire","2018-01-10"
"Commission départementale prévue à l'article L. 2334-37 du code général des collectivités territoriales","Article L. 2334-37 du code général des collectivités territoriales","https://www.collectivites-locales.gouv.fr/dotation-dequipement-des-territoires-ruraux-detr",,"Mme Michèle Tabarot","Membre titulaire","2024-12-06"
"Commission départementale prévue à l'article L. 2334-37 du code général des collectivités territoriales","Article L. 2334-37 du code général des collectivités territoriales","https://www.collectivites-locales.gouv.fr/dotation-dequipement-des-territoires-ruraux-detr",,"M. Jérôme Buisson","Membre titulaire","2024-12-06"
"Commission départementale prévue à l'article L. 2334-37 du code général des collectivités territoriales","Article L. 2334-37 du code général des collectivités territoriales","https://www.collectivites-locales.gouv.fr/dotation-dequipement-des-territoires-ruraux-detr",,"Mme Geneviève Darrieussecq","Membre titulaire","2024-03-29"
"Commission départementale prévue à l'article L. 2334-37 du code général des collectivités territoriales","Article L. 2334-37 du code général des collectivités territoriales","https://www.collectivites-locales.gouv.fr/dotation-dequipement-des-territoires-ruraux-detr",,"M. Jean-Louis Thiériot","Membre titulaire","2022-11-10"
"Commission départementale prévue à l'article L. 2334-37 du code général des collectivités territoriales","Article L. 2334-37 du code général des collectivités territoriales","https://www.collectivites-locales.gouv.fr/dotation-dequipement-des-territoires-ruraux-detr",,"Mme Manon Meunier","Membre titulaire","2022-11-10"
"Commission départementale prévue à l'article L. 2334-37 du code général des collectivités territoriales","Article L. 2334-37 du code général des collectivités territoriales","https://www.collectivites-locales.gouv.fr/dotation-dequipement-des-territoires-ruraux-detr",,"Mme Clémentine Autain","Membre titulaire","2018-01-10"
"Commission départementale prévue à l'article L. 2334-37 du code général des collectivités territoriales","Article L. 2334-37 du code général des collectivités territoriales","https://www.collectivites-locales.gouv.fr/dotation-dequipement-des-territoires-ruraux-detr",,"M. Stéphane Baudu","Membre titulaire","2019-03-22"
"Commission départementale prévue à l'article L. 2334-37 du code général des collectivités territoriales","Article L. 2334-37 du code général des collectivités territoriales","https://www.collectivites-locales.gouv.fr/dotation-dequipement-des-territoires-ruraux-detr",,"Mme Estelle Mercier","Membre titulaire","2024-12-06"
"Commission départementale prévue à l'article L. 2334-37 du code général des collectivités territoriales","Article L. 2334-37 du code général des collectivités territoriales","https://www.collectivites-locales.gouv.fr/dotation-dequipement-des-territoires-ruraux-detr",,"Mme Sophie Auconie","Membre titulaire","2018-01-10"
"Commission départementale prévue à l'article L. 2334-37 du code général des collectivités territoriales","Article L. 2334-37 du code général des collectivités territoriales","https://www.collectivites-locales.gouv.fr/dotation-dequipement-des-territoires-ruraux-detr",,"Mme Isabelle Rauch","Membre titulaire","2022-11-10"
"Commission départementale prévue à l'article L. 2334-37 du code général des collectivités territoriales","Article L. 2334-37 du code général des collectivités territoriales","https://www.collectivites-locales.gouv.fr/dotation-dequipement-des-territoires-ruraux-detr",,"Mme Mélanie Thomin","Membre titulaire","2024-12-06"
"Commission départementale prévue à l'article L. 2334-37 du code général des collectivités territoriales","Article L. 2334-37 du code général des collectivités territoriales","https://www.collectivites-locales.gouv.fr/dotation-dequipement-des-territoires-ruraux-detr",,"M. Frédéric Falcon","Membre titulaire","2022-11-10"
"Commission départementale prévue à l'article L. 2334-37 du code général des collectivités territoriales","Article L. 2334-37 du code général des collectivités territoriales","https://www.collectivites-locales.gouv.fr/dotation-dequipement-des-territoires-ruraux-detr",,"M. Alexandre Freschi","Membre titulaire","2019-03-29"
"Commission départementale prévue à l'article L. 2334-37 du code général des collectivités territoriales","Article L. 2334-37 du code général des collectivités territoriales","https://www.collectivites-locales.gouv.fr/dotation-dequipement-des-territoires-ruraux-detr",,"Mme Monica Michel-Brassart","Membre titulaire","2018-01-10"
"Commission départementale prévue à l'article L. 2334-37 du code général des collectivités territoriales","Article L. 2334-37 du code général des collectivités territoriales","https://www.collectivites-locales.gouv.fr/dotation-dequipement-des-territoires-ruraux-detr",,"M. Yannick Kerlogot","Membre titulaire","2018-01-10"
"Commission départementale prévue à l'article L. 2334-37 du code général des collectivités territoriales","Article L. 2334-37 du code général des collectivités territoriales","https://www.collectivites-locales.gouv.fr/dotation-dequipement-des-territoires-ruraux-detr",,"Mme Aurore Bergé","Membre titulaire","2024-12-06"
"Commission départementale prévue à l'article L. 2334-37 du code général des collectivités territoriales","Article L. 2334-37 du code général des collectivités territoriales","https://www.collectivites-locales.gouv.fr/dotation-dequipement-des-territoires-ruraux-detr",,"Mme Caroline Fiat","Membre titulaire","2018-01-10"
"Commission départementale prévue à l'article L. 2334-37 du code général des collectivités territoriales","Article L. 2334-37 du code général des collectivités territoriales","https://www.collectivites-locales.gouv.fr/dotation-dequipement-des-territoires-ruraux-detr",,"M. Matthias Renault","Membre titulaire","2024-12-06"
"Commission départementale prévue à l'article L. 2334-37 du code général des collectivités territoriales","Article L. 2334-37 du code général des collectivités territoriales","https://www.collectivites-locales.gouv.fr/dotation-dequipement-des-territoires-ruraux-detr",,"Mme Pascale Bordes","Membre titulaire","2022-11-10"
"Commission départementale prévue à l'article L. 2334-37 du code général des collectivités territoriales","Article L. 2334-37 du code général des collectivités territoriales","https://www.collectivites-locales.gouv.fr/dotation-dequipement-des-territoires-ruraux-detr",,"M. Loïc Prud'homme","Membre titulaire","2022-11-10"
"Commission départementale prévue à l'article L. 2334-37 du code général des collectivités territoriales","Article L. 2334-37 du code général des collectivités territoriales","https://www.collectivites-locales.gouv.fr/dotation-dequipement-des-territoires-ruraux-detr",,"Mme Aurore Bergé","Membre titulaire","2018-01-10"
"Commission départementale prévue à l'article L. 2334-37 du code général des collectivités territoriales","Article L. 2334-37 du code général des collectivités territoriales","https://www.collectivites-locales.gouv.fr/dotation-dequipement-des-territoires-ruraux-detr",,"M. Vincent Trébuchet","Membre titulaire","2024-12-06"
"Commission départementale prévue à l'article L. 2334-37 du code général des collectivités territoriales","Article L. 2334-37 du code général des collectivités territoriales","https://www.collectivites-locales.gouv.fr/dotation-dequipement-des-territoires-ruraux-detr",,"M. Yannick Monnet","Membre titulaire","2024-12-06"
"Commission départementale prévue à l'article L. 2334-37 du code général des collectivités territoriales","Article L. 2334-37 du code général des collectivités territoriales","https://www.collectivites-locales.gouv.fr/dotation-dequipement-des-territoires-ruraux-detr",,"M. Sacha Houlié","Membre titulaire","2022-11-10"
"Commission départementale prévue à l'article L. 2334-37 du code général des collectivités territoriales","Article L. 2334-37 du code général des collectivités territoriales","https://www.collectivites-locales.gouv.fr/dotation-dequipement-des-territoires-ruraux-detr",,"M. David Valence","Membre titulaire","2022-11-10"
"Commission départementale prévue à l'article L. 2334-37 du code général des collectivités territoriales","Article L. 2334-37 du code général des collectivités territoriales","https://www.collectivites-locales.gouv.fr/dotation-dequipement-des-territoires-ruraux-detr",,"Mme Pascale Fontenel-Personne","Membre titulaire","2018-01-10"
"Commission départementale prévue à l'article L. 2334-37 du code général des collectivités territoriales","Article L. 2334-37 du code général des collectivités territoriales","https://www.collectivites-locales.gouv.fr/dotation-dequipement-des-territoires-ruraux-detr",,"M. Stéphane Travert","Membre titulaire","2024-12-06"
"Commission départementale prévue à l'article L. 2334-37 du code général des collectivités territoriales","Article L. 2334-37 du code général des collectivités territoriales","https://www.collectivites-locales.gouv.fr/dotation-dequipement-des-territoires-ruraux-detr",,"Mme Monique Limon","Membre titulaire","2018-01-10"
"Commission départementale prévue à l'article L. 2334-37 du code général des collectivités territoriales","Article L. 2334-37 du code général des collectivités territoriales","https://www.collectivites-locales.gouv.fr/dotation-dequipement-des-territoires-ruraux-detr",,"M. Jean-Pierre Pont","Membre titulaire","2022-11-10"
"Commission départementale prévue à l'article L. 2334-37 du code général des collectivités territoriales","Article L. 2334-37 du code général des collectivités territoriales","https://www.collectivites-locales.gouv.fr/dotation-dequipement-des-territoires-ruraux-detr",,"M. Boris Vallaud","Membre titulaire","2018-01-10"
"Commission départementale prévue à l'article L. 2334-37 du code général des collectivités territoriales","Article L. 2334-37 du code général des collectivités territoriales","https://www.collectivites-locales.gouv.fr/dotation-dequipement-des-territoires-ruraux-detr",,"Mme Josy Poueyto","Membre titulaire","2022-11-10"
"Commission départementale prévue à l'article L. 2334-37 du code général des collectivités territoriales","Article L. 2334-37 du code général des collectivités territoriales","https://www.collectivites-locales.gouv.fr/dotation-dequipement-des-territoires-ruraux-detr",,"M. Alexandre Allegret-Pilot","Membre titulaire","2024-12-06"
"Commission départementale prévue à l'article L. 2334-37 du code général des collectivités territoriales","Article L. 2334-37 du code général des collectivités territoriales","https://www.collectivites-locales.gouv.fr/dotation-dequipement-des-territoires-ruraux-detr",,"M. Stéphane Mazars","Membre titulaire","2022-11-10"
"Commission départementale prévue à l'article L. 2334-37 du code général des collectivités territoriales","Article L. 2334-37 du code général des collectivités territoriales","https://www.collectivites-locales.gouv.fr/dotation-dequipement-des-territoires-ruraux-detr",,"M. Laurent Baumel","Membre titulaire","2024-12-06"
"Commission départementale prévue à l'article L. 2334-37 du code général des collectivités territoriales","Article L. 2334-37 du code général des collectivités territoriales","https://www.collectivites-locales.gouv.fr/dotation-dequipement-des-territoires-ruraux-detr",,"Mme Delphine Batho","Membre titulaire","2018-01-10"
"Commission départementale prévue à l'article L. 2334-37 du code général des collectivités territoriales","Article L. 2334-37 du code général des collectivités territoriales","https://www.collectivites-locales.gouv.fr/dotation-dequipement-des-territoires-ruraux-detr",,"Mme Delphine Batho","Membre titulaire","2024-12-06"
"Commission départementale prévue à l'article L. 2334-37 du code général des collectivités territoriales","Article L. 2334-37 du code général des collectivités territoriales","https://www.collectivites-locales.gouv.fr/dotation-dequipement-des-territoires-ruraux-detr",,"Mme Karen Erodi","Membre titulaire","2024-12-06"
"Commission départementale prévue à l'article L. 2334-37 du code général des collectivités territoriales","Article L. 2334-37 du code général des collectivités territoriales","https://www.collectivites-locales.gouv.fr/dotation-dequipement-des-territoires-ruraux-detr",,"Mme Fabienne Colboc","Membre titulaire","2022-11-10"
"Commission départementale prévue à l'article L. 2334-37 du code général des collectivités territoriales","Article L. 2334-37 du code général des collectivités territoriales","https://www.collectivites-locales.gouv.fr/dotation-dequipement-des-territoires-ruraux-detr",,"M. Pierre Henriet","Membre titulaire","2018-01-10"
"Commission départementale prévue à l'article L. 2334-37 du code général des collectivités territoriales","Article L. 2334-37 du code général des collectivités territoriales","https://www.collectivites-locales.gouv.fr/dotation-dequipement-des-territoires-ruraux-detr",,"M. Sébastien Jumel","Membre titulaire","2018-01-10"
"Commission départementale prévue à l'article L. 2334-37 du code général des collectivités territoriales","Article L. 2334-37 du code général des collectivités territoriales","https://www.collectivites-locales.gouv.fr/dotation-dequipement-des-territoires-ruraux-detr",,"Mme Élisabeth Borne","Membre titulaire","2024-12-06"
"Commission départementale prévue à l'article L. 2334-37 du code général des collectivités territoriales","Article L. 2334-37 du code général des collectivités territoriales","https://www.collectivites-locales.gouv.fr/dotation-dequipement-des-territoires-ruraux-detr",,"Mme Olga Givernet","Membre titulaire","2018-01-10"
"Commission départementale prévue à l'article L. 2334-37 du code général des collectivités territoriales","Article L. 2334-37 du code général des collectivités territoriales","https://www.collectivites-locales.gouv.fr/dotation-dequipement-des-territoires-ruraux-detr",,"M. André Villiers","Membre titulaire","2022-11-10"
"Conseil d’administration de l’agence francaise pour la biodiversité","Article L. 131-10 du code de l’environnement","https://www.afbiodiversite.fr/fr/gouvernance-de-lagence",,"Mme Maina Sage","Membre titulaire","2017-10-04"
"Conseil d’administration de l’agence francaise pour la biodiversité","Article L. 131-10 du code de l’environnement","https://www.afbiodiversite.fr/fr/gouvernance-de-lagence",,"M. Serge Letchimy","Membre titulaire","2017-10-04"
"Haut conseil de l'évaluation de la recherche et de l'enseignement supérieur","Article L. 114-3-3 du code de la recherche","http://www.hceres.fr/",,"M. Philippe Berta","Membre titulaire","2022-09-28"
"Haut conseil de l'évaluation de la recherche et de l'enseignement supérieur","Article L. 114-3-3 du code de la recherche","http://www.hceres.fr/",,"Mme Delphine Lingemann","Membre titulaire","2024-10-02"
"Haut conseil de l'évaluation de la recherche et de l'enseignement supérieur","Article L. 114-3-3 du code de la recherche","http://www.hceres.fr/",,"M. Pierre Henriet","Membre titulaire","2019-10-09"
"Haut conseil de l'évaluation de la recherche et de l'enseignement supérieur","Article L. 114-3-3 du code de la recherche","http://www.hceres.fr/",,"Mme Fannette Charvier","Membre titulaire","2017-11-09"
"Haut conseil de l'évaluation de la recherche et de l'enseignement supérieur","Article L. 114-3-3 du code de la recherche","http://www.hceres.fr/",,"Mme Sandrine Doucet","Membre titulaire","2015-04-10"
"Conseil supérieur des archives","Article L. 211-2-1 du code du patrimoine","https://francearchives.fr/fr/","2","M. Hervé Gaymard","Membre titulaire","2012-09-03"
"Conseil supérieur des archives","Article L. 211-2-1 du code du patrimoine","https://francearchives.fr/fr/","2","Mme Lisette Pollet","Membre titulaire","2022-10-21"
"Conseil supérieur des archives","Article L. 211-2-1 du code du patrimoine","https://francearchives.fr/fr/","2","M. Aurélien Taché","Membre titulaire","2024-11-06"
"Conseil supérieur des archives","Article L. 211-2-1 du code du patrimoine","https://francearchives.fr/fr/","2","M. Pascal Bois","Membre titulaire","2017-11-21"
"Conseil supérieur des archives","Article L. 211-2-1 du code du patrimoine","https://francearchives.fr/fr/","2","M. Hervé Gaymard","Membre titulaire","2009-02-02"
"Conseil d'administration de l'Institut français","Article 9 de la loi n° 2010-873 du 27 juillet 2010","http://www.institutfrancais.com/fr/faites-notre-connaissance-0",,"M. Jean-Paul Lecoq","Membre titulaire","2017-10-19"
"Conseil d'administration de l'Institut français","Article 9 de la loi n° 2010-873 du 27 juillet 2010","http://www.institutfrancais.com/fr/faites-notre-connaissance-0",,"M. Jean-Marc Ayrault","Membre titulaire","2014-11-13"
"Conseil d'administration de l'Institut français","Article 9 de la loi n° 2010-873 du 27 juillet 2010","http://www.institutfrancais.com/fr/faites-notre-connaissance-0",,"M. Didier Mathus","Membre titulaire","2011-03-16"
"Conseil d'administration de l'Institut français","Article 9 de la loi n° 2010-873 du 27 juillet 2010","http://www.institutfrancais.com/fr/faites-notre-connaissance-0",,"Mme Pascale Boistard","Membre titulaire","2012-07-24"
"Conseil d'administration de l'Institut français","Article 9 de la loi n° 2010-873 du 27 juillet 2010","http://www.institutfrancais.com/fr/faites-notre-connaissance-0",,"Mme Liliana Tanguy","Membre titulaire","2024-09-18"
"Conseil d'administration de l'Institut français","Article 9 de la loi n° 2010-873 du 27 juillet 2010","http://www.institutfrancais.com/fr/faites-notre-connaissance-0",,"M. Bertrand Bouyx","Membre titulaire","2017-10-19"
"Conseil d'administration de l'Institut français","Article 9 de la loi n° 2010-873 du 27 juillet 2010","http://www.institutfrancais.com/fr/faites-notre-connaissance-0",,"M. François Loncle","Membre titulaire","2016-06-11"
"Conseil d'administration de l'Institut français","Article 9 de la loi n° 2010-873 du 27 juillet 2010","http://www.institutfrancais.com/fr/faites-notre-connaissance-0",,"M. Hervé Gaymard","Membre titulaire","2012-07-24"
"Conseil d'administration de l'Institut français","Article 9 de la loi n° 2010-873 du 27 juillet 2010","http://www.institutfrancais.com/fr/faites-notre-connaissance-0",,"M. Hervé Gaymard","Membre titulaire","2011-03-16"
"Conseil d'administration de l'Institut français","Article 9 de la loi n° 2010-873 du 27 juillet 2010","http://www.institutfrancais.com/fr/faites-notre-connaissance-0",,"M. Sébastien Chenu","Membre titulaire","2024-09-18"
"Conseil d'orientation de l'Observatoire national de la délinquance et des réponses pénales","Article L. 123-1 du code de la sécurité intérieure","https://inhesj.fr/ondrp/decouvrir-londrp/conseil-dorientation",,"M. Jean-Jacques Urvoas","Membre titulaire","2010-02-10"
"Conseil d'orientation de l'Observatoire national de la délinquance et des réponses pénales","Article L. 123-1 du code de la sécurité intérieure","https://inhesj.fr/ondrp/decouvrir-londrp/conseil-dorientation",,"M. Robert Pandraud","Membre titulaire","2004-10-13"
"Conseil d'orientation de l'Observatoire national de la délinquance et des réponses pénales","Article L. 123-1 du code de la sécurité intérieure","https://inhesj.fr/ondrp/decouvrir-londrp/conseil-dorientation",,"M. Christophe Caresche","Membre titulaire","2007-08-01"
"Conseil d'orientation de l'Observatoire national de la délinquance et des réponses pénales","Article L. 123-1 du code de la sécurité intérieure","https://inhesj.fr/ondrp/decouvrir-londrp/conseil-dorientation",,"M. Olivier Marleix","Membre titulaire","2017-10-05"
"Conseil d'orientation de l'Observatoire national de la délinquance et des réponses pénales","Article L. 123-1 du code de la sécurité intérieure","https://inhesj.fr/ondrp/decouvrir-londrp/conseil-dorientation",,"M. Daniel Vaillant","Membre titulaire","2012-10-04"
"Conseil d'orientation de l'Observatoire national de la délinquance et des réponses pénales","Article L. 123-1 du code de la sécurité intérieure","https://inhesj.fr/ondrp/decouvrir-londrp/conseil-dorientation",,"Mme Marie-Louise Fort","Membre titulaire","2010-02-10"
"Conseil d'orientation de l'Observatoire national de la délinquance et des réponses pénales","Article L. 123-1 du code de la sécurité intérieure","https://inhesj.fr/ondrp/decouvrir-londrp/conseil-dorientation",,"M. Christophe Caresche","Membre titulaire","2004-10-13"
"Conseil d'orientation de l'Observatoire national de la délinquance et des réponses pénales","Article L. 123-1 du code de la sécurité intérieure","https://inhesj.fr/ondrp/decouvrir-londrp/conseil-dorientation",,"M. Bruno Questel","Membre titulaire","2017-10-05"
"Conseil d'orientation de l'Observatoire national de la délinquance et des réponses pénales","Article L. 123-1 du code de la sécurité intérieure","https://inhesj.fr/ondrp/decouvrir-londrp/conseil-dorientation",,"M. Philippe Goujon","Membre titulaire","2007-08-01"
"Conseil d'orientation de l'Observatoire national de la délinquance et des réponses pénales","Article L. 123-1 du code de la sécurité intérieure","https://inhesj.fr/ondrp/decouvrir-londrp/conseil-dorientation",,"M. Georges Fenech","Membre titulaire","2012-10-04"
"Comité d'éthique du comité d'organisation des jeux Olympiques et Paralympiques","Article 28 de la loi n° 2018-202 du 26 mars 2018",,,"Mme Aude Amadou","Membre titulaire","2019-03-06"
"Comité d'éthique du comité d'organisation des jeux Olympiques et Paralympiques","Article 28 de la loi n° 2018-202 du 26 mars 2018",,,"Mme Nathalie Da Conceicao Carvalho","Membre titulaire","2024-11-21"
"Comité d'éthique du comité d'organisation des jeux Olympiques et Paralympiques","Article 28 de la loi n° 2018-202 du 26 mars 2018",,,"M. Stéphane Mazars","Membre titulaire","2022-11-09"
"Comité de pilotage de l'Observatoire de la formation des prix et des marges des produits alimentaires","Article L. 682-1 du code rural et de la pêche maritime","https://observatoire-prixmarges.franceagrimer.fr/observatoire/Pages/default.aspx","4","M. Fabien Di Filippo","Membre titulaire","2017-11-10"
"Comité de pilotage de l'Observatoire de la formation des prix et des marges des produits alimentaires","Article L. 682-1 du code rural et de la pêche maritime","https://observatoire-prixmarges.franceagrimer.fr/observatoire/Pages/default.aspx","4","M. Thierry Benoit","Membre titulaire","2017-11-10"
"Comité de pilotage de l'Observatoire de la formation des prix et des marges des produits alimentaires","Article L. 682-1 du code rural et de la pêche maritime","https://observatoire-prixmarges.franceagrimer.fr/observatoire/Pages/default.aspx","4","Mme Laurence Robert-Dehault","Membre titulaire","2022-10-21"
"Comité de pilotage de l'Observatoire de la formation des prix et des marges des produits alimentaires","Article L. 682-1 du code rural et de la pêche maritime","https://observatoire-prixmarges.franceagrimer.fr/observatoire/Pages/default.aspx","4","Mme Marie Pochon","Membre titulaire","2024-11-06"
"Comité de pilotage de l'Observatoire de la formation des prix et des marges des produits alimentaires","Article L. 682-1 du code rural et de la pêche maritime","https://observatoire-prixmarges.franceagrimer.fr/observatoire/Pages/default.aspx","4","M. Yves Daniel","Membre titulaire","2017-11-10"
"Comité de pilotage de l'Observatoire de la formation des prix et des marges des produits alimentaires","Article L. 682-1 du code rural et de la pêche maritime","https://observatoire-prixmarges.franceagrimer.fr/observatoire/Pages/default.aspx","4","M. Jean-Baptiste Moreau","Membre titulaire","2017-11-10"
"Comité de pilotage de l'Observatoire de la formation des prix et des marges des produits alimentaires","Article L. 682-1 du code rural et de la pêche maritime","https://observatoire-prixmarges.franceagrimer.fr/observatoire/Pages/default.aspx","4","M. Thierry Benoit","Membre titulaire","2022-10-21"
"Comité de pilotage de l'Observatoire de la formation des prix et des marges des produits alimentaires","Article L. 682-1 du code rural et de la pêche maritime","https://observatoire-prixmarges.franceagrimer.fr/observatoire/Pages/default.aspx","4","M. Frédéric Weber","Membre titulaire","2024-11-06"
"Conseil d'administration de l'Agence pour l'enseignement français à l'étranger","Article L. 452-6 du code de l'éducation","http://www.aefe.fr/aefe/organigramme/organigramme-de-laefe-conseil-dadministration-ca",,"M. Bruno Bourg-Broc","Membre titulaire","2005-04-06"
"Conseil d'administration de l'Agence pour l'enseignement français à l'étranger","Article L. 452-6 du code de l'éducation","http://www.aefe.fr/aefe/organigramme/organigramme-de-laefe-conseil-dadministration-ca",,"M. François Rochebloine","Membre titulaire","2007-08-01"
"Conseil d'administration de l'Agence pour l'enseignement français à l'étranger","Article L. 452-6 du code de l'éducation","http://www.aefe.fr/aefe/organigramme/organigramme-de-laefe-conseil-dadministration-ca",,"M. Karim Ben Cheikh","Membre titulaire","2024-10-02"
"Conseil d'administration de l'Agence pour l'enseignement français à l'étranger","Article L. 452-6 du code de l'éducation","http://www.aefe.fr/aefe/organigramme/organigramme-de-laefe-conseil-dadministration-ca",,"Mme Sophie Taillé-Polian","Membre titulaire","2022-09-28"
"Conseil d'administration de l'Agence pour l'enseignement français à l'étranger","Article L. 452-6 du code de l'éducation","http://www.aefe.fr/aefe/organigramme/organigramme-de-laefe-conseil-dadministration-ca",,"M. François Rochebloine","Membre titulaire","2010-09-10"
"Conseil d'administration de l'Agence pour l'enseignement français à l'étranger","Article L. 452-6 du code de l'éducation","http://www.aefe.fr/aefe/organigramme/organigramme-de-laefe-conseil-dadministration-ca",,"M. Philip Cordery","Membre titulaire","2012-07-24"
"Conseil d'administration de l'Agence pour l'enseignement français à l'étranger","Article L. 452-6 du code de l'éducation","http://www.aefe.fr/aefe/organigramme/organigramme-de-laefe-conseil-dadministration-ca",,"Mme Samantha Cazebonne","Membre titulaire","2021-06-24"
"Conseil d'administration de l'Agence pour l'enseignement français à l'étranger","Article L. 452-6 du code de l'éducation","http://www.aefe.fr/aefe/organigramme/organigramme-de-laefe-conseil-dadministration-ca",,"Mme Jacqueline Irles","Membre titulaire","2012-01-24"
"Conseil d'administration de l'Agence pour l'enseignement français à l'étranger","Article L. 452-6 du code de l'éducation","http://www.aefe.fr/aefe/organigramme/organigramme-de-laefe-conseil-dadministration-ca",,"Mme Samantha Cazebonne","Membre titulaire","2017-11-10"
"Conseil d'administration de l'Agence pour l'enseignement français à l'étranger","Article L. 452-6 du code de l'éducation","http://www.aefe.fr/aefe/organigramme/organigramme-de-laefe-conseil-dadministration-ca",,"Mme Odette Trupin","Membre titulaire","2000-06-21"
"Conseil d'administration de l'Agence pour l'enseignement français à l'étranger","Article L. 452-6 du code de l'éducation","http://www.aefe.fr/aefe/organigramme/organigramme-de-laefe-conseil-dadministration-ca",,"M. Christophe Premat","Membre titulaire","2014-07-10"
"Conseil d'administration de l'Agence pour l'enseignement français à l'étranger","Article L. 452-6 du code de l'éducation","http://www.aefe.fr/aefe/organigramme/organigramme-de-laefe-conseil-dadministration-ca",,"M. Marc Laffineur","Membre titulaire","1993-05-14"
"Conseil d'administration de l'Agence pour l'enseignement français à l'étranger","Article L. 452-6 du code de l'éducation","http://www.aefe.fr/aefe/organigramme/organigramme-de-laefe-conseil-dadministration-ca",,"M. François Rochebloine","Membre titulaire","2005-04-06"
"Conseil d'administration de l'Agence pour l'enseignement français à l'étranger","Article L. 452-6 du code de l'éducation","http://www.aefe.fr/aefe/organigramme/organigramme-de-laefe-conseil-dadministration-ca",,"M. Michel Herbillon","Membre titulaire","2007-08-01"
"Conseil d'administration de l'Agence pour l'enseignement français à l'étranger","Article L. 452-6 du code de l'éducation","http://www.aefe.fr/aefe/organigramme/organigramme-de-laefe-conseil-dadministration-ca",,"M. Pierre Lequiller","Membre titulaire","1996-05-10"
"Conseil d'administration de l'Agence pour l'enseignement français à l'étranger","Article L. 452-6 du code de l'éducation","http://www.aefe.fr/aefe/organigramme/organigramme-de-laefe-conseil-dadministration-ca",,"M. Frédéric Petit","Membre titulaire","2022-09-21"
"Conseil d'administration de l'Agence pour l'enseignement français à l'étranger","Article L. 452-6 du code de l'éducation","http://www.aefe.fr/aefe/organigramme/organigramme-de-laefe-conseil-dadministration-ca",,"Mme Dieynaba Diop","Membre titulaire","2024-09-18"
"Conseil d'administration de l'Agence pour l'enseignement français à l'étranger","Article L. 452-6 du code de l'éducation","http://www.aefe.fr/aefe/organigramme/organigramme-de-laefe-conseil-dadministration-ca",,"M. Michel Herbillon","Membre titulaire","2010-09-10"
"Conseil d'administration de l'Agence pour l'enseignement français à l'étranger","Article L. 452-6 du code de l'éducation","http://www.aefe.fr/aefe/organigramme/organigramme-de-laefe-conseil-dadministration-ca",,"M. Jeanny Lorgeoux","Membre titulaire","1990-12-07"
"Conseil d'administration de l'Agence pour l'enseignement français à l'étranger","Article L. 452-6 du code de l'éducation","http://www.aefe.fr/aefe/organigramme/organigramme-de-laefe-conseil-dadministration-ca",,"M. Jean-Pierre Le Roch","Membre titulaire","2012-07-25"
"Conseil d'administration de l'Agence pour l'enseignement français à l'étranger","Article L. 452-6 du code de l'éducation","http://www.aefe.fr/aefe/organigramme/organigramme-de-laefe-conseil-dadministration-ca",,"Mme Béatrice Piron","Membre titulaire","2021-01-20"
"Conseil d'administration de l'Agence pour l'enseignement français à l'étranger","Article L. 452-6 du code de l'éducation","http://www.aefe.fr/aefe/organigramme/organigramme-de-laefe-conseil-dadministration-ca",,"M. Georges Sarre","Membre titulaire","1997-07-11"
"Conseil d'administration de l'Agence pour l'enseignement français à l'étranger","Article L. 452-6 du code de l'éducation","http://www.aefe.fr/aefe/organigramme/organigramme-de-laefe-conseil-dadministration-ca",,"M. François Rochebloine","Membre titulaire","2012-01-24"
"Conseil d'administration de l'Agence pour l'enseignement français à l'étranger","Article L. 452-6 du code de l'éducation","http://www.aefe.fr/aefe/organigramme/organigramme-de-laefe-conseil-dadministration-ca",,"M. François Rochebloine","Membre titulaire","2002-08-01"
"Comité d'évaluation chargé du suivi de l'expérimentation prévue aux II et III de l'article 63 de la loi n° 2019-222 du 23 mars 2019 de programmation 2018-2022 et de réforme pour la justice",,,,"M. Stéphane Mazars","Membre titulaire","2022-10-21"
"Comité d'évaluation chargé du suivi de l'expérimentation prévue aux II et III de l'article 63 de la loi n° 2019-222 du 23 mars 2019 de programmation 2018-2022 et de réforme pour la justice",,,,"Mme Béatrice Roullaud","Membre titulaire","2022-10-21"
"Conseil d'administration de l'Agence nationale pour la rénovation urbaine","Article 11 de la loi n° 2003-710 du 1 août 2003 d'orientation et de programmation pour la ville et la rénovation urbaine","https://www.anru.fr/fre/ANRU/Organisation-de-l-ANRU","0","Mme Nadia Hai","Membre titulaire","2019-06-13"
"Conseil d'administration de l'Agence nationale pour la rénovation urbaine","Article 11 de la loi n° 2003-710 du 1 août 2003 d'orientation et de programmation pour la ville et la rénovation urbaine","https://www.anru.fr/fre/ANRU/Organisation-de-l-ANRU","0","M. Lionel Royer-Perreaut","Membre titulaire","2022-10-21"
"Conseil d'administration de l'Agence nationale pour la rénovation urbaine","Article 11 de la loi n° 2003-710 du 1 août 2003 d'orientation et de programmation pour la ville et la rénovation urbaine","https://www.anru.fr/fre/ANRU/Organisation-de-l-ANRU","0","Mme Marie Récalde","Membre titulaire","2024-11-06"
"Conseil d'administration de l'Agence nationale pour la rénovation urbaine","Article 11 de la loi n° 2003-710 du 1 août 2003 d'orientation et de programmation pour la ville et la rénovation urbaine","https://www.anru.fr/fre/ANRU/Organisation-de-l-ANRU","0","Mme Stéphanie Do","Membre titulaire","2020-11-03"
"Conseil de surveillance du Centre hospitalier national d’ophtalmologie des Quinze-Vingt",,,,"M. Jérôme Guedj","Membre titulaire","2024-11-06"
"Conseil d'administration de l'établissement public national d'aménagement et de restructuration des espaces commerciaux et artisanaux","Article L. 325-3 du code de l’urbanisme","http://www.epareca.org/qui-sommes-nous/conseil-d-administration",,"M. Yves Jégo","Membre titulaire","2007-10-02"
"Conseil d'administration de l'établissement public national d'aménagement et de restructuration des espaces commerciaux et artisanaux","Article L. 325-3 du code de l’urbanisme","http://www.epareca.org/qui-sommes-nous/conseil-d-administration",,"M. Bernard Gérard","Membre titulaire","2008-06-17"
"Conseil d'administration de l'établissement public national d'aménagement et de restructuration des espaces commerciaux et artisanaux","Article L. 325-3 du code de l’urbanisme","http://www.epareca.org/qui-sommes-nous/conseil-d-administration",,"M. Georges Mothron","Membre titulaire","1997-03-14"
"Conseil d'administration de l'établissement public national d'aménagement et de restructuration des espaces commerciaux et artisanaux","Article L. 325-3 du code de l’urbanisme","http://www.epareca.org/qui-sommes-nous/conseil-d-administration",,"M. Sébastien Cazenove","Membre titulaire","2017-09-29"
"Conseil d'administration de l'établissement public national d'aménagement et de restructuration des espaces commerciaux et artisanaux","Article L. 325-3 du code de l’urbanisme","http://www.epareca.org/qui-sommes-nous/conseil-d-administration",,"M. Philippe Kemel","Membre titulaire","2012-09-03"
"Conseil d'administration de l'établissement public national d'aménagement et de restructuration des espaces commerciaux et artisanaux","Article L. 325-3 du code de l’urbanisme","http://www.epareca.org/qui-sommes-nous/conseil-d-administration",,"M. Laurent Cathala","Membre titulaire","1998-07-10"
"Conseil d'administration de l'établissement public national d'aménagement et de restructuration des espaces commerciaux et artisanaux","Article L. 325-3 du code de l’urbanisme","http://www.epareca.org/qui-sommes-nous/conseil-d-administration",,"M. Yannick Favennec-Bécot","Membre titulaire","2002-08-01"
"Conseil d'administration de l'établissement public national d'aménagement et de restructuration des espaces commerciaux et artisanaux","Article L. 325-3 du code de l’urbanisme","http://www.epareca.org/qui-sommes-nous/conseil-d-administration",,"M. Yannick Favennec-Bécot","Membre titulaire","2007-08-01"
"Conseil d'administration de l'établissement public national d'aménagement et de restructuration des espaces commerciaux et artisanaux","Article L. 325-3 du code de l’urbanisme","http://www.epareca.org/qui-sommes-nous/conseil-d-administration",,"M. Patrick Rimbert","Membre titulaire","1997-07-10"
"Conseil d'administration de l'agence nationale pour l'amélioration des conditions de travail","Article L. 4642-2 du code du travail","https://www.anact.fr/le-conseil-dadministration-de-lagence-nationale-pour-lamelioration-des-conditions-de-travail-anact",,"Mme Muguette Jacquaint","Membre titulaire","2002-08-01"
"Conseil d'administration de l'agence nationale pour l'amélioration des conditions de travail","Article L. 4642-2 du code du travail","https://www.anact.fr/le-conseil-dadministration-de-lagence-nationale-pour-lamelioration-des-conditions-de-travail-anact",,"M. Étienne Pinte","Membre titulaire","1986-05-30"
"Conseil d'administration de l'agence nationale pour l'amélioration des conditions de travail","Article L. 4642-2 du code du travail","https://www.anact.fr/le-conseil-dadministration-de-lagence-nationale-pour-lamelioration-des-conditions-de-travail-anact",,"M. Jean-Paul Anciaux","Membre titulaire","1995-07-07"
"Conseil d'administration de l'agence nationale pour l'amélioration des conditions de travail","Article L. 4642-2 du code du travail","https://www.anact.fr/le-conseil-dadministration-de-lagence-nationale-pour-lamelioration-des-conditions-de-travail-anact",,"Mme Anne-Marie Couderc","Membre titulaire","1993-05-13"
"Conseil d'administration de l'agence nationale pour l'amélioration des conditions de travail","Article L. 4642-2 du code du travail","https://www.anact.fr/le-conseil-dadministration-de-lagence-nationale-pour-lamelioration-des-conditions-de-travail-anact",,"Mme Aurélie Filippetti","Membre titulaire","2007-07-31"
"Conseil d'administration de l'agence nationale pour l'amélioration des conditions de travail","Article L. 4642-2 du code du travail","https://www.anact.fr/le-conseil-dadministration-de-lagence-nationale-pour-lamelioration-des-conditions-de-travail-anact",,"Mme Marie-France Lecuir","Membre titulaire","1988-12-09"
"Conseil d'administration de l'agence nationale pour l'amélioration des conditions de travail","Article L. 4642-2 du code du travail","https://www.anact.fr/le-conseil-dadministration-de-lagence-nationale-pour-lamelioration-des-conditions-de-travail-anact",,"M. Régis Juanico","Membre titulaire","2012-07-25"
"Conseil d'administration de l'agence nationale pour l'amélioration des conditions de travail","Article L. 4642-2 du code du travail","https://www.anact.fr/le-conseil-dadministration-de-lagence-nationale-pour-lamelioration-des-conditions-de-travail-anact",,"Mme Fadila Khattabi","Membre titulaire","2018-06-27"
"Conseil d'administration de l'agence nationale pour l'amélioration des conditions de travail","Article L. 4642-2 du code du travail","https://www.anact.fr/le-conseil-dadministration-de-lagence-nationale-pour-lamelioration-des-conditions-de-travail-anact",,"M. Christian Estrosi","Membre titulaire","1997-09-19"
"Conseil d'administration de l'agence nationale pour l'amélioration des conditions de travail","Article L. 4642-2 du code du travail","https://www.anact.fr/le-conseil-dadministration-de-lagence-nationale-pour-lamelioration-des-conditions-de-travail-anact",,"M. Freddy Sertin","Membre titulaire","2022-11-09"
"Conseil consultatif de la garde nationale","Article 7 du décret n° 2016-1364 du 13 octobre 2016","https://www.defense.gouv.fr/reserve/presentation-generale/gouvernance/gouvernance-de-la-garde-nationale",,"Mme Aude Bono-Vandorme","Membre titulaire","2017-10-09"
"Conseil consultatif de la garde nationale","Article 7 du décret n° 2016-1364 du 13 octobre 2016","https://www.defense.gouv.fr/reserve/presentation-generale/gouvernance/gouvernance-de-la-garde-nationale",,"Mme Valérie Bazin-Malgras","Membre titulaire","2024-11-06"
"Conseil consultatif de la garde nationale","Article 7 du décret n° 2016-1364 du 13 octobre 2016","https://www.defense.gouv.fr/reserve/presentation-generale/gouvernance/gouvernance-de-la-garde-nationale",,"M. Stéphane Rambaud","Membre titulaire","2022-10-21"
"Conseil national de l'habitat","Article  L. 361-1 du code de la construction et de l’habitation",,"5","M. Michel Gonelle","Membre suppléant","1986-06-13"
"Conseil national de l'habitat","Article  L. 361-1 du code de la construction et de l’habitation",,"5","M. Jean-Pierre Abelin","Membre titulaire","2007-08-10"
"Conseil national de l'habitat","Article  L. 361-1 du code de la construction et de l’habitation",,"5","M. Jiovanny William","Membre suppléant","2022-10-21"
"Conseil national de l'habitat","Article  L. 361-1 du code de la construction et de l’habitation",,"5","M. Jean-Claude Bois","Membre suppléant","1988-12-02"
"Conseil national de l'habitat","Article  L. 361-1 du code de la construction et de l’habitation",,"5","M. Philippe Decaudin","Membre titulaire","1997-07-10"
"Conseil national de l'habitat","Article  L. 361-1 du code de la construction et de l’habitation",,"5","Mme Sandrine Runel","Membre suppléante","2024-11-06"
"Conseil national de l'habitat","Article  L. 361-1 du code de la construction et de l’habitation",,"5","M. Bernard Carton","Membre titulaire","1988-12-02"
"Conseil national de l'habitat","Article  L. 361-1 du code de la construction et de l’habitation",,"5","M. Jean-Yves Le Bouillonnec","Membre suppléant","2011-01-14"
"Conseil national de l'habitat","Article  L. 361-1 du code de la construction et de l’habitation",,"5","M. Philippe Decaudin","Membre suppléant","2000-06-21"
"Conseil national de l'habitat","Article  L. 361-1 du code de la construction et de l’habitation",,"5","M. Jean-Pierre Abelin","Membre titulaire","2002-08-01"
"Conseil national de l'habitat","Article  L. 361-1 du code de la construction et de l’habitation",,"5","M. Hubert Grimault","Membre suppléant","1996-12-20"
"Conseil national de l'habitat","Article  L. 361-1 du code de la construction et de l’habitation",,"5","M. Daniel Boisserie","Membre suppléant","1997-07-10"
"Conseil national de l'habitat","Article  L. 361-1 du code de la construction et de l’habitation",,"5","M. Daniel Pennec","Membre titulaire","1996-12-20"
"Conseil national de l'habitat","Article  L. 361-1 du code de la construction et de l’habitation",,"5","Mme Valérie Lacroute","Membre suppléante","2012-10-04"
"Conseil national de l'habitat","Article  L. 361-1 du code de la construction et de l’habitation",,"5","M. Bernard Perrut","Membre suppléant","2015-02-12"
"Conseil national de l'habitat","Article  L. 361-1 du code de la construction et de l’habitation",,"5","M. Lionel Causse","Membre titulaire","2022-10-21"
"Conseil national de l'habitat","Article  L. 361-1 du code de la construction et de l’habitation",,"5","M. Jean-Yves Le Bouillonnec","Membre suppléant","2007-08-10"
"Conseil national de l'habitat","Article  L. 361-1 du code de la construction et de l’habitation",,"5","M. Jean Rigaud","Membre titulaire","1986-06-13"
"Conseil national de l'habitat","Article  L. 361-1 du code de la construction et de l’habitation",,"5","Mme Annaïg Le Meur","Membre titulaire","2024-11-06"
"Conseil national de l'habitat","Article  L. 361-1 du code de la construction et de l’habitation",,"5","M. Jean-Pierre Abelin","Membre titulaire","2011-01-14"
"Conseil national de l'habitat","Article  L. 361-1 du code de la construction et de l’habitation",,"5","M. Daniel Boisserie","Membre titulaire","2000-06-21"
"Conseil national de l'habitat","Article  L. 361-1 du code de la construction et de l’habitation",,"5","Mme Annick Lepetit","Membre suppléante","2003-02-25"
"Conseil national de l'habitat","Article  L. 361-1 du code de la construction et de l’habitation",,"5","M. Richard Lioger","Membre titulaire","2017-09-18"
"Conseil national de l'habitat","Article  L. 361-1 du code de la construction et de l’habitation",,"5","Mme Annick Lepetit","Membre suppléante","2002-08-01"
"Conseil national de l'habitat","Article  L. 361-1 du code de la construction et de l’habitation",,"5","Mme Valérie Lacroute","Membre suppléante","2017-09-18"
"Conseil national de l'habitat","Article  L. 361-1 du code de la construction et de l’habitation",,"5","Mme Audrey Linkenheld","Membre titulaire","2012-10-04"
"Comite national de dialogue de l’Agence nationale des frequences","Articles L. 34-9-1 et R. 20-44-28-1 du code des postes et des communications électroniques","https://www.anfr.fr/accueil/",,"Mme Anne-Laurence Petel","Membre titulaire","2017-10-25"
"Comite national de dialogue de l’Agence nationale des frequences","Articles L. 34-9-1 et R. 20-44-28-1 du code des postes et des communications électroniques","https://www.anfr.fr/accueil/",,"M. Éric Bothorel","Membre titulaire","2017-10-25"
"Commission nationale d'orientation, de suivi et d'évaluation des techniques d'exploration et d'exploitation des hydrocarbures liquides et gazeux","Article 2 du décret n° 2012-385 du 21 mars 2012",,,"M. Fabrice Verdier","Membre titulaire","2012-09-03"
"Commission nationale du patrimoine et de l'architecture","Article L. 611-1 du code du patrimoine","http://www.culture.gouv.fr/Thematiques/Monuments-historiques-Sites-patrimoniaux-remarquables/Acteurs-et-partenariats/Commissions/Commission-nationale-du-patrimoine-et-de-l-architecture","0","M. Hervé de Lépinau","Membre suppléant","2024-11-06"
"Commission nationale du patrimoine et de l'architecture","Article L. 611-1 du code du patrimoine","http://www.culture.gouv.fr/Thematiques/Monuments-historiques-Sites-patrimoniaux-remarquables/Acteurs-et-partenariats/Commissions/Commission-nationale-du-patrimoine-et-de-l-architecture","0","Mme Nathalie Da Conceicao Carvalho","Membre suppléante","2022-10-21"
"Commission nationale du patrimoine et de l'architecture","Article L. 611-1 du code du patrimoine","http://www.culture.gouv.fr/Thematiques/Monuments-historiques-Sites-patrimoniaux-remarquables/Acteurs-et-partenariats/Commissions/Commission-nationale-du-patrimoine-et-de-l-architecture","0","Mme Jacqueline Dubois","Membre titulaire","2017-11-13"
"Commission nationale du patrimoine et de l'architecture","Article L. 611-1 du code du patrimoine","http://www.culture.gouv.fr/Thematiques/Monuments-historiques-Sites-patrimoniaux-remarquables/Acteurs-et-partenariats/Commissions/Commission-nationale-du-patrimoine-et-de-l-architecture","0","M. Raphaël Gérard","Membre titulaire","2019-03-05"
"Commission nationale du patrimoine et de l'architecture","Article L. 611-1 du code du patrimoine","http://www.culture.gouv.fr/Thematiques/Monuments-historiques-Sites-patrimoniaux-remarquables/Acteurs-et-partenariats/Commissions/Commission-nationale-du-patrimoine-et-de-l-architecture","0","Mme Constance Le Grip","Membre suppléante","2019-07-25"
"Commission nationale du patrimoine et de l'architecture","Article L. 611-1 du code du patrimoine","http://www.culture.gouv.fr/Thematiques/Monuments-historiques-Sites-patrimoniaux-remarquables/Acteurs-et-partenariats/Commissions/Commission-nationale-du-patrimoine-et-de-l-architecture","0","M. Philippe Lottiaux","Membre titulaire","2024-11-06"
"Commission nationale du patrimoine et de l'architecture","Article L. 611-1 du code du patrimoine","http://www.culture.gouv.fr/Thematiques/Monuments-historiques-Sites-patrimoniaux-remarquables/Acteurs-et-partenariats/Commissions/Commission-nationale-du-patrimoine-et-de-l-architecture","0","Mme Constance Le Grip","Membre titulaire","2022-10-21"
"Commission nationale du patrimoine et de l'architecture","Article L. 611-1 du code du patrimoine","http://www.culture.gouv.fr/Thematiques/Monuments-historiques-Sites-patrimoniaux-remarquables/Acteurs-et-partenariats/Commissions/Commission-nationale-du-patrimoine-et-de-l-architecture","0","M. Michel Herbillon","Membre suppléant","2017-11-13"
"Conseil national de l'enseignement supérieur et de la recherche artistiques et culturels","Article L. 239-1 du code de l’éducation","http://www.culture.gouv.fr/Thematiques/Enseignement-superieur-et-Recherche/Le-Cneserac","0","Mme Annie Genevard","Membre suppléante","2017-11-13"
"Conseil national de l'enseignement supérieur et de la recherche artistiques et culturels","Article L. 239-1 du code de l’éducation","http://www.culture.gouv.fr/Thematiques/Enseignement-superieur-et-Recherche/Le-Cneserac","0","M. Steevy Gustave","Membre suppléant","2024-11-06"
"Conseil national de l'enseignement supérieur et de la recherche artistiques et culturels","Article L. 239-1 du code de l’éducation","http://www.culture.gouv.fr/Thematiques/Enseignement-superieur-et-Recherche/Le-Cneserac","0","M. Alexandre Sabatou","Membre titulaire","2022-10-21"
"Conseil national de l'enseignement supérieur et de la recherche artistiques et culturels","Article L. 239-1 du code de l’éducation","http://www.culture.gouv.fr/Thematiques/Enseignement-superieur-et-Recherche/Le-Cneserac","0","Mme Claire Lejeune","Membre titulaire","2024-11-06"
"Conseil national de l'enseignement supérieur et de la recherche artistiques et culturels","Article L. 239-1 du code de l’éducation","http://www.culture.gouv.fr/Thematiques/Enseignement-superieur-et-Recherche/Le-Cneserac","0","M. Pierre Henriet","Membre titulaire","2017-11-13"
"Conseil national de l'enseignement supérieur et de la recherche artistiques et culturels","Article L. 239-1 du code de l’éducation","http://www.culture.gouv.fr/Thematiques/Enseignement-superieur-et-Recherche/Le-Cneserac","0","Mme Sarah Legrain","Membre suppléante","2022-10-21"
"Conseil supérieur des gens de mer","Article L. 5581-1 du code des transports",,"3","M. Édouard Philippe","Membre suppléant","2012-09-06"
"Conseil supérieur des gens de mer","Article L. 5581-1 du code des transports",,"3","M. Didier Le Gac","Membre titulaire","2022-10-21"
"Conseil supérieur des gens de mer","Article L. 5581-1 du code des transports",,"3","Mme Marie-Renée Oget","Membre suppléante","2012-03-02"
"Conseil supérieur des gens de mer","Article L. 5581-1 du code des transports",,"3","Mme Annick Le Loch","Membre titulaire","2012-09-06"
"Conseil supérieur des gens de mer","Article L. 5581-1 du code des transports",,"3","M. Didier Le Gac","Membre titulaire","2017-11-10"
"Conseil supérieur des gens de mer","Article L. 5581-1 du code des transports",,"3","Mme Geneviève Levy","Membre suppléante","2017-11-10"
"Conseil supérieur des gens de mer","Article L. 5581-1 du code des transports",,"3","M. Jean-Marc Lefranc","Membre titulaire","2012-03-02"
"Conseil supérieur des gens de mer","Article L. 5581-1 du code des transports",,"3","Mme Liliana Tanguy","Membre titulaire","2024-11-06"
"Conseil d’administration de l’établissement public de santé national de Fresnes",,,,"Mme Nathalie Da Conceicao Carvalho","Membre titulaire","2024-11-06"
"Commission nationale des bourses de l'Agence pour l'enseignement français à l'étranger","Article D. 531-50 du code de l'éducation","http://www.aefe.fr/aefe/organigramme/organigramme-de-laefe-commission-nationale-des-bourses-cnb",,"M. Thierry Mariani","Membre titulaire","2012-10-09"
"Commission nationale des bourses de l'Agence pour l'enseignement français à l'étranger","Article D. 531-50 du code de l'éducation","http://www.aefe.fr/aefe/organigramme/organigramme-de-laefe-commission-nationale-des-bourses-cnb",,"Mme Samantha Cazebonne","Membre titulaire","2017-11-10"
"Commission nationale des bourses de l'Agence pour l'enseignement français à l'étranger","Article D. 531-50 du code de l'éducation","http://www.aefe.fr/aefe/organigramme/organigramme-de-laefe-commission-nationale-des-bourses-cnb",,"M. Meyer Habib","Membre titulaire","2017-11-10"
"Commission nationale des bourses de l'Agence pour l'enseignement français à l'étranger","Article D. 531-50 du code de l'éducation","http://www.aefe.fr/aefe/organigramme/organigramme-de-laefe-commission-nationale-des-bourses-cnb",,"M. Philip Cordery","Membre titulaire","2012-10-09"
"Commission nationale des bourses de l'Agence pour l'enseignement français à l'étranger","Article D. 531-50 du code de l'éducation","http://www.aefe.fr/aefe/organigramme/organigramme-de-laefe-commission-nationale-des-bourses-cnb",,"Mme Samantha Cazebonne","Membre titulaire","2018-05-31"
"Conseil d'administration de Campus France","Article 6 de la loi n° 2010-873 du 27 juillet 2010","https://www.campusfrance.org/fr/organisation-conseils-organigramme",,"M. Frédéric Petit","Membre titulaire","2017-10-19"
"Conseil d'administration de Campus France","Article 6 de la loi n° 2010-873 du 27 juillet 2010","https://www.campusfrance.org/fr/organisation-conseils-organigramme",,"M. Thierry Mariani","Membre titulaire","2012-07-24"
"Conseil d'administration de Campus France","Article 6 de la loi n° 2010-873 du 27 juillet 2010","https://www.campusfrance.org/fr/organisation-conseils-organigramme",,"Mme Sabrina Sebaihi","Membre titulaire","2022-09-14"
"Conseil d'administration de Campus France","Article 6 de la loi n° 2010-873 du 27 juillet 2010","https://www.campusfrance.org/fr/organisation-conseils-organigramme",,"M. Bruno Fuchs","Membre titulaire","2024-09-18"
"Conseil d'administration de Campus France","Article 6 de la loi n° 2010-873 du 27 juillet 2010","https://www.campusfrance.org/fr/organisation-conseils-organigramme",,"M. Michel Vauzelle","Membre titulaire","2012-03-20"
"Conseil d'administration de Campus France","Article 6 de la loi n° 2010-873 du 27 juillet 2010","https://www.campusfrance.org/fr/organisation-conseils-organigramme",,"Mme Clémentine Autain","Membre titulaire","2017-10-19"
"Conseil d'administration de Campus France","Article 6 de la loi n° 2010-873 du 27 juillet 2010","https://www.campusfrance.org/fr/organisation-conseils-organigramme",,"M. Michel Vauzelle","Membre titulaire","2012-07-24"
"Conseil d'administration de Campus France","Article 6 de la loi n° 2010-873 du 27 juillet 2010","https://www.campusfrance.org/fr/organisation-conseils-organigramme",,"M. Bruno Fuchs","Membre titulaire","2022-09-14"
"Conseil d'administration de Campus France","Article 6 de la loi n° 2010-873 du 27 juillet 2010","https://www.campusfrance.org/fr/organisation-conseils-organigramme",,"Mme Chantal Bourragué","Membre titulaire","2012-03-20"
"Conseil d'administration de Campus France","Article 6 de la loi n° 2010-873 du 27 juillet 2010","https://www.campusfrance.org/fr/organisation-conseils-organigramme",,"Mme Sabrina Sebaihi","Membre titulaire","2024-09-18"
"Conseil d'administration de l'établissement public immobilier et foncier de l'État",,,,"  ",,
"Conseil d'administration de l'agence nationale de santé publique","Article L. 1413-9 du code de la santé publique",,,"Mme Sandrine Dogor-Such","Membre titulaire","2024-11-06"
"Conseil d'administration de l'agence nationale de santé publique","Article L. 1413-9 du code de la santé publique",,,"M. Jean-Louis Bricout","Membre titulaire","2018-01-26"
"Conseil d'administration de l'agence nationale de santé publique","Article L. 1413-9 du code de la santé publique",,,"Mme Albane Gaillot","Membre titulaire","2017-10-31"
"Conseil d'administration de l'agence nationale de santé publique","Article L. 1413-9 du code de la santé publique",,,"M. Joël Aviragnet","Membre titulaire","2020-06-10"
"Conseil d'administration de l'agence nationale de santé publique","Article L. 1413-9 du code de la santé publique",,,"M. Hendrik Davi","Membre titulaire","2024-11-06"
"Conseil d'administration de l'agence nationale de santé publique","Article L. 1413-9 du code de la santé publique",,,"Mme Maud Petit","Membre titulaire","2022-10-21"
"Conseil d'administration de l'agence nationale de santé publique","Article L. 1413-9 du code de la santé publique",,,"M. Joël Aviragnet","Membre titulaire","2017-10-31"
"Conseil d'administration de l'agence nationale de santé publique","Article L. 1413-9 du code de la santé publique",,,"M. Carlos Martens Bilongo","Membre titulaire","2022-10-21"
"Comité de suivi chargé de l'évaluation des allègements généraux de cotisations sociales patronales",,,,"  ",,
"Conseil d'administration de l'Institut des hautes études de défense nationale","Article L. 1132-1 du code de la défense","https://www.ihedn.fr/conseil-dadministration",,"M. Jean-Louis Léonard","Membre titulaire","2002-09-03"
"Conseil d'administration de l'Institut des hautes études de défense nationale","Article L. 1132-1 du code de la défense","https://www.ihedn.fr/conseil-dadministration",,"M. Jacques Marilossian","Membre titulaire","2017-10-09"
"Conseil d'administration de l'Institut des hautes études de défense nationale","Article L. 1132-1 du code de la défense","https://www.ihedn.fr/conseil-dadministration",,"M. Philippe Vitel","Membre titulaire","2007-07-09"
"Conseil d'administration de l'Institut des hautes études de défense nationale","Article L. 1132-1 du code de la défense","https://www.ihedn.fr/conseil-dadministration",,"M. Didier Boulaud","Membre titulaire","2000-09-09"
"Conseil d'administration de l'Institut des hautes études de défense nationale","Article L. 1132-1 du code de la défense","https://www.ihedn.fr/conseil-dadministration",,"M. Philippe Vitel","Membre titulaire","2009-12-01"
"Conseil d'administration de l'Institut des hautes études de défense nationale","Article L. 1132-1 du code de la défense","https://www.ihedn.fr/conseil-dadministration",,"Mme Hanane Mansouri","Membre titulaire","2024-11-06"
"Conseil d'administration de l'Institut des hautes études de défense nationale","Article L. 1132-1 du code de la défense","https://www.ihedn.fr/conseil-dadministration",,"M. Jean-Louis Léonard","Membre titulaire","2005-10-20"
"Conseil d'administration de l'Institut des hautes études de défense nationale","Article L. 1132-1 du code de la défense","https://www.ihedn.fr/conseil-dadministration",,"M. Gilbert Le Bris","Membre titulaire","2012-09-03"
"Conseil d'administration de l'Institut des hautes études de défense nationale","Article L. 1132-1 du code de la défense","https://www.ihedn.fr/conseil-dadministration",,"M. Robert Gaïa","Membre titulaire","2001-10-16"
"Conseil d'administration de l'Institut des hautes études de défense nationale","Article L. 1132-1 du code de la défense","https://www.ihedn.fr/conseil-dadministration",,"M. Didier Boulaud","Membre titulaire","1997-09-20"
"Conseil d'administration de l'Institut des hautes études de défense nationale","Article L. 1132-1 du code de la défense","https://www.ihedn.fr/conseil-dadministration",,"M. Mounir Belhamiti","Membre titulaire","2022-10-21"
"Observatoire national du service public de l'électricité et du gaz","Article 1 du décret n° 2003-415 du 30 avril 2003",,,"M. Jean Lassalle","Membre titulaire","2012-10-16"
"Observatoire national du service public de l'électricité et du gaz","Article 1 du décret n° 2003-415 du 30 avril 2003",,,"M. Franck Reynier","Membre suppléant","2012-10-16"
"Observatoire national du service public de l'électricité et du gaz","Article 1 du décret n° 2003-415 du 30 avril 2003",,,"M. François Loos","Membre titulaire","2007-08-01"
"Observatoire national du service public de l'électricité et du gaz","Article 1 du décret n° 2003-415 du 30 avril 2003",,,"M. Jean Gaubert","Membre suppléant","2007-08-01"
"Observatoire national du service public de l'électricité et du gaz","Article 1 du décret n° 2003-415 du 30 avril 2003",,,"M. Anthony Cellier","Membre titulaire","2017-12-26"
"Observatoire national du service public de l'électricité et du gaz","Article 1 du décret n° 2003-415 du 30 avril 2003",,,"M. Jacques Cattin","Membre suppléant","2017-12-26"
"Observatoire national du service public de l'électricité et du gaz","Article 1 du décret n° 2003-415 du 30 avril 2003",,,"M. Claude Gatignol","Membre titulaire","2003-10-08"
"Observatoire national du service public de l'électricité et du gaz","Article 1 du décret n° 2003-415 du 30 avril 2003",,,"M. Jean Gaubert","Membre suppléant","2003-10-08"
"Observatoire national du service public de l'électricité et du gaz","Article 1 du décret n° 2003-415 du 30 avril 2003",,,"Mme Ericka Bareigts","Membre titulaire","2012-10-16"
"Observatoire national du service public de l'électricité et du gaz","Article 1 du décret n° 2003-415 du 30 avril 2003",,,"M. Jean-Jacques Guillet","Membre suppléant","2012-10-16"
"Observatoire national du service public de l'électricité et du gaz","Article 1 du décret n° 2003-415 du 30 avril 2003",,,"M. Claude Gatignol","Membre titulaire","2007-08-01"
"Observatoire national du service public de l'électricité et du gaz","Article 1 du décret n° 2003-415 du 30 avril 2003",,,"M. Jean-Louis Dumont","Membre suppléant","2007-08-01"
"Observatoire national du service public de l'électricité et du gaz","Article 1 du décret n° 2003-415 du 30 avril 2003",,,"M. Jean-Félix Acquaviva","Membre suppléant","2017-12-26"
"Observatoire national du service public de l'électricité et du gaz","Article 1 du décret n° 2003-415 du 30 avril 2003",,,"Mme Jennifer De Temmerman","Membre titulaire","2017-12-26"
"Observatoire national du service public de l'électricité et du gaz","Article 1 du décret n° 2003-415 du 30 avril 2003",,,"M. Jean-Jacques Guillet","Membre titulaire","2011-12-13"
"Observatoire national du service public de l'électricité et du gaz","Article 1 du décret n° 2003-415 du 30 avril 2003",,,"M. Jean-Louis Dumont","Membre suppléant","2003-10-08"
"Observatoire national du service public de l'électricité et du gaz","Article 1 du décret n° 2003-415 du 30 avril 2003",,,"M. Hervé Novelli","Membre titulaire","2003-10-08"
"Conseil d'administration de l'Ecole nationale d'administration","Article 6 de l’ordonnance n° 45-2283 du 9 octobre 1945","https://www.ena.fr/L-ENA-se-presente/Qui-sommes-nous/Gouvernance-et-organisation/conseil-administration-ena",,"Mme Marie-Françoise Bechtel","Membre titulaire","2012-10-04"
"Conseil d'administration de l'Ecole nationale d'administration","Article 6 de l’ordonnance n° 45-2283 du 9 octobre 1945","https://www.ena.fr/L-ENA-se-presente/Qui-sommes-nous/Gouvernance-et-organisation/conseil-administration-ena",,"M. Michel Diefenbacher","Membre titulaire","2011-09-12"
"Conseil d'administration de l'Ecole nationale d'administration","Article 6 de l’ordonnance n° 45-2283 du 9 octobre 1945","https://www.ena.fr/L-ENA-se-presente/Qui-sommes-nous/Gouvernance-et-organisation/conseil-administration-ena",,"M. Michel Diefenbacher","Membre titulaire","2004-11-04"
"Conseil d'administration de l'Ecole nationale d'administration","Article 6 de l’ordonnance n° 45-2283 du 9 octobre 1945","https://www.ena.fr/L-ENA-se-presente/Qui-sommes-nous/Gouvernance-et-organisation/conseil-administration-ena",,"M. Guillaume Larrivé","Membre suppléant","2012-10-04"
"Conseil d'administration de l'Ecole nationale d'administration","Article 6 de l’ordonnance n° 45-2283 du 9 octobre 1945","https://www.ena.fr/L-ENA-se-presente/Qui-sommes-nous/Gouvernance-et-organisation/conseil-administration-ena",,"M. Sacha Houlié","Membre titulaire","2017-10-16"
"Conseil d'administration de l'Ecole nationale d'administration","Article 6 de l’ordonnance n° 45-2283 du 9 octobre 1945","https://www.ena.fr/L-ENA-se-presente/Qui-sommes-nous/Gouvernance-et-organisation/conseil-administration-ena",,"M. Pierre Morel-À-L'Huissier","Membre suppléant","2017-10-16"
"Conseil d'administration de l'Ecole nationale d'administration","Article 6 de l’ordonnance n° 45-2283 du 9 octobre 1945","https://www.ena.fr/L-ENA-se-presente/Qui-sommes-nous/Gouvernance-et-organisation/conseil-administration-ena",,"M. Christian Paul","Membre suppléant","2011-09-12"
"Conseil d'administration de l'Ecole nationale d'administration","Article 6 de l’ordonnance n° 45-2283 du 9 octobre 1945","https://www.ena.fr/L-ENA-se-presente/Qui-sommes-nous/Gouvernance-et-organisation/conseil-administration-ena",,"M. Christian Paul","Membre suppléant","2004-11-04"
"Conseil d’administration de l’Agence nationale pour la gestion des déchets radioactifs","Article L. 542-12-1 A du code de l'environnement","https://www.andra.fr/nous-connaitre/gouvernance/conseil-dadministration",,"M. Sylvain Templier","Membre titulaire","2020-11-23"
"Conseil d’administration de l’Agence nationale pour la gestion des déchets radioactifs","Article L. 542-12-1 A du code de l'environnement","https://www.andra.fr/nous-connaitre/gouvernance/conseil-dadministration",,"Mme Maud Bregeon","Membre titulaire","2022-10-20"
"Conseil d’administration de l’Agence nationale pour la gestion des déchets radioactifs","Article L. 542-12-1 A du code de l'environnement","https://www.andra.fr/nous-connaitre/gouvernance/conseil-dadministration",,"Mme Bérangère Abba","Membre titulaire","2019-09-30"
"Conseil d’administration de l’Agence nationale pour la gestion des déchets radioactifs","Article L. 542-12-1 A du code de l'environnement","https://www.andra.fr/nous-connaitre/gouvernance/conseil-dadministration",,"Mme Émilie Cariou","Membre titulaire","2017-07-13"
"Conseil national du syndrome de l'immunodéficience acquise (SIDA) et des hépatites virales chroniques","Article L. 3121-3 du code de la santé publique","https://cns.sante.fr/","52","M. Arthur Delaporte","Membre titulaire","2022-10-21"
"Conseil national du syndrome de l'immunodéficience acquise (SIDA) et des hépatites virales chroniques","Article L. 3121-3 du code de la santé publique","https://cns.sante.fr/","52","M. Jean-Louis Touraine","Membre titulaire","2017-10-19"
"Conseil national du syndrome de l'immunodéficience acquise (SIDA) et des hépatites virales chroniques","Article L. 3121-3 du code de la santé publique","https://cns.sante.fr/","52","Mme Céline Thiébault-Martinez","Membre titulaire","2024-11-06"
"Conseil national du syndrome de l'immunodéficience acquise (SIDA) et des hépatites virales chroniques","Article L. 3121-3 du code de la santé publique","https://cns.sante.fr/","52","Mme Marie-George Buffet","Membre suppléante","2017-10-19"
"Conseil d'administration du Centre national d'art et de culture Georges Pompidou","Articles 4 de la loi n° 75-1 du 3 janvier 1975 et 4 du décret n° 92-1351 du 24 décembre 1992","https://www.centrepompidou.fr/fr/Le-Centre-Pompidou/L-organisation",,"M. Michel Herbillon","Membre titulaire","1997-09-19"
"Conseil d'administration du Centre national d'art et de culture Georges Pompidou","Articles 4 de la loi n° 75-1 du 3 janvier 1975 et 4 du décret n° 92-1351 du 24 décembre 1992","https://www.centrepompidou.fr/fr/Le-Centre-Pompidou/L-organisation",,"M. Jérémie Patrier-Leitus","Membre titulaire","2022-10-21"
"Conseil d'administration du Centre national d'art et de culture Georges Pompidou","Articles 4 de la loi n° 75-1 du 3 janvier 1975 et 4 du décret n° 92-1351 du 24 décembre 1992","https://www.centrepompidou.fr/fr/Le-Centre-Pompidou/L-organisation",,"M. Jérôme Guedj","Membre titulaire","2024-11-06"
"Conseil d'administration du Centre national d'art et de culture Georges Pompidou","Articles 4 de la loi n° 75-1 du 3 janvier 1975 et 4 du décret n° 92-1351 du 24 décembre 1992","https://www.centrepompidou.fr/fr/Le-Centre-Pompidou/L-organisation",,"M. Charles Metzinger","Membre titulaire","1992-06-05"
"Conseil d'administration du Centre national d'art et de culture Georges Pompidou","Articles 4 de la loi n° 75-1 du 3 janvier 1975 et 4 du décret n° 92-1351 du 24 décembre 1992","https://www.centrepompidou.fr/fr/Le-Centre-Pompidou/L-organisation",,"M. Michel Herbillon","Membre titulaire","2000-10-26"
"Conseil d'administration du Centre national d'art et de culture Georges Pompidou","Articles 4 de la loi n° 75-1 du 3 janvier 1975 et 4 du décret n° 92-1351 du 24 décembre 1992","https://www.centrepompidou.fr/fr/Le-Centre-Pompidou/L-organisation",,"M. Olivier Dassault","Membre titulaire","1993-05-23"
"Conseil d'administration du Centre national d'art et de culture Georges Pompidou","Articles 4 de la loi n° 75-1 du 3 janvier 1975 et 4 du décret n° 92-1351 du 24 décembre 1992","https://www.centrepompidou.fr/fr/Le-Centre-Pompidou/L-organisation",,"M. François Bayrou","Membre titulaire","1986-06-20"
"Conseil d'administration du Centre national d'art et de culture Georges Pompidou","Articles 4 de la loi n° 75-1 du 3 janvier 1975 et 4 du décret n° 92-1351 du 24 décembre 1992","https://www.centrepompidou.fr/fr/Le-Centre-Pompidou/L-organisation",,"M. Jean-Paul Fuchs","Membre titulaire","1993-05-23"
"Conseil d'administration du Centre national d'art et de culture Georges Pompidou","Articles 4 de la loi n° 75-1 du 3 janvier 1975 et 4 du décret n° 92-1351 du 24 décembre 1992","https://www.centrepompidou.fr/fr/Le-Centre-Pompidou/L-organisation",,"M. Jean-François Mancel","Membre titulaire","2007-08-01"
"Conseil d'administration du Centre national d'art et de culture Georges Pompidou","Articles 4 de la loi n° 75-1 du 3 janvier 1975 et 4 du décret n° 92-1351 du 24 décembre 1992","https://www.centrepompidou.fr/fr/Le-Centre-Pompidou/L-organisation",,"M. Bruno Durieux","Membre titulaire","1986-06-20"
"Conseil d'administration du Centre national d'art et de culture Georges Pompidou","Articles 4 de la loi n° 75-1 du 3 janvier 1975 et 4 du décret n° 92-1351 du 24 décembre 1992","https://www.centrepompidou.fr/fr/Le-Centre-Pompidou/L-organisation",,"M. Jean-Paul Fuchs","Membre titulaire","1988-12-21"
"Conseil d'administration du Centre national d'art et de culture Georges Pompidou","Articles 4 de la loi n° 75-1 du 3 janvier 1975 et 4 du décret n° 92-1351 du 24 décembre 1992","https://www.centrepompidou.fr/fr/Le-Centre-Pompidou/L-organisation",,"M. Michel Herbillon","Membre titulaire","2002-08-01"
"Conseil d'administration du Centre national d'art et de culture Georges Pompidou","Articles 4 de la loi n° 75-1 du 3 janvier 1975 et 4 du décret n° 92-1351 du 24 décembre 1992","https://www.centrepompidou.fr/fr/Le-Centre-Pompidou/L-organisation",,"M. Michel Herbillon","Membre titulaire","2012-09-03"
"Conseil d'administration du Centre national d'art et de culture Georges Pompidou","Articles 4 de la loi n° 75-1 du 3 janvier 1975 et 4 du décret n° 92-1351 du 24 décembre 1992","https://www.centrepompidou.fr/fr/Le-Centre-Pompidou/L-organisation",,"M. Pierre-Yves Bournazel","Membre titulaire","2017-10-09"
"Conseil d'administration du Centre national d'art et de culture Georges Pompidou","Articles 4 de la loi n° 75-1 du 3 janvier 1975 et 4 du décret n° 92-1351 du 24 décembre 1992","https://www.centrepompidou.fr/fr/Le-Centre-Pompidou/L-organisation",,"Mme Fabienne Colboc","Membre titulaire","2024-03-28"
"Conseil d'administration du Centre national d'art et de culture Georges Pompidou","Articles 4 de la loi n° 75-1 du 3 janvier 1975 et 4 du décret n° 92-1351 du 24 décembre 1992","https://www.centrepompidou.fr/fr/Le-Centre-Pompidou/L-organisation",,"Mme Florence Goulet","Membre titulaire","2024-11-06"
"Conseil d'administration du Centre national d'art et de culture Georges Pompidou","Articles 4 de la loi n° 75-1 du 3 janvier 1975 et 4 du décret n° 92-1351 du 24 décembre 1992","https://www.centrepompidou.fr/fr/Le-Centre-Pompidou/L-organisation",,"M. Hervé Gaymard","Membre titulaire","2000-10-26"
"Conseil d'administration du Centre national d'art et de culture Georges Pompidou","Articles 4 de la loi n° 75-1 du 3 janvier 1975 et 4 du décret n° 92-1351 du 24 décembre 1992","https://www.centrepompidou.fr/fr/Le-Centre-Pompidou/L-organisation",,"Mme Astrid Panosyan-Bouvet","Membre titulaire","2022-10-21"
"Conseil d'administration du Centre national d'art et de culture Georges Pompidou","Articles 4 de la loi n° 75-1 du 3 janvier 1975 et 4 du décret n° 92-1351 du 24 décembre 1992","https://www.centrepompidou.fr/fr/Le-Centre-Pompidou/L-organisation",,"M. André Aschieri","Membre titulaire","1997-09-19"
"Conseil d'administration du Centre national d'art et de culture Georges Pompidou","Articles 4 de la loi n° 75-1 du 3 janvier 1975 et 4 du décret n° 92-1351 du 24 décembre 1992","https://www.centrepompidou.fr/fr/Le-Centre-Pompidou/L-organisation",,"M. Dominique Gambier","Membre titulaire","1992-06-05"
"Conseil d'administration du Centre national d'art et de culture Georges Pompidou","Articles 4 de la loi n° 75-1 du 3 janvier 1975 et 4 du décret n° 92-1351 du 24 décembre 1992","https://www.centrepompidou.fr/fr/Le-Centre-Pompidou/L-organisation",,"M. Bruno Bourg-Broc","Membre titulaire","1993-05-23"
"Conseil d'administration du Centre national d'art et de culture Georges Pompidou","Articles 4 de la loi n° 75-1 du 3 janvier 1975 et 4 du décret n° 92-1351 du 24 décembre 1992","https://www.centrepompidou.fr/fr/Le-Centre-Pompidou/L-organisation",,"M. Hervé Gaymard","Membre titulaire","1997-09-19"
"Conseil d'administration du Centre national d'art et de culture Georges Pompidou","Articles 4 de la loi n° 75-1 du 3 janvier 1975 et 4 du décret n° 92-1351 du 24 décembre 1992","https://www.centrepompidou.fr/fr/Le-Centre-Pompidou/L-organisation",,"M. Jean-Pierre Sueur","Membre titulaire","1988-12-21"
"Conseil d'administration du Centre national d'art et de culture Georges Pompidou","Articles 4 de la loi n° 75-1 du 3 janvier 1975 et 4 du décret n° 92-1351 du 24 décembre 1992","https://www.centrepompidou.fr/fr/Le-Centre-Pompidou/L-organisation",,"Mme Françoise de Panafieu","Membre titulaire","1986-06-20"
"Conseil d'administration du Centre national d'art et de culture Georges Pompidou","Articles 4 de la loi n° 75-1 du 3 janvier 1975 et 4 du décret n° 92-1351 du 24 décembre 1992","https://www.centrepompidou.fr/fr/Le-Centre-Pompidou/L-organisation",,"M. Michel Herbillon","Membre titulaire","2007-08-01"
"Conseil d'administration du Centre national d'art et de culture Georges Pompidou","Articles 4 de la loi n° 75-1 du 3 janvier 1975 et 4 du décret n° 92-1351 du 24 décembre 1992","https://www.centrepompidou.fr/fr/Le-Centre-Pompidou/L-organisation",,"M. Charles Josselin","Membre titulaire","1988-12-21"
"Conseil d'administration du Centre national d'art et de culture Georges Pompidou","Articles 4 de la loi n° 75-1 du 3 janvier 1975 et 4 du décret n° 92-1351 du 24 décembre 1992","https://www.centrepompidou.fr/fr/Le-Centre-Pompidou/L-organisation",,"M. Jean-François Mancel","Membre titulaire","2002-08-01"
"Conseil d'administration du Centre national d'art et de culture Georges Pompidou","Articles 4 de la loi n° 75-1 du 3 janvier 1975 et 4 du décret n° 92-1351 du 24 décembre 1992","https://www.centrepompidou.fr/fr/Le-Centre-Pompidou/L-organisation",,"Mme Cathy Racon-Bouzon","Membre titulaire","2017-10-09"
"Conseil d'administration du Centre national d'art et de culture Georges Pompidou","Articles 4 de la loi n° 75-1 du 3 janvier 1975 et 4 du décret n° 92-1351 du 24 décembre 1992","https://www.centrepompidou.fr/fr/Le-Centre-Pompidou/L-organisation",,"M. Christian Paul","Membre titulaire","2012-09-03"
"Comité de gestion des charges de service public de l'électricité","Article D. 121-34 du code de l'énergie",,,"M. Richard Lioger","Membre titulaire","2017-12-28"
"Comité stratégique de l’établissement public société canal seine-nord europe","Article 4 de l'ordonnance n° 2016-489 du 21 avril 2016","https://www.canal-seine-nord-europe.fr/Acteurs/La-Societe-du-Canal-Seine-Nord-Europe",,"M. Stéphane Demilly","Membre titulaire","2017-10-04"
"Comité stratégique de l’établissement public société canal seine-nord europe","Article 4 de l'ordonnance n° 2016-489 du 21 avril 2016","https://www.canal-seine-nord-europe.fr/Acteurs/La-Societe-du-Canal-Seine-Nord-Europe",,"Mme Félicie Gérard","Membre titulaire","2024-11-05"
"Comité stratégique de l’établissement public société canal seine-nord europe","Article 4 de l'ordonnance n° 2016-489 du 21 avril 2016","https://www.canal-seine-nord-europe.fr/Acteurs/La-Societe-du-Canal-Seine-Nord-Europe",,"M. Stéphane Demilly","Membre titulaire","2017-03-17"
"Comité stratégique de l’établissement public société canal seine-nord europe","Article 4 de l'ordonnance n° 2016-489 du 21 avril 2016","https://www.canal-seine-nord-europe.fr/Acteurs/La-Societe-du-Canal-Seine-Nord-Europe",,"Mme Yaël Ménaché","Membre titulaire","2022-10-21"
"Comité stratégique de l’établissement public société canal seine-nord europe","Article 4 de l'ordonnance n° 2016-489 du 21 avril 2016","https://www.canal-seine-nord-europe.fr/Acteurs/La-Societe-du-Canal-Seine-Nord-Europe",,"M. Michel Guiniot","Membre titulaire","2024-11-21"
"Comité stratégique de l’établissement public société canal seine-nord europe","Article 4 de l'ordonnance n° 2016-489 du 21 avril 2016","https://www.canal-seine-nord-europe.fr/Acteurs/La-Societe-du-Canal-Seine-Nord-Europe",,"M. Bruno Duvergé","Membre titulaire","2020-11-06"
"Comité stratégique de l’établissement public société canal seine-nord europe","Article 4 de l'ordonnance n° 2016-489 du 21 avril 2016","https://www.canal-seine-nord-europe.fr/Acteurs/La-Societe-du-Canal-Seine-Nord-Europe",,"M. Guy Bricout","Membre titulaire","2022-10-21"
"Conseil consultatif des Terres australes et antarctiques françaises","Article 3 de la loi n° 55-1052 du 6 août 1955","http://www.taaf.fr/Le-conseil-consultatif",,"Mme Estelle Youssouffa","Membre suppléante","2022-10-21"
"Conseil consultatif des Terres australes et antarctiques françaises","Article 3 de la loi n° 55-1052 du 6 août 1955","http://www.taaf.fr/Le-conseil-consultatif",,"M. Stéphane Claireaux","Membre titulaire","2020-12-08"
"Conseil consultatif des Terres australes et antarctiques françaises","Article 3 de la loi n° 55-1052 du 6 août 1955","http://www.taaf.fr/Le-conseil-consultatif",,"M. Jimmy Pahun","Membre titulaire","2024-11-06"
"Conseil consultatif des Terres australes et antarctiques françaises","Article 3 de la loi n° 55-1052 du 6 août 1955","http://www.taaf.fr/Le-conseil-consultatif",,"M. Philippe Folliot","Membre titulaire","2018-04-13"
"Conseil consultatif des Terres australes et antarctiques françaises","Article 3 de la loi n° 55-1052 du 6 août 1955","http://www.taaf.fr/Le-conseil-consultatif",,"M. Patrick Lebreton","Membre titulaire","2013-06-17"
"Conseil consultatif des Terres australes et antarctiques françaises","Article 3 de la loi n° 55-1052 du 6 août 1955","http://www.taaf.fr/Le-conseil-consultatif",,"Mme Sandrine Le Feur","Membre titulaire","2017-10-23"
"Conseil consultatif des Terres australes et antarctiques françaises","Article 3 de la loi n° 55-1052 du 6 août 1955","http://www.taaf.fr/Le-conseil-consultatif",,"Mme Clémence Guetté","Membre titulaire","2022-10-21"
"Conseil consultatif des Terres australes et antarctiques françaises","Article 3 de la loi n° 55-1052 du 6 août 1955","http://www.taaf.fr/Le-conseil-consultatif",,"M. Aurélien Saintoul","Membre suppléant","2024-11-06"
"Conseil consultatif des Terres australes et antarctiques françaises","Article 3 de la loi n° 55-1052 du 6 août 1955","http://www.taaf.fr/Le-conseil-consultatif",,"M. Yves Censi","Membre suppléant","2013-06-17"
"Conseil consultatif des Terres australes et antarctiques françaises","Article 3 de la loi n° 55-1052 du 6 août 1955","http://www.taaf.fr/Le-conseil-consultatif",,"M. David Lorion","Membre suppléant","2017-10-23"
"Conseil d'administration de l'Institut de radioprotection et de sûreté nucléaire","Article L. 592-45 du code de l’environnement","http://www.irsn.fr/FR/IRSN/Gouvernance/Pages/Conseil_d_Administration.aspx#.Wyvdomfm7-U",,"Mme Perrine Goulet","Membre titulaire","2017-11-10"
"Conseil d'administration de l'Institut de radioprotection et de sûreté nucléaire","Article L. 592-45 du code de l’environnement","http://www.irsn.fr/FR/IRSN/Gouvernance/Pages/Conseil_d_Administration.aspx#.Wyvdomfm7-U",,"Mme Perrine Goulet","Membre titulaire","2019-09-12"
"Conseil d'administration de l'Institut de radioprotection et de sûreté nucléaire","Article L. 592-45 du code de l’environnement","http://www.irsn.fr/FR/IRSN/Gouvernance/Pages/Conseil_d_Administration.aspx#.Wyvdomfm7-U",,"Mme Natalia Pouzyreff","Membre titulaire","2022-10-21"
"Conseil d'administration de l'Institut de radioprotection et de sûreté nucléaire","Article L. 592-45 du code de l’environnement","http://www.irsn.fr/FR/IRSN/Gouvernance/Pages/Conseil_d_Administration.aspx#.Wyvdomfm7-U",,"M. Maxime Laisney","Membre titulaire","2024-11-06"
"Comité national de l'organisation sanitaire et sociale","Article L. 6121-8 du code de la santé publique",,"8","M. Pierre Morange","Membre titulaire","2003-10-15"
"Comité national de l'organisation sanitaire et sociale","Article L. 6121-8 du code de la santé publique",,"8","M. Pierre Morange","Membre titulaire","2007-07-31"
"Comité national de l'organisation sanitaire et sociale","Article L. 6121-8 du code de la santé publique",,"8","Mme Fanélie Carrey-Conte","Membre titulaire","2012-07-25"
"Comité national de l'organisation sanitaire et sociale","Article L. 6121-8 du code de la santé publique",,"8","M. Alain Calmat","Membre titulaire","1992-07-09"
"Comité national de l'organisation sanitaire et sociale","Article L. 6121-8 du code de la santé publique",,"8","M. Jean Bardet","Membre suppléant","1997-02-28"
"Comité national de l'organisation sanitaire et sociale","Article L. 6121-8 du code de la santé publique",,"8","M. Jean-Yves Chamard","Membre suppléant","1992-07-09"
"Comité national de l'organisation sanitaire et sociale","Article L. 6121-8 du code de la santé publique",,"8","Mme Hélène Mignon","Membre suppléante","2002-08-01"
"Comité national de l'organisation sanitaire et sociale","Article L. 6121-8 du code de la santé publique",,"8","M. Sébastien Peytavie","Membre titulaire","2023-03-08"
"Comité national de l'organisation sanitaire et sociale","Article L. 6121-8 du code de la santé publique",,"8","M. Claude Leteurtre","Membre suppléant","2007-07-31"
"Comité national de l'organisation sanitaire et sociale","Article L. 6121-8 du code de la santé publique",,"8","Mme Bérengère Poletti","Membre suppléante","2012-07-25"
"Comité national de l'organisation sanitaire et sociale","Article L. 6121-8 du code de la santé publique",,"8","Mme Yvette Benayoun-Nakache","Membre suppléante","1997-09-19"
"Comité national de l'organisation sanitaire et sociale","Article L. 6121-8 du code de la santé publique",,"8","Mme Chantal Bourragué","Membre titulaire","2002-08-01"
"Comité national de l'organisation sanitaire et sociale","Article L. 6121-8 du code de la santé publique",,"8","Mme Mireille Robert","Membre titulaire","2018-06-27"
"Comité national de l'organisation sanitaire et sociale","Article L. 6121-8 du code de la santé publique",,"8","M. Renaud Muselier","Membre titulaire","1997-09-19"
"Comité national de l'organisation sanitaire et sociale","Article L. 6121-8 du code de la santé publique",,"8","M. Pierre Hellier","Membre titulaire","1997-02-28"
"Comité national de l'organisation sanitaire et sociale","Article L. 6121-8 du code de la santé publique",,"8","M. Jean-Yves Chamard","Membre titulaire","1993-05-20"
"Plateforme nationale d'actions globales pour la responsabilité sociétale des entreprises","Article 60 de la loi n° 2005-882 du 2 août 2005",,,"Mme Valérie Bazin-Malgras","Membre titulaire","2022-10-21"
"Plateforme nationale d'actions globales pour la responsabilité sociétale des entreprises","Article 60 de la loi n° 2005-882 du 2 août 2005",,,"M. Fabrice Roussel","Membre titulaire","2024-11-06"
"Haut conseil des musées de France","Article L. 430-1 du code du patrimoine",,"2","M. François de Mazières","Membre suppléant","2012-10-04"
"Haut conseil des musées de France","Article L. 430-1 du code du patrimoine",,"2","Mme Brigitte Kuster","Membre suppléante","2017-10-25"
"Haut conseil des musées de France","Article L. 430-1 du code du patrimoine",,"2","M. Raphaël Gérard","Membre titulaire","2017-10-25"
"Haut conseil des musées de France","Article L. 430-1 du code du patrimoine",,"2","M. Patrick Bloche","Membre titulaire","2002-08-01"
"Haut conseil des musées de France","Article L. 430-1 du code du patrimoine",,"2","M. Jean-Pierre Door","Membre suppléant","2011-09-12"
"Haut conseil des musées de France","Article L. 430-1 du code du patrimoine",,"2","M. Patrick Bloche","Membre titulaire","2012-10-04"
"Haut conseil des musées de France","Article L. 430-1 du code du patrimoine",,"2","M. Raphaël Gérard","Membre titulaire","2022-10-21"
"Haut conseil des musées de France","Article L. 430-1 du code du patrimoine",,"2","Mme Isabelle Rauch","Membre titulaire","2024-11-06"
"Haut conseil des musées de France","Article L. 430-1 du code du patrimoine",,"2","M. Patrick Bloche","Membre titulaire","2011-09-12"
"Haut conseil des musées de France","Article L. 430-1 du code du patrimoine",,"2","M. Jean-Pierre Door","Membre suppléant","2002-08-01"
"Commission nationale de restitution des biens culturels",,,,"  ",,
"Comité consultatif de gouvernance mentionné à l'article L.213-4-1 du code de l'environnement","Article 1 du décret n° 2009-1352 du 2 novembre 2009",,,"M. Dominique Potier","Membre titulaire","2013-01-07"
"Comité consultatif de gouvernance mentionné à l'article L.213-4-1 du code de l'environnement","Article 1 du décret n° 2009-1352 du 2 novembre 2009",,,"Mme Laurence Maillart-Méhaignerie","Membre titulaire","2017-11-02"
"Comité consultatif de gouvernance mentionné à l'article L.213-4-1 du code de l'environnement","Article 1 du décret n° 2009-1352 du 2 novembre 2009",,,"M. André Flajolet","Membre titulaire","2010-05-03"
"Comité consultatif de gouvernance mentionné à l'article L.213-4-1 du code de l'environnement","Article 1 du décret n° 2009-1352 du 2 novembre 2009",,,"M. Jean-Claude Buisine","Membre titulaire","2012-09-28"
"Haut comité du système de transport ferroviaire","Article L. 2100-3 du code des transports","http://www.assorail.fr/reforme-ferroviaire/les-37-membres-du-haut-comite-du-systeme-de-transport-ferroviaire",,"Mme Stéphanie Kochert","Membre titulaire","2022-10-21"
"Haut comité du système de transport ferroviaire","Article L. 2100-3 du code des transports","http://www.assorail.fr/reforme-ferroviaire/les-37-membres-du-haut-comite-du-systeme-de-transport-ferroviaire",,"M. Thomas Portes","Membre titulaire","2024-11-06"
"Haut comité du système de transport ferroviaire","Article L. 2100-3 du code des transports","http://www.assorail.fr/reforme-ferroviaire/les-37-membres-du-haut-comite-du-systeme-de-transport-ferroviaire",,"M. Jean-Marc Zulesi","Membre titulaire","2017-11-02"
"Haut comité du système de transport ferroviaire","Article L. 2100-3 du code des transports","http://www.assorail.fr/reforme-ferroviaire/les-37-membres-du-haut-comite-du-systeme-de-transport-ferroviaire",,"Mme Manon Bouquin","Membre titulaire","2024-11-06"
"Haut comité du système de transport ferroviaire","Article L. 2100-3 du code des transports","http://www.assorail.fr/reforme-ferroviaire/les-37-membres-du-haut-comite-du-systeme-de-transport-ferroviaire",,"M. Thomas Portes","Membre titulaire","2022-10-21"
"Haut comité du système de transport ferroviaire","Article L. 2100-3 du code des transports","http://www.assorail.fr/reforme-ferroviaire/les-37-membres-du-haut-comite-du-systeme-de-transport-ferroviaire",,"Mme Béatrice Descamps","Membre titulaire","2017-11-02"
"Comité de suivi de la mise en oeuvre des dispositions relatives au cinéma et autres arts et industries de l'image animée","Article 2 du décret n° 2009-495 du 30 avril 2009",,,"M. Michel Herbillon","Membre titulaire","2009-05-27"
"Comité de suivi de la mise en oeuvre des dispositions relatives au cinéma et autres arts et industries de l'image animée","Article 2 du décret n° 2009-495 du 30 avril 2009",,,"Mme Sophie Mette","Membre titulaire","2017-11-10"
"Comité de suivi de la mise en oeuvre des dispositions relatives au cinéma et autres arts et industries de l'image animée","Article 2 du décret n° 2009-495 du 30 avril 2009",,,"M. Michel Larive","Membre suppléant","2017-11-10"
"Comité de suivi de la mise en oeuvre des dispositions relatives au cinéma et autres arts et industries de l'image animée","Article 2 du décret n° 2009-495 du 30 avril 2009",,,"Mme Muriel Marland-Militello","Membre suppléante","2009-05-27"
"Conseil d'administration du centre scientifique et technique du bâtiment","Articles L. 142-1 et R. 142-2 du code de la construction et de l'habitation","http://www.cstb.fr/cstb/organisation/instances-de-gouvernance/",,"M. Joris Hébrard","Membre titulaire","2022-10-21"
"Conseil d'administration du centre scientifique et technique du bâtiment","Articles L. 142-1 et R. 142-2 du code de la construction et de l'habitation","http://www.cstb.fr/cstb/organisation/instances-de-gouvernance/",,"M. Frédéric Falcon","Membre titulaire","2023-11-30"
"Conseil d'administration du centre scientifique et technique du bâtiment","Articles L. 142-1 et R. 142-2 du code de la construction et de l'habitation","http://www.cstb.fr/cstb/organisation/instances-de-gouvernance/",,"Mme Florence Goulet","Membre titulaire","2024-11-06"
"Conseil d'administration du centre scientifique et technique du bâtiment","Articles L. 142-1 et R. 142-2 du code de la construction et de l'habitation","http://www.cstb.fr/cstb/organisation/instances-de-gouvernance/",,"M. Jean-Luc Fugit","Membre titulaire","2017-10-19"
"Comité des rémunérations du comité d'organisation des jeux Olympiques et Paralympiques","Article 28 de la loi n° 2018-202 du 26 mars 2018",,,"Mme Claudia Rouaux","Membre titulaire","2022-11-09"
"Comité des rémunérations du comité d'organisation des jeux Olympiques et Paralympiques","Article 28 de la loi n° 2018-202 du 26 mars 2018",,,"M. Régis Juanico","Membre titulaire","2019-03-06"
"Comité des rémunérations du comité d'organisation des jeux Olympiques et Paralympiques","Article 28 de la loi n° 2018-202 du 26 mars 2018",,,"M. Alexandre Allegret-Pilot","Membre titulaire","2024-11-06"
"Conseil national de l'air","Article L. 221-6-1 du code de l'environnement",,"0","Mme Claire Colomb-Pitollat","Membre titulaire","2022-10-27"
"Conseil national de l'air","Article L. 221-6-1 du code de l'environnement",,"0","M. Jean-Luc Fugit","Membre titulaire","2019-12-20"
"Conseil national de l'air","Article L. 221-6-1 du code de l'environnement",,"0","M. Jean-Luc Fugit","Membre titulaire","2024-11-06"
"Conseil d'administration de l'Agence française de développement","Article  L. 515-13 du code monétaire et financier","https://www.afd.fr/fr/gouvernance?prevId=63",,"M. Patrick Labaune","Membre suppléant","1993-05-14"
"Conseil d'administration de l'Agence française de développement","Article  L. 515-13 du code monétaire et financier","https://www.afd.fr/fr/gouvernance?prevId=63",,"M. Jacques Godfrain","Membre titulaire","2002-08-01"
"Conseil d'administration de l'Agence française de développement","Article  L. 515-13 du code monétaire et financier","https://www.afd.fr/fr/gouvernance?prevId=63",,"M. Jean-Louis Dumont","Membre suppléant","2010-09-09"
"Conseil d'administration de l'Agence française de développement","Article  L. 515-13 du code monétaire et financier","https://www.afd.fr/fr/gouvernance?prevId=63",,"M. Étienne Pinte","Membre suppléant","1993-01-16"
"Conseil d'administration de l'Agence française de développement","Article  L. 515-13 du code monétaire et financier","https://www.afd.fr/fr/gouvernance?prevId=63",,"M. François Loos","Membre titulaire","2010-10-09"
"Conseil d'administration de l'Agence française de développement","Article  L. 515-13 du code monétaire et financier","https://www.afd.fr/fr/gouvernance?prevId=63",,"M. Pierre Victoria","Membre titulaire","1993-01-16"
"Conseil d'administration de l'Agence française de développement","Article  L. 515-13 du code monétaire et financier","https://www.afd.fr/fr/gouvernance?prevId=63",,"M. Yves Dauge","Membre titulaire","1997-07-23"
"Conseil d'administration de l'Agence française de développement","Article  L. 515-13 du code monétaire et financier","https://www.afd.fr/fr/gouvernance?prevId=63",,"M. François Loos","Membre titulaire","2007-08-01"
"Conseil d'administration de l'Agence française de développement","Article  L. 515-13 du code monétaire et financier","https://www.afd.fr/fr/gouvernance?prevId=63",,"M. Jean-Louis Dumont","Membre suppléant","2007-08-01"
"Conseil d'administration de l'Agence française de développement","Article  L. 515-13 du code monétaire et financier","https://www.afd.fr/fr/gouvernance?prevId=63",,"M. Gaston Flosse","Membre titulaire","1993-05-14"
"Conseil d'administration de l'Agence française de développement","Article  L. 515-13 du code monétaire et financier","https://www.afd.fr/fr/gouvernance?prevId=63",,"M. Georges Chavanes","Membre titulaire","1993-05-14"
"Conseil d'administration de l'Agence française de développement","Article  L. 515-13 du code monétaire et financier","https://www.afd.fr/fr/gouvernance?prevId=63",,"M. Philippe Auberger","Membre suppléant","1997-07-23"
"Conseil d'administration de l'Agence française de développement","Article  L. 515-13 du code monétaire et financier","https://www.afd.fr/fr/gouvernance?prevId=63",,"Mme Eléonore Caroit","Membre titulaire","2022-10-21"
"Conseil d'administration de l'Agence française de développement","Article  L. 515-13 du code monétaire et financier","https://www.afd.fr/fr/gouvernance?prevId=63",,"M. Victor Brial","Membre titulaire","2004-05-11"
"Conseil d'administration de l'Agence française de développement","Article  L. 515-13 du code monétaire et financier","https://www.afd.fr/fr/gouvernance?prevId=63",,"Mme Amélia Lakrafi","Membre titulaire","2017-09-18"
"Conseil d'administration de l'Agence française de développement","Article  L. 515-13 du code monétaire et financier","https://www.afd.fr/fr/gouvernance?prevId=63",,"M. Maurice Adevah-Poeuf","Membre titulaire","1997-07-23"
"Conseil d'administration de l'Agence française de développement","Article  L. 515-13 du code monétaire et financier","https://www.afd.fr/fr/gouvernance?prevId=63",,"M. Dominique Potier","Membre suppléant","2022-10-21"
"Conseil d'administration de l'Agence française de développement","Article  L. 515-13 du code monétaire et financier","https://www.afd.fr/fr/gouvernance?prevId=63",,"Mme Bérengère Poletti","Membre suppléante","2021-09-15"
"Conseil d'administration de l'Agence française de développement","Article  L. 515-13 du code monétaire et financier","https://www.afd.fr/fr/gouvernance?prevId=63",,"M. Frédéric Petit","Membre titulaire","2024-11-06"
"Conseil d'administration de l'Agence française de développement","Article  L. 515-13 du code monétaire et financier","https://www.afd.fr/fr/gouvernance?prevId=63",,"M. Noël Mamère","Membre titulaire","2012-09-24"
"Conseil d'administration de l'Agence française de développement","Article  L. 515-13 du code monétaire et financier","https://www.afd.fr/fr/gouvernance?prevId=63",,"Mme Amélia Lakrafi","Membre titulaire","2020-12-08"
"Conseil d'administration de l'Agence française de développement","Article  L. 515-13 du code monétaire et financier","https://www.afd.fr/fr/gouvernance?prevId=63",,"M. Jérôme Bignon","Membre titulaire","2011-12-13"
"Conseil d'administration de l'Agence française de développement","Article  L. 515-13 du code monétaire et financier","https://www.afd.fr/fr/gouvernance?prevId=63",,"Mme Marine Hamelet","Membre suppléante","2024-11-06"
"Conseil d'administration de l'Agence française de développement","Article  L. 515-13 du code monétaire et financier","https://www.afd.fr/fr/gouvernance?prevId=63",,"M. Yves Nicolin","Membre suppléant","2012-09-24"
"Conseil d'administration de l'Agence française de développement","Article  L. 515-13 du code monétaire et financier","https://www.afd.fr/fr/gouvernance?prevId=63",,"M. Jean-Claude Lefort","Membre suppléant","1997-07-23"
"Conseil d'administration de l'Agence française de développement","Article  L. 515-13 du code monétaire et financier","https://www.afd.fr/fr/gouvernance?prevId=63",,"M. Louis Guédon","Membre suppléant","2002-08-01"
"Conseil d'administration de l'Agence française de développement","Article  L. 515-13 du code monétaire et financier","https://www.afd.fr/fr/gouvernance?prevId=63",,"M. Nicolas Forissier","Membre titulaire","2002-08-01"
"Conseil d'administration de l'Agence française de développement","Article  L. 515-13 du code monétaire et financier","https://www.afd.fr/fr/gouvernance?prevId=63",,"M. François Loos","Membre suppléant","1995-10-13"
"Conseil d'administration de l'Agence française de développement","Article  L. 515-13 du code monétaire et financier","https://www.afd.fr/fr/gouvernance?prevId=63",,"M. Jean Gaubert","Membre suppléant","1993-01-16"
"Conseil d'administration de l'Agence française de développement","Article  L. 515-13 du code monétaire et financier","https://www.afd.fr/fr/gouvernance?prevId=63",,"M. Louis Guédon","Membre suppléant","2010-09-09"
"Conseil d'administration de l'Agence française de développement","Article  L. 515-13 du code monétaire et financier","https://www.afd.fr/fr/gouvernance?prevId=63",,"M. Jean-Paul Fuchs","Membre titulaire","1993-01-16"
"Conseil d'administration de l'Agence française de développement","Article  L. 515-13 du code monétaire et financier","https://www.afd.fr/fr/gouvernance?prevId=63",,"M. Renaud Muselier","Membre titulaire","2010-10-09"
"Conseil d'administration de l'Agence française de développement","Article  L. 515-13 du code monétaire et financier","https://www.afd.fr/fr/gouvernance?prevId=63",,"M. Renaud Muselier","Membre titulaire","2007-08-01"
"Conseil d'administration de l'Agence française de développement","Article  L. 515-13 du code monétaire et financier","https://www.afd.fr/fr/gouvernance?prevId=63",,"M. Louis Guédon","Membre suppléant","2007-08-01"
"Conseil d'administration de l'Agence française de développement","Article  L. 515-13 du code monétaire et financier","https://www.afd.fr/fr/gouvernance?prevId=63",,"M. Jean-Yves Gateaud","Membre titulaire","2001-10-24"
"Conseil d'administration de l'Agence française de développement","Article  L. 515-13 du code monétaire et financier","https://www.afd.fr/fr/gouvernance?prevId=63",,"Mme Eléonore Caroit","Membre titulaire","2023-04-19"
"Conseil d'administration de l'Agence française de développement","Article  L. 515-13 du code monétaire et financier","https://www.afd.fr/fr/gouvernance?prevId=63",,"M. Hervé Berville","Membre titulaire","2017-09-18"
"Conseil d'administration de l'Agence française de développement","Article  L. 515-13 du code monétaire et financier","https://www.afd.fr/fr/gouvernance?prevId=63",,"M. Frédéric Petit","Membre titulaire","2022-10-21"
"Conseil d'administration de l'Agence française de développement","Article  L. 515-13 du code monétaire et financier","https://www.afd.fr/fr/gouvernance?prevId=63",,"M. Jean-Marie Tétart","Membre suppléant","2015-02-19"
"Conseil d'administration de l'Agence française de développement","Article  L. 515-13 du code monétaire et financier","https://www.afd.fr/fr/gouvernance?prevId=63",,"Mme Eléonore Caroit","Membre titulaire","2024-11-06"
"Conseil d'administration de l'Agence française de développement","Article  L. 515-13 du code monétaire et financier","https://www.afd.fr/fr/gouvernance?prevId=63",,"M. Michel Destot","Membre titulaire","2012-09-24"
"Conseil d'administration de l'Agence française de développement","Article  L. 515-13 du code monétaire et financier","https://www.afd.fr/fr/gouvernance?prevId=63",,"Mme Nadège Abomangoli","Membre suppléante","2022-10-21"
"Conseil d'administration de l'Agence française de développement","Article  L. 515-13 du code monétaire et financier","https://www.afd.fr/fr/gouvernance?prevId=63",,"M. Dominique Potier","Membre suppléant","2017-09-18"
"Conseil d'administration de l'Agence française de développement","Article  L. 515-13 du code monétaire et financier","https://www.afd.fr/fr/gouvernance?prevId=63",,"M. Hervé Berville","Membre titulaire","2020-12-08"
"Conseil d'administration de l'Agence française de développement","Article  L. 515-13 du code monétaire et financier","https://www.afd.fr/fr/gouvernance?prevId=63",,"M. Dominique Potier","Membre suppléant","2024-11-06"
"Conseil d'administration de l'Agence française de développement","Article  L. 515-13 du code monétaire et financier","https://www.afd.fr/fr/gouvernance?prevId=63",,"M. Stéphane Demilly","Membre suppléant","2012-09-24"
"Conseil d'administration de l'Agence française de développement","Article  L. 515-13 du code monétaire et financier","https://www.afd.fr/fr/gouvernance?prevId=63",,"M. Jean-Louis Dumont","Membre suppléant","2002-08-01"
"Comité de contrôle et de liaison covid-19 chargé d'associer la société civile et le Parlement aux opérations de lutte contre la propagation de l'épidémie par suivi des contacts ainsi qu'au déploiement des systèmes d'information prévus à cet effet",,,"0","Mme Virginie Duby-Muller","Membre titulaire","2020-06-04"
"Comité de contrôle et de liaison covid-19 chargé d'associer la société civile et le Parlement aux opérations de lutte contre la propagation de l'épidémie par suivi des contacts ainsi qu'au déploiement des systèmes d'information prévus à cet effet",,,"0","Mme Raquel Garrido","Membre titulaire","2022-10-21"
"Comité de contrôle et de liaison covid-19 chargé d'associer la société civile et le Parlement aux opérations de lutte contre la propagation de l'épidémie par suivi des contacts ainsi qu'au déploiement des systèmes d'information prévus à cet effet",,,"0","M. Éric Bothorel","Membre titulaire","2020-06-04"
"Comité de contrôle et de liaison covid-19 chargé d'associer la société civile et le Parlement aux opérations de lutte contre la propagation de l'épidémie par suivi des contacts ainsi qu'au déploiement des systèmes d'information prévus à cet effet",,,"0","M. Philippe Latombe","Membre titulaire","2022-10-21"
"Conseil d'administration du Centre national du cinéma et de l'image animée","Article L. 112-1 du code du cinéma et de l'image animée","http://cnc.fr/web/fr;jsessionid=E86B1EDA242977C26CF620B5904B2220.liferay","0","M. Quentin Bataillon","Membre titulaire","2022-09-28"
"Conseil d'administration du Centre national du cinéma et de l'image animée","Article L. 112-1 du code du cinéma et de l'image animée","http://cnc.fr/web/fr;jsessionid=E86B1EDA242977C26CF620B5904B2220.liferay","0","Mme Sarah Legrain","Membre titulaire","2024-10-02"
"Conseil d'administration du Centre national du cinéma et de l'image animée","Article L. 112-1 du code du cinéma et de l'image animée","http://cnc.fr/web/fr;jsessionid=E86B1EDA242977C26CF620B5904B2220.liferay","0","Mme Anne-Christine Lang","Membre titulaire","2017-11-09"
"Conseil d'administration du Centre national du cinéma et de l'image animée","Article L. 112-1 du code du cinéma et de l'image animée","http://cnc.fr/web/fr;jsessionid=E86B1EDA242977C26CF620B5904B2220.liferay","0","M. Marcel Rogemont","Membre titulaire","2012-07-25"
"Conseil national du développement et de la solidarité internationale","Article 6-1 de la loi n° 2014-773 du 7 juillet 2014","https://www.diplomatie.gouv.fr/fr/politique-etrangere-de-la-france/societe-civile-et-volontariat/le-conseil-national-pour-le-developpement-et-la-solidarite-internationale-cndsi/","3","Mme Monica Michel-Brassart","Membre titulaire","2020-12-08"
"Conseil national du développement et de la solidarité internationale","Article 6-1 de la loi n° 2014-773 du 7 juillet 2014","https://www.diplomatie.gouv.fr/fr/politique-etrangere-de-la-france/societe-civile-et-volontariat/le-conseil-national-pour-le-developpement-et-la-solidarite-internationale-cndsi/","3","M. Mansour Kamardine","Membre suppléant","2017-09-13"
"Conseil national du développement et de la solidarité internationale","Article 6-1 de la loi n° 2014-773 du 7 juillet 2014","https://www.diplomatie.gouv.fr/fr/politique-etrangere-de-la-france/societe-civile-et-volontariat/le-conseil-national-pour-le-developpement-et-la-solidarite-internationale-cndsi/","3","M. Guillaume Bigot","Membre titulaire","2024-11-06"
"Conseil national du développement et de la solidarité internationale","Article 6-1 de la loi n° 2014-773 du 7 juillet 2014","https://www.diplomatie.gouv.fr/fr/politique-etrangere-de-la-france/societe-civile-et-volontariat/le-conseil-national-pour-le-developpement-et-la-solidarite-internationale-cndsi/","3","M. Jean-François Mancel","Membre titulaire","2014-04-18"
"Conseil national du développement et de la solidarité internationale","Article 6-1 de la loi n° 2014-773 du 7 juillet 2014","https://www.diplomatie.gouv.fr/fr/politique-etrangere-de-la-france/societe-civile-et-volontariat/le-conseil-national-pour-le-developpement-et-la-solidarite-internationale-cndsi/","3","M. Olivier Faure","Membre titulaire","2022-10-21"
"Conseil national du développement et de la solidarité internationale","Article 6-1 de la loi n° 2014-773 du 7 juillet 2014","https://www.diplomatie.gouv.fr/fr/politique-etrangere-de-la-france/societe-civile-et-volontariat/le-conseil-national-pour-le-developpement-et-la-solidarite-internationale-cndsi/","3","M. Rodrigue Kokouendo","Membre titulaire","2020-12-08"
"Conseil national du développement et de la solidarité internationale","Article 6-1 de la loi n° 2014-773 du 7 juillet 2014","https://www.diplomatie.gouv.fr/fr/politique-etrangere-de-la-france/societe-civile-et-volontariat/le-conseil-national-pour-le-developpement-et-la-solidarite-internationale-cndsi/","3","Mme Sophia Chikirou","Membre titulaire","2024-11-06"
"Conseil national du développement et de la solidarité internationale","Article 6-1 de la loi n° 2014-773 du 7 juillet 2014","https://www.diplomatie.gouv.fr/fr/politique-etrangere-de-la-france/societe-civile-et-volontariat/le-conseil-national-pour-le-developpement-et-la-solidarite-internationale-cndsi/","3","Mme Sabine Rubin","Membre suppléante","2017-09-13"
"Conseil national du développement et de la solidarité internationale","Article 6-1 de la loi n° 2014-773 du 7 juillet 2014","https://www.diplomatie.gouv.fr/fr/politique-etrangere-de-la-france/societe-civile-et-volontariat/le-conseil-national-pour-le-developpement-et-la-solidarite-internationale-cndsi/","3","M. Jean-René Marsac","Membre titulaire","2014-04-18"
"Conseil national du développement et de la solidarité internationale","Article 6-1 de la loi n° 2014-773 du 7 juillet 2014","https://www.diplomatie.gouv.fr/fr/politique-etrangere-de-la-france/societe-civile-et-volontariat/le-conseil-national-pour-le-developpement-et-la-solidarite-internationale-cndsi/","3","Mme Edwige Diaz","Membre titulaire","2022-10-21"
"Comité national d'orientation et de suivi du fods de soutien mentionné à l'article 92 de la loi du 29 décembre 2013 de finances pour 2014","Article 92 de la loi n° 2013-1278 du 29 décembre 2013 de finances pour 2014",,,"M. Jean-Pierre Gorges","Membre suppléant","2014-09-11"
"Comité national d'orientation et de suivi du fods de soutien mentionné à l'article 92 de la loi du 29 décembre 2013 de finances pour 2014","Article 92 de la loi n° 2013-1278 du 29 décembre 2013 de finances pour 2014",,,"M. Thomas Cazenave","Membre titulaire","2022-08-03"
"Comité national d'orientation et de suivi du fods de soutien mentionné à l'article 92 de la loi du 29 décembre 2013 de finances pour 2014","Article 92 de la loi n° 2013-1278 du 29 décembre 2013 de finances pour 2014",,,"M. Joël Giraud","Membre titulaire","2023-10-24"
"Comité national d'orientation et de suivi du fods de soutien mentionné à l'article 92 de la loi du 29 décembre 2013 de finances pour 2014","Article 92 de la loi n° 2013-1278 du 29 décembre 2013 de finances pour 2014",,,"M. Jean-René Cazeneuve","Membre titulaire","2018-01-15"
"Comité national d'orientation et de suivi du fods de soutien mentionné à l'article 92 de la loi du 29 décembre 2013 de finances pour 2014","Article 92 de la loi n° 2013-1278 du 29 décembre 2013 de finances pour 2014",,,"M. Christophe Castaner","Membre titulaire","2014-09-11"
"Comité national d'orientation et de suivi du fods de soutien mentionné à l'article 92 de la loi du 29 décembre 2013 de finances pour 2014","Article 92 de la loi n° 2013-1278 du 29 décembre 2013 de finances pour 2014",,,"M. Charles de Courson","Membre suppléant","2018-01-15"
"Commission d'évaluation de l'aide publique au développement",,,,"Mme Sabrina Sebaihi","Membre titulaire","2025-03-24"
"Conseil national de la culture scientifique, technique et industrielle ","Article L. 124-1 du code de la recherche","http://www.culture.gouv.fr/Nous-connaitre/Organisation/Services-rattaches-a-la-ministre/Conseil-national-de-la-Culture-scientifique-technique-et-industrielle",,"Mme Anne Genetet","Membre titulaire","2018-03-06"
"Conseil national de la culture scientifique, technique et industrielle ","Article L. 124-1 du code de la recherche","http://www.culture.gouv.fr/Nous-connaitre/Organisation/Services-rattaches-a-la-ministre/Conseil-national-de-la-Culture-scientifique-technique-et-industrielle",,"M. Pierre Henriet","Membre titulaire","2018-03-06"
"Conseil national de la culture scientifique, technique et industrielle ","Article L. 124-1 du code de la recherche","http://www.culture.gouv.fr/Nous-connaitre/Organisation/Services-rattaches-a-la-ministre/Conseil-national-de-la-Culture-scientifique-technique-et-industrielle",,"M. Philippe Berta","Membre titulaire","2022-10-20"
"Conseil national de l'adoption","L. 147-12 code action sociale et familles",,,"Mme Michèle Peyron","Membre titulaire","2023-02-15"
"Conseil national de l'adoption","L. 147-12 code action sociale et familles",,,"M. Arnaud Simion","Membre titulaire","2024-11-06"
"Comité consultatif de la législation et de la réglementation financières","Article L. 614-2 du code monétaire et financier","https://cclrf.banque-france.fr/presentation/composition","14","M. Jean-Pierre Balligand","Membre suppléant","2004-09-15"
"Comité consultatif de la législation et de la réglementation financières","Article L. 614-2 du code monétaire et financier","https://cclrf.banque-france.fr/presentation/composition","14","M. Louis Giscard d'Estaing","Membre titulaire","2007-08-01"
"Comité consultatif de la législation et de la réglementation financières","Article L. 614-2 du code monétaire et financier","https://cclrf.banque-france.fr/presentation/composition","14","M. Jérôme Chartier","Membre suppléant","2012-10-04"
"Comité consultatif de la législation et de la réglementation financières","Article L. 614-2 du code monétaire et financier","https://cclrf.banque-france.fr/presentation/composition","14","M. Philippe Auberger","Membre titulaire","2004-09-15"
"Comité consultatif de la législation et de la réglementation financières","Article L. 614-2 du code monétaire et financier","https://cclrf.banque-france.fr/presentation/composition","14","M. Florent Boudié","Membre titulaire","2017-09-22"
"Comité consultatif de la législation et de la réglementation financières","Article L. 614-2 du code monétaire et financier","https://cclrf.banque-france.fr/presentation/composition","14","Mme Claire Marais-Beuil","Membre titulaire","2024-11-06"
"Comité consultatif de la législation et de la réglementation financières","Article L. 614-2 du code monétaire et financier","https://cclrf.banque-france.fr/presentation/composition","14","M. Jean-Pierre Balligand","Membre suppléant","2007-08-01"
"Comité consultatif de la législation et de la réglementation financières","Article L. 614-2 du code monétaire et financier","https://cclrf.banque-france.fr/presentation/composition","14","Mme Véronique Louwagie","Membre suppléante","2017-09-22"
"Comité consultatif de la législation et de la réglementation financières","Article L. 614-2 du code monétaire et financier","https://cclrf.banque-france.fr/presentation/composition","14","M. Jean-Philippe Tanguy","Membre titulaire","2022-10-21"
"Comité consultatif de la législation et de la réglementation financières","Article L. 614-2 du code monétaire et financier","https://cclrf.banque-france.fr/presentation/composition","14","M. Laurent Grandguillaume","Membre titulaire","2012-10-04"
"Conseil d'administration du centre hospitalier national d'ophtalmologie des quinze-vingts","Article R. 6147-59 du code de la santé publique","https://www.quinze-vingts.fr/le_chno_des_quinze_vingts/gouvernance__1",,"Mme Christiane Mora","Membre titulaire","1988-12-09"
"Conseil d'administration du centre hospitalier national d'ophtalmologie des quinze-vingts","Article R. 6147-59 du code de la santé publique","https://www.quinze-vingts.fr/le_chno_des_quinze_vingts/gouvernance__1",,"M. Patrick Bloche","Membre titulaire","2002-08-01"
"Conseil d'administration du centre hospitalier national d'ophtalmologie des quinze-vingts","Article R. 6147-59 du code de la santé publique","https://www.quinze-vingts.fr/le_chno_des_quinze_vingts/gouvernance__1",,"M. Patrick Bloche","Membre titulaire","1997-09-19"
"Conseil d'administration du centre hospitalier national d'ophtalmologie des quinze-vingts","Article R. 6147-59 du code de la santé publique","https://www.quinze-vingts.fr/le_chno_des_quinze_vingts/gouvernance__1",,"M. Patrick Bloche","Membre titulaire","2012-07-25"
"Conseil d'administration du centre hospitalier national d'ophtalmologie des quinze-vingts","Article R. 6147-59 du code de la santé publique","https://www.quinze-vingts.fr/le_chno_des_quinze_vingts/gouvernance__1",,"M. Louis Moulinet","Membre titulaire","1986-05-15"
"Conseil d'administration du centre hospitalier national d'ophtalmologie des quinze-vingts","Article R. 6147-59 du code de la santé publique","https://www.quinze-vingts.fr/le_chno_des_quinze_vingts/gouvernance__1",,"M. Patrick Bloche","Membre titulaire","2011-02-24"
"Conseil d'administration du centre hospitalier national d'ophtalmologie des quinze-vingts","Article R. 6147-59 du code de la santé publique","https://www.quinze-vingts.fr/le_chno_des_quinze_vingts/gouvernance__1",,"Mme Muguette Jacquaint","Membre titulaire","1993-05-13"
"Conseil d'administration du centre hospitalier national d'ophtalmologie des quinze-vingts","Article R. 6147-59 du code de la santé publique","https://www.quinze-vingts.fr/le_chno_des_quinze_vingts/gouvernance__1",,"Mme Élisabeth Toutut-Picard","Membre titulaire","2018-06-27"
"Conseil d'orientation stratégique du Fonds de solidarité prioritaire","Article 3 du décret n° 2000-880 du 11 septembre 2000",,,"M. Jean-Pierre Gorges","Membre titulaire","2007-08-01"
"Conseil d'orientation stratégique du Fonds de solidarité prioritaire","Article 3 du décret n° 2000-880 du 11 septembre 2000",,,"M. Bastien Lachaud","Membre titulaire","2017-09-13"
"Conseil d'orientation stratégique du Fonds de solidarité prioritaire","Article 3 du décret n° 2000-880 du 11 septembre 2000",,,"M. André Schneider","Membre titulaire","2012-10-04"
"Conseil d'orientation stratégique du Fonds de solidarité prioritaire","Article 3 du décret n° 2000-880 du 11 septembre 2000",,,"M. Loïc Bouvard","Membre titulaire","2002-08-01"
"Conseil d'orientation stratégique du Fonds de solidarité prioritaire","Article 3 du décret n° 2000-880 du 11 septembre 2000",,,"M. Jean-Pierre Gorges","Membre titulaire","2004-05-11"
"Conseil d'orientation stratégique du Fonds de solidarité prioritaire","Article 3 du décret n° 2000-880 du 11 septembre 2000",,,"M. Maurice Adevah-Poeuf","Membre titulaire","2001-01-10"
"Conseil d'orientation stratégique du Fonds de solidarité prioritaire","Article 3 du décret n° 2000-880 du 11 septembre 2000",,,"M. Yves Dauge","Membre titulaire","2001-01-10"
"Conseil d'orientation stratégique du Fonds de solidarité prioritaire","Article 3 du décret n° 2000-880 du 11 septembre 2000",,,"M. Michel Fromet","Membre titulaire","2001-10-24"
"Conseil d'orientation stratégique du Fonds de solidarité prioritaire","Article 3 du décret n° 2000-880 du 11 septembre 2000",,,"Mme Valérie Thomas","Membre titulaire","2017-09-13"
"Conseil d'orientation stratégique du Fonds de solidarité prioritaire","Article 3 du décret n° 2000-880 du 11 septembre 2000",,,"M. Jean-Louis Destans","Membre titulaire","2012-10-04"
"Conseil d'orientation stratégique du Fonds de solidarité prioritaire","Article 3 du décret n° 2000-880 du 11 septembre 2000",,,"Mme Marie-Anne Montchamp","Membre titulaire","2002-08-01"
"Comité national de l'eau","Article L. 213-1 du code de l’environnement",,"4","Mme Lisa Belluco","Membre titulaire","2024-11-06"
"Comité national de l'eau","Article L. 213-1 du code de l’environnement",,"4","M. André Flajolet","Membre titulaire","2008-09-24"
"Comité national de l'eau","Article L. 213-1 du code de l’environnement",,"4","M. Jimmy Pahun","Membre titulaire","2022-10-21"
"Comité national de l'eau","Article L. 213-1 du code de l’environnement",,"4","Mme Nathalie Sarles","Membre titulaire","2017-12-18"
"Comité national de l'eau","Article L. 213-1 du code de l’environnement",,"4","M. Jean Launay","Membre titulaire","2012-09-25"
"Comité national de l'eau","Article L. 213-1 du code de l’environnement",,"4","M. Sylvain Berrios","Membre titulaire","2024-11-06"
"Comité national de l'eau","Article L. 213-1 du code de l’environnement",,"4","M. Germinal Peiro","Membre titulaire","2008-09-24"
"Comité national de l'eau","Article L. 213-1 du code de l’environnement",,"4","Mme Marie Pochon","Membre titulaire","2022-10-21"
"Comité national de l'eau","Article L. 213-1 du code de l’environnement",,"4","M. Nicolas Turquois","Membre titulaire","2017-12-18"
"Comité national de l'eau","Article L. 213-1 du code de l’environnement",,"4","M. Jean-Pierre Vigier","Membre titulaire","2012-09-25"
"Comité de surveillance du Fonds de solidarité vieillesse","Article L. 135-1 du code de la sécurité sociale","http://www.fsv.fr/fsv/gouvernance",,"M. Dominique Da Silva","Membre titulaire","2020-12-08"
"Comité de surveillance du Fonds de solidarité vieillesse","Article L. 135-1 du code de la sécurité sociale","http://www.fsv.fr/fsv/gouvernance",,"M. Michel Issindou","Membre titulaire","2012-09-18"
"Comité de surveillance du Fonds de solidarité vieillesse","Article L. 135-1 du code de la sécurité sociale","http://www.fsv.fr/fsv/gouvernance",,"M. Dominique Dord","Membre titulaire","2005-10-20"
"Comité de surveillance du Fonds de solidarité vieillesse","Article L. 135-1 du code de la sécurité sociale","http://www.fsv.fr/fsv/gouvernance",,"M. Jacques Barrot","Membre titulaire","1997-09-19"
"Comité de surveillance du Fonds de solidarité vieillesse","Article L. 135-1 du code de la sécurité sociale","http://www.fsv.fr/fsv/gouvernance",,"M. Jean-Claude Mathis","Membre titulaire","2011-01-14"
"Comité de surveillance du Fonds de solidarité vieillesse","Article L. 135-1 du code de la sécurité sociale","http://www.fsv.fr/fsv/gouvernance",,"M. Aurélien Taché","Membre titulaire","2017-10-25"
"Comité de surveillance du Fonds de solidarité vieillesse","Article L. 135-1 du code de la sécurité sociale","http://www.fsv.fr/fsv/gouvernance",,"M. Jean-Carles Grelier","Membre titulaire","2022-10-21"
"Comité de surveillance du Fonds de solidarité vieillesse","Article L. 135-1 du code de la sécurité sociale","http://www.fsv.fr/fsv/gouvernance",,"M. Gaëtan Gorce","Membre titulaire","2000-10-11"
"Comité de surveillance du Fonds de solidarité vieillesse","Article L. 135-1 du code de la sécurité sociale","http://www.fsv.fr/fsv/gouvernance",,"M. Hervé Gaymard","Membre titulaire","1994-04-16"
"Comité de surveillance du Fonds de solidarité vieillesse","Article L. 135-1 du code de la sécurité sociale","http://www.fsv.fr/fsv/gouvernance",,"M. Jean-Claude Mathis","Membre titulaire","2007-08-01"
"Comité de surveillance du Fonds de solidarité vieillesse","Article L. 135-1 du code de la sécurité sociale","http://www.fsv.fr/fsv/gouvernance",,"Mme Marie-Ange Rousselot","Membre titulaire","2024-11-06"
"Comité de surveillance du Fonds de solidarité vieillesse","Article L. 135-1 du code de la sécurité sociale","http://www.fsv.fr/fsv/gouvernance",,"Mme Marie-Christine Dalloz","Membre titulaire","2020-11-13"
"Comité de surveillance du Fonds de solidarité vieillesse","Article L. 135-1 du code de la sécurité sociale","http://www.fsv.fr/fsv/gouvernance",,"M. Jean-Claude Mathis","Membre titulaire","2002-08-01"
"Comité de surveillance du Fonds de solidarité vieillesse","Article L. 135-1 du code de la sécurité sociale","http://www.fsv.fr/fsv/gouvernance",,"M. Dominique Dord","Membre titulaire","2012-09-18"
"Comité de surveillance du Fonds de solidarité vieillesse","Article L. 135-1 du code de la sécurité sociale","http://www.fsv.fr/fsv/gouvernance",,"M. Jean-Claude Mathis","Membre titulaire","2005-10-20"
"Comité de surveillance du Fonds de solidarité vieillesse","Article L. 135-1 du code de la sécurité sociale","http://www.fsv.fr/fsv/gouvernance",,"M. Dominique Dord","Membre titulaire","2011-01-14"
"Comité de surveillance du Fonds de solidarité vieillesse","Article L. 135-1 du code de la sécurité sociale","http://www.fsv.fr/fsv/gouvernance",,"Mme Marie-Christine Dalloz","Membre titulaire","2017-10-25"
"Comité de surveillance du Fonds de solidarité vieillesse","Article L. 135-1 du code de la sécurité sociale","http://www.fsv.fr/fsv/gouvernance",,"Mme Marie-Noëlle Battistel","Membre titulaire","2022-10-21"
"Comité de surveillance du Fonds de solidarité vieillesse","Article L. 135-1 du code de la sécurité sociale","http://www.fsv.fr/fsv/gouvernance",,"M. Dominique Dord","Membre titulaire","2007-08-01"
"Comité de surveillance du Fonds de solidarité vieillesse","Article L. 135-1 du code de la sécurité sociale","http://www.fsv.fr/fsv/gouvernance",,"M. Jacques Barrot","Membre titulaire","2000-10-11"
"Comité de surveillance du Fonds de solidarité vieillesse","Article L. 135-1 du code de la sécurité sociale","http://www.fsv.fr/fsv/gouvernance",,"M. Denis Jacquat","Membre titulaire","1994-04-16"
"Comité de surveillance du Fonds de solidarité vieillesse","Article L. 135-1 du code de la sécurité sociale","http://www.fsv.fr/fsv/gouvernance",,"M. Kévin Mauvieux","Membre titulaire","2024-11-06"
"Comité de surveillance du Fonds de solidarité vieillesse","Article L. 135-1 du code de la sécurité sociale","http://www.fsv.fr/fsv/gouvernance",,"M. Gaëtan Gorce","Membre titulaire","1997-09-19"
"Comité de surveillance du Fonds de solidarité vieillesse","Article L. 135-1 du code de la sécurité sociale","http://www.fsv.fr/fsv/gouvernance",,"M. Dominique Dord","Membre titulaire","2002-08-01"
"Comité de surveillance du Fonds de solidarité vieillesse","Article L. 135-1 du code de la sécurité sociale","http://www.fsv.fr/fsv/gouvernance",,"M. Marc Le Fur","Membre titulaire","1995-07-07"
"Conseil supérieur de la coopération","Articles 5-1 de la loi n° 47-1775 du 10 septembre 1947 et 1er du décret n° 2015-562 du 20 mai 2015",,,"Mme Sira Sylla","Membre titulaire","2017-11-10"
"Conseil supérieur de la coopération","Articles 5-1 de la loi n° 47-1775 du 10 septembre 1947 et 1er du décret n° 2015-562 du 20 mai 2015",,,"Mme Nadia Essayan","Membre titulaire","2017-11-10"
"Conseil supérieur de la coopération","Articles 5-1 de la loi n° 47-1775 du 10 septembre 1947 et 1er du décret n° 2015-562 du 20 mai 2015",,,"M. Dominique Potier","Membre titulaire","2017-11-10"
"Conseil supérieur de la coopération","Articles 5-1 de la loi n° 47-1775 du 10 septembre 1947 et 1er du décret n° 2015-562 du 20 mai 2015",,,"M. Pierre Cabaré","Membre titulaire","2017-11-10"
"Conseil national du bruit","Article  L. 571-1-1 du code de l’environnement","https://www.ecologique-solidaire.gouv.fr/conseil-national-du-bruit","22","M. Claude Gaillard","Membre titulaire","1988-11-18"
"Conseil national du bruit","Article  L. 571-1-1 du code de l’environnement","https://www.ecologique-solidaire.gouv.fr/conseil-national-du-bruit","22","M. Gérard Cherpion","Membre suppléant","2011-01-14"
"Conseil national du bruit","Article  L. 571-1-1 du code de l’environnement","https://www.ecologique-solidaire.gouv.fr/conseil-national-du-bruit","22","M. Jacques Masdeu-Arus","Membre suppléant","2000-11-28"
"Conseil national du bruit","Article  L. 571-1-1 du code de l’environnement","https://www.ecologique-solidaire.gouv.fr/conseil-national-du-bruit","22","M. Ludovic Pajot","Membre suppléant","2017-12-26"
"Conseil national du bruit","Article  L. 571-1-1 du code de l’environnement","https://www.ecologique-solidaire.gouv.fr/conseil-national-du-bruit","22","M. Stéphane Demilly","Membre titulaire","2007-08-10"
"Conseil national du bruit","Article  L. 571-1-1 du code de l’environnement","https://www.ecologique-solidaire.gouv.fr/conseil-national-du-bruit","22","M. Jean-Pierre Blazy","Membre titulaire","2000-06-21"
"Conseil national du bruit","Article  L. 571-1-1 du code de l’environnement","https://www.ecologique-solidaire.gouv.fr/conseil-national-du-bruit","22","M. Pierre Ducout","Membre titulaire","1996-06-20"
"Conseil national du bruit","Article  L. 571-1-1 du code de l’environnement","https://www.ecologique-solidaire.gouv.fr/conseil-national-du-bruit","22","Mme Ayda Hadizadeh","Membre titulaire","2024-11-06"
"Conseil national du bruit","Article  L. 571-1-1 du code de l’environnement","https://www.ecologique-solidaire.gouv.fr/conseil-national-du-bruit","22","M. Stéphane Demilly","Membre titulaire","2005-10-20"
"Conseil national du bruit","Article  L. 571-1-1 du code de l’environnement","https://www.ecologique-solidaire.gouv.fr/conseil-national-du-bruit","22","M. Jean-Jacques Bridey","Membre titulaire","2012-10-16"
"Conseil national du bruit","Article  L. 571-1-1 du code de l’environnement","https://www.ecologique-solidaire.gouv.fr/conseil-national-du-bruit","22","M. Pierre-Rémy Houssin","Membre titulaire","1986-06-13"
"Conseil national du bruit","Article  L. 571-1-1 du code de l’environnement","https://www.ecologique-solidaire.gouv.fr/conseil-national-du-bruit","22","M. Stéphane Demilly","Membre titulaire","2002-08-01"
"Conseil national du bruit","Article  L. 571-1-1 du code de l’environnement","https://www.ecologique-solidaire.gouv.fr/conseil-national-du-bruit","22","M. Stéphane Demilly","Membre titulaire","2011-01-14"
"Conseil national du bruit","Article  L. 571-1-1 du code de l’environnement","https://www.ecologique-solidaire.gouv.fr/conseil-national-du-bruit","22","Mme Laurianne Rossi","Membre titulaire","2017-12-21"
"Conseil national du bruit","Article  L. 571-1-1 du code de l’environnement","https://www.ecologique-solidaire.gouv.fr/conseil-national-du-bruit","22","M. Gérard Cherpion","Membre suppléant","2007-08-10"
"Conseil national du bruit","Article  L. 571-1-1 du code de l’environnement","https://www.ecologique-solidaire.gouv.fr/conseil-national-du-bruit","22","M. Jean-Marie Aubron","Membre suppléant","2005-10-20"
"Conseil national du bruit","Article  L. 571-1-1 du code de l’environnement","https://www.ecologique-solidaire.gouv.fr/conseil-national-du-bruit","22","M. Jean-Pierre Blazy","Membre titulaire","1997-07-10"
"Conseil national du bruit","Article  L. 571-1-1 du code de l’environnement","https://www.ecologique-solidaire.gouv.fr/conseil-national-du-bruit","22","M. Jean-Pierre Blazy","Président","1997-07-10"
"Conseil national du bruit","Article  L. 571-1-1 du code de l’environnement","https://www.ecologique-solidaire.gouv.fr/conseil-national-du-bruit","22","M. Claude Gaillard","Membre titulaire","1989-12-14"
"Conseil national du bruit","Article  L. 571-1-1 du code de l’environnement","https://www.ecologique-solidaire.gouv.fr/conseil-national-du-bruit","22","M. Robin Reda","Membre titulaire","2022-10-21"
"Conseil national du bruit","Article  L. 571-1-1 du code de l’environnement","https://www.ecologique-solidaire.gouv.fr/conseil-national-du-bruit","22","M. Philippe Meunier","Membre suppléant","2012-10-16"
"Conseil national du bruit","Article  L. 571-1-1 du code de l’environnement","https://www.ecologique-solidaire.gouv.fr/conseil-national-du-bruit","22","M. Jean-Marie Aubron","Membre suppléant","2002-08-01"
"Comité de massif du Massif central","Article 7 de la loi n° 85-30 du 9 janvier 1985","http://www.cget.gouv.fr/montagne/commissariats-de-massifs",,"Mme Delphine Lingemann","Membre titulaire","2024-11-06"
"Comité de massif du Massif central","Article 7 de la loi n° 85-30 du 9 janvier 1985","http://www.cget.gouv.fr/montagne/commissariats-de-massifs",,"M. Nicolas Bonnet","Membre titulaire","2024-11-06"
"Comité de massif du Massif central","Article 7 de la loi n° 85-30 du 9 janvier 1985","http://www.cget.gouv.fr/montagne/commissariats-de-massifs",,"M. Alexis Jolly","Membre titulaire","2022-10-21"
"Comité de massif du Massif central","Article 7 de la loi n° 85-30 du 9 janvier 1985","http://www.cget.gouv.fr/montagne/commissariats-de-massifs",,"Mme Marie-Ange Magne","Membre titulaire","2017-11-17"
"Comité de massif du Massif central","Article 7 de la loi n° 85-30 du 9 janvier 1985","http://www.cget.gouv.fr/montagne/commissariats-de-massifs",,"Mme Laurence Vichnievsky","Membre suppléante","2017-11-17"
"Comité de massif du Massif central","Article 7 de la loi n° 85-30 du 9 janvier 1985","http://www.cget.gouv.fr/montagne/commissariats-de-massifs",,"Mme Delphine Lingemann","Membre titulaire","2022-10-21"
"Comité de massif du Massif central","Article 7 de la loi n° 85-30 du 9 janvier 1985","http://www.cget.gouv.fr/montagne/commissariats-de-massifs",,"M. Christophe Jerretie","Membre titulaire","2017-11-17"
"Comité de massif du Massif central","Article 7 de la loi n° 85-30 du 9 janvier 1985","http://www.cget.gouv.fr/montagne/commissariats-de-massifs",,"M. Arnaud Viala","Membre suppléant","2017-11-17"
"Conseil national d'évaluation des normes","Article L. 1212-1 du code général des collectivités territoriales","http://www.cnen.dgcl.interieur.gouv.fr/","19","Mme Élodie Jacquier-Laforge","Membre suppléante","2017-10-05"
"Conseil national d'évaluation des normes","Article L. 1212-1 du code général des collectivités territoriales","http://www.cnen.dgcl.interieur.gouv.fr/","19","M. Ugo Bernalicis","Membre suppléant","2022-10-21"
"Conseil national d'évaluation des normes","Article L. 1212-1 du code général des collectivités territoriales","http://www.cnen.dgcl.interieur.gouv.fr/","19","M. Jean-Charles Taugourdeau","Membre titulaire","2017-10-05"
"Conseil national d'évaluation des normes","Article L. 1212-1 du code général des collectivités territoriales","http://www.cnen.dgcl.interieur.gouv.fr/","19","Mme Sylvie Tolmont","Membre titulaire","2014-08-01"
"Conseil national d'évaluation des normes","Article L. 1212-1 du code général des collectivités territoriales","http://www.cnen.dgcl.interieur.gouv.fr/","19","Mme Catherine Kamowski","Membre titulaire","2020-10-21"
"Conseil national d'évaluation des normes","Article L. 1212-1 du code général des collectivités territoriales","http://www.cnen.dgcl.interieur.gouv.fr/","19","Mme Anne-Laure Blin","Membre titulaire","2024-11-06"
"Conseil national d'évaluation des normes","Article L. 1212-1 du code général des collectivités territoriales","http://www.cnen.dgcl.interieur.gouv.fr/","19","M. Henri Alfandari","Membre suppléant","2024-11-06"
"Conseil national d'évaluation des normes","Article L. 1212-1 du code général des collectivités territoriales","http://www.cnen.dgcl.interieur.gouv.fr/","19","M. Jean-Victor Castor","Membre titulaire","2022-10-21"
"Conseil national d'évaluation des normes","Article L. 1212-1 du code général des collectivités territoriales","http://www.cnen.dgcl.interieur.gouv.fr/","19","M. Rémy Rebeyrotte","Membre suppléant","2017-10-05"
"Conseil national d'évaluation des normes","Article L. 1212-1 du code général des collectivités territoriales","http://www.cnen.dgcl.interieur.gouv.fr/","19","Mme Patricia Lemoine","Membre suppléante","2022-10-21"
"Conseil national d'évaluation des normes","Article L. 1212-1 du code général des collectivités territoriales","http://www.cnen.dgcl.interieur.gouv.fr/","19","Mme Marie Guévenoux","Membre titulaire","2017-10-05"
"Conseil national d'évaluation des normes","Article L. 1212-1 du code général des collectivités territoriales","http://www.cnen.dgcl.interieur.gouv.fr/","19","M. Pierre Morel-À-L'Huissier","Membre titulaire","2014-08-01"
"Conseil national d'évaluation des normes","Article L. 1212-1 du code général des collectivités territoriales","http://www.cnen.dgcl.interieur.gouv.fr/","19","M. François Vannson","Membre suppléant","2014-08-01"
"Conseil national d'évaluation des normes","Article L. 1212-1 du code général des collectivités territoriales","http://www.cnen.dgcl.interieur.gouv.fr/","19","M. Jean-Carles Grelier","Membre titulaire","2024-11-06"
"Conseil national d'évaluation des normes","Article L. 1212-1 du code général des collectivités territoriales","http://www.cnen.dgcl.interieur.gouv.fr/","19","Mme Manon Bouquin","Membre suppléante","2024-11-06"
"Conseil national d'évaluation des normes","Article L. 1212-1 du code général des collectivités territoriales","http://www.cnen.dgcl.interieur.gouv.fr/","19","Mme Véronique Louwagie","Membre titulaire","2022-10-21"
"Comité de pilotage de l'expérimentation prévue à l'article 10 de la loi n° 2023-380 du 19 mai 2023 relative aux jeux Olympiques et Paralympiques de 2024 et portant diverses autres dispositions",,,,"Mme Valérie Bazin-Malgras","Membre titulaire","2024-03-28"
"Comité de pilotage de l'expérimentation prévue à l'article 10 de la loi n° 2023-380 du 19 mai 2023 relative aux jeux Olympiques et Paralympiques de 2024 et portant diverses autres dispositions",,,,"M. Stéphane Mazars","Membre titulaire","2024-11-06"
"Comité de pilotage de l'expérimentation prévue à l'article 10 de la loi n° 2023-380 du 19 mai 2023 relative aux jeux Olympiques et Paralympiques de 2024 et portant diverses autres dispositions",,,,"M. Stéphane Mazars","Membre titulaire","2024-03-28"
"Comité de pilotage de l'expérimentation prévue à l'article 10 de la loi n° 2023-380 du 19 mai 2023 relative aux jeux Olympiques et Paralympiques de 2024 et portant diverses autres dispositions",,,,"Mme Sandra Regol","Membre titulaire","2024-11-06"
"Conseil national de l'aide aux victimes","Article 37 de la loi n° 2018-699 du 3 août 2018","http://www.justice.gouv.fr/aide-aux-victimes-10044/la-justice-et-les-associations-10278/le-conseil-national-de-laide-aux-victimes-23095.html","0","Mme Nathalie Nieson","Membre titulaire","2012-09-03"
"Conseil national de l'aide aux victimes","Article 37 de la loi n° 2018-699 du 3 août 2018","http://www.justice.gouv.fr/aide-aux-victimes-10044/la-justice-et-les-associations-10278/le-conseil-national-de-laide-aux-victimes-23095.html","0","Mme Alexandra Louis","Membre titulaire","2017-11-10"
"Conseil national de l'aide aux victimes","Article 37 de la loi n° 2018-699 du 3 août 2018","http://www.justice.gouv.fr/aide-aux-victimes-10044/la-justice-et-les-associations-10278/le-conseil-national-de-laide-aux-victimes-23095.html","0","M. Philippe Houillon","Membre titulaire","2010-11-30"
"Conseil national de l'économie circulaire","Article 541-1 du code de l'environnement",,,"M. Pierre Meurin","Membre suppléant","2022-10-21"
"Conseil national de l'économie circulaire","Article 541-1 du code de l'environnement",,,"Mme Laure Lavalette","Membre suppléante","2024-11-06"
"Conseil national de l'économie circulaire","Article 541-1 du code de l'environnement",,,"Mme Graziella Melchior","Membre titulaire","2024-11-06"
"Conseil national de l'économie circulaire","Article 541-1 du code de l'environnement",,,"M. Charles Fournier","Membre titulaire","2022-10-21"
"Commission nationale de la déontologie et des alertes en matière de santé publique et d'environnement","Article 5 de la loi n° 2013-316 du 16 avril 2013",,"0","Mme Florence Granjus","Membre titulaire","2017-12-21"
"Commission nationale de la déontologie et des alertes en matière de santé publique et d'environnement","Article 5 de la loi n° 2013-316 du 16 avril 2013",,"0","M. Yannick Neuder","Membre titulaire","2022-10-21"
"Commission nationale de la déontologie et des alertes en matière de santé publique et d'environnement","Article 5 de la loi n° 2013-316 du 16 avril 2013",,"0","Mme Cécile Untermaier","Membre suppléante","2017-12-21"
"Commission nationale de la déontologie et des alertes en matière de santé publique et d'environnement","Article 5 de la loi n° 2013-316 du 16 avril 2013",,"0","M. Loïc Prud'homme","Membre titulaire","2024-11-06"
"Commission nationale de la déontologie et des alertes en matière de santé publique et d'environnement","Article 5 de la loi n° 2013-316 du 16 avril 2013",,"0","Mme Élisabeth Toutut-Picard","Membre titulaire","2017-12-21"
"Commission nationale de la déontologie et des alertes en matière de santé publique et d'environnement","Article 5 de la loi n° 2013-316 du 16 avril 2013",,"0","M. Brahim Hammouche","Membre suppléant","2017-12-21"
"Commission nationale de la déontologie et des alertes en matière de santé publique et d'environnement","Article 5 de la loi n° 2013-316 du 16 avril 2013",,"0","Mme Sandrine Josso","Membre titulaire","2022-10-21"
"Commission nationale de la déontologie et des alertes en matière de santé publique et d'environnement","Article 5 de la loi n° 2013-316 du 16 avril 2013",,"0","Mme Karine Lebon","Membre titulaire","2024-11-06"
"Comité stratégique de l'Agence du service civique","Article L. 120-2 du code du service national","https://www.service-civique.gouv.fr/page/organisation-de-l-agence-du-service-civique",,"M. Sylvain Waserman","Membre titulaire","2020-11-06"
"Comité stratégique de l'Agence du service civique","Article L. 120-2 du code du service national","https://www.service-civique.gouv.fr/page/organisation-de-l-agence-du-service-civique",,"M. Luc Geismar","Membre titulaire","2022-10-21"
"Comité stratégique de l'Agence du service civique","Article L. 120-2 du code du service national","https://www.service-civique.gouv.fr/page/organisation-de-l-agence-du-service-civique",,"Mme Claude Greff","Membre titulaire","2010-05-31"
"Comité stratégique de l'Agence du service civique","Article L. 120-2 du code du service national","https://www.service-civique.gouv.fr/page/organisation-de-l-agence-du-service-civique",,"M. Guillaume Gouffier Valente","Membre titulaire","2024-11-06"
"Comité stratégique de l'Agence du service civique","Article L. 120-2 du code du service national","https://www.service-civique.gouv.fr/page/organisation-de-l-agence-du-service-civique",,"M. François Cormier-Bouligeon","Membre titulaire","2020-12-08"
"Comité stratégique de l'Agence du service civique","Article L. 120-2 du code du service national","https://www.service-civique.gouv.fr/page/organisation-de-l-agence-du-service-civique",,"Mme Claude Greff","Membre titulaire","2012-10-04"
"Comité stratégique de l'Agence du service civique","Article L. 120-2 du code du service national","https://www.service-civique.gouv.fr/page/organisation-de-l-agence-du-service-civique",,"Mme Caroline Colombier","Membre titulaire","2022-10-21"
"Comité stratégique de l'Agence du service civique","Article L. 120-2 du code du service national","https://www.service-civique.gouv.fr/page/organisation-de-l-agence-du-service-civique",,"M. Gabriel Attal","Membre titulaire","2017-10-09"
"Comité stratégique de l'Agence du service civique","Article L. 120-2 du code du service national","https://www.service-civique.gouv.fr/page/organisation-de-l-agence-du-service-civique",,"M. Bernard Lesterlin","Membre titulaire","2010-05-31"
"Comité stratégique de l'Agence du service civique","Article L. 120-2 du code du service national","https://www.service-civique.gouv.fr/page/organisation-de-l-agence-du-service-civique",,"Mme Martine Froger","Membre titulaire","2024-11-06"
"Comité stratégique de l'Agence du service civique","Article L. 120-2 du code du service national","https://www.service-civique.gouv.fr/page/organisation-de-l-agence-du-service-civique",,"M. Bernard Lesterlin","Membre titulaire","2012-10-04"
"Conseil du service militaire adapté","Article 3 du décret n° 2011-834 du 12 juillet 2011","http://www.le-sma.com/?option=com_content&view=article&id=226&Itemid=143","0","M. Gérard Cherpion","Membre titulaire","2011-12-05"
"Conseil du service militaire adapté","Article 3 du décret n° 2011-834 du 12 juillet 2011","http://www.le-sma.com/?option=com_content&view=article&id=226&Itemid=143","0","Mme Françoise Dumas","Membre titulaire","2017-10-09"
"Conseil du service militaire adapté","Article 3 du décret n° 2011-834 du 12 juillet 2011","http://www.le-sma.com/?option=com_content&view=article&id=226&Itemid=143","0","Mme Chantal Berthelot","Membre titulaire","2015-10-17"
"Conseil du service militaire adapté","Article 3 du décret n° 2011-834 du 12 juillet 2011","http://www.le-sma.com/?option=com_content&view=article&id=226&Itemid=143","0","Mme Chantal Berthelot","Membre titulaire","2012-09-03"
"Conseil d'administration de l'Etablissement public du musée du quai Branly","Article 6 du décret n° 2004-1350 du 9 décembre 2004","http://www.quaibranly.fr/fr/missions-et-fonctionnement/instances-deliberatives-et-consultatives/le-conseil-dadministration/",,"Mme Martine Aurillac","Membre titulaire","2005-01-12"
"Conseil d'administration de l'Etablissement public du musée du quai Branly","Article 6 du décret n° 2004-1350 du 9 décembre 2004","http://www.quaibranly.fr/fr/missions-et-fonctionnement/instances-deliberatives-et-consultatives/le-conseil-dadministration/",,"Mme Martine Aurillac","Membre titulaire","2010-09-10"
"Conseil d'administration de l'Etablissement public du musée du quai Branly","Article 6 du décret n° 2004-1350 du 9 décembre 2004","http://www.quaibranly.fr/fr/missions-et-fonctionnement/instances-deliberatives-et-consultatives/le-conseil-dadministration/",,"Mme Martine Aurillac","Membre titulaire","2007-08-01"
"Conseil d'administration de l'Etablissement public du musée du quai Branly","Article 6 du décret n° 2004-1350 du 9 décembre 2004","http://www.quaibranly.fr/fr/missions-et-fonctionnement/instances-deliberatives-et-consultatives/le-conseil-dadministration/",,"M. Christian Kert","Membre titulaire","2012-10-04"
"Conseil d'administration de l'Etablissement public du musée du quai Branly","Article 6 du décret n° 2004-1350 du 9 décembre 2004","http://www.quaibranly.fr/fr/missions-et-fonctionnement/instances-deliberatives-et-consultatives/le-conseil-dadministration/",,"M. Olivier Faure","Membre titulaire","2017-10-11"
